Name,N_sample,Dim,Size (GB),id,mpts_Iter-0,Time_Iter-0_coresg,Time_Iter-0_hdbscan,ARI_Iter-0,mpts_Iter-1,Time_Iter-1_coresg,Time_Iter-1_hdbscan,ARI_Iter-1,mpts_Iter-2,Time_Iter-2_coresg,Time_Iter-2_hdbscan,ARI_Iter-2,mpts_Iter-3,Time_Iter-3_coresg,Time_Iter-3_hdbscan,ARI_Iter-3
gaussian-5-Overlap,5000.0,10.0,0.0004,1.0,50.0,9.245505094528198,1.075671672821045,0.9984342372113943,32.0,2.129507064819336,1.085827112197876,0.9987803649707712,20.0,2.365034818649292,1.0696394443511963,0.9966504425148645,10.0,2.169090509414673,1.3782663345336914,0.9967101663591382
gaussian-5-Overlap,5000.0,10.0,0.0004,2.0,50.0,8.45106029510498,5.296676635742188,0.9745407032528294,32.0,2.2413854598999023,5.385026931762695,0.984487914275618,20.0,2.4383556842803955,5.737681865692139,0.9922504619800688,10.0,19.96157097816468,1.9118335247039795,0.9977811734304856
gaussian-5-Overlap,5000.0,10.0,0.0004,3.0,50.0,8.05920958518982,1.0704660415649414,0.9969213348037108,32.0,2.1372077465057373,1.0527865886688232,0.9986286834583428,20.0,2.184396743774414,1.0595695972442627,0.9993137391659396,10.0,2.3552498817443848,1.032926082611084,0.999656719115491
gaussian-5-Overlap,5000.0,10.0,0.0004,4.0,50.0,8.055410623550415,1.0881855487823486,0.9813491205421428,32.0,2.1666243076324463,1.0626423358917236,0.9950800857369316,20.0,2.188756465911865,1.044506311416626,0.9971599009059036,10.0,2.3411552906036377,1.054495096206665,0.998091755507314
gaussian-5-Overlap,5000.0,10.0,0.0004,5.0,50.0,8.20868968963623,1.0481958389282229,0.9775925819473034,32.0,2.2032172679901123,1.0276529788970947,0.9844974880761164,20.0,2.171566963195801,1.0383780002593994,0.9829760173940374,10.0,2.419152021408081,1.0453641414642334,0.978056860144975
gaussian-5-Overlap,5000.0,10.0,0.0004,6.0,50.0,8.407996654510498,1.0905582904815674,0.9810187650443388,32.0,2.149243354797364,1.0485823154449463,0.99075936875463,20.0,2.2387752532958984,1.0384154319763184,0.995267104533152,10.0,2.223198890686035,1.061812400817871,0.9980577588555511
gaussian-5-Overlap,5000.0,10.0,0.0004,7.0,50.0,8.236517190933228,1.1345372200012207,0.9936027025538926,32.0,2.215463876724243,1.057239055633545,0.990327649619174,20.0,2.176670789718628,1.0387687683105469,0.9900406810850068,10.0,2.213426113128662,1.0655174255371094,0.9943803410486156
gaussian-5-Overlap,5000.0,10.0,0.0004,8.0,50.0,7.860764503479004,1.1114578247070312,0.987931543922256,32.0,2.206540822982788,1.076958179473877,0.9927470659999432,20.0,2.1276867389678955,1.0785388946533203,0.996800968506052,10.0,2.366072177886963,1.111917495727539,0.9983915105223272
gaussian-5-Overlap,5000.0,10.0,0.0004,9.0,50.0,8.439412117004395,1.1264927387237549,0.9962794876382992,32.0,2.1528446674346924,1.086392879486084,0.9980837299396892,20.0,2.19591760635376,1.0826478004455566,0.9985691236090144,10.0,3.176957845687866,1.2213921546936035,0.9995465303628768
gaussian-5-Overlap,5000.0,10.0,0.0004,10.0,50.0,8.26961636543274,1.07413911819458,0.9997928611652364,32.0,2.1184117794036865,1.0660438537597656,0.9995892306857306,20.0,2.133737325668335,1.061489820480347,0.9989843910946145,10.0,3.4970057010650635,1.07953143119812,0.9993929177556984
gaussian-5-Overlap,5000.0,20.0,0.0008,1.0,50.0,8.66602897644043,1.0734412670135498,0.9997978146096684,32.0,2.2457077503204346,1.082024097442627,0.9997978146096684,20.0,2.28166937828064,2.2601535320281982,1.0,10.0,2.479764223098755,1.1090812683105469,1.0
gaussian-5-Overlap,5000.0,20.0,0.0008,2.0,50.0,8.550984621047974,1.135258436203003,1.0,32.0,2.236029148101806,1.1027913093566897,1.0,20.0,3.6031394004821777,1.1053712368011477,1.0,10.0,2.3081164360046387,1.1297197341918943,1.0
gaussian-5-Overlap,5000.0,20.0,0.0008,3.0,50.0,8.306156158447266,1.1508426666259766,0.99879110078763,32.0,2.1939713954925537,1.0705978870391846,0.9993955198275633,20.0,2.211439847946167,1.045146942138672,1.0,10.0,2.2226295471191406,1.0433268547058103,1.0
gaussian-5-Overlap,5000.0,20.0,0.0008,4.0,50.0,8.764963865280151,1.096829175949097,0.9991948204112752,32.0,2.390931844711304,1.0773582458496094,0.9997980477445784,20.0,2.2771146297454834,1.0677008628845217,0.9997980477445784,10.0,2.74245834350586,1.376150131225586,1.0
gaussian-5-Overlap,5000.0,20.0,0.0008,5.0,50.0,8.428571462631226,1.0777769088745115,1.0,32.0,2.2176458835601807,1.0702402591705322,1.0,20.0,2.276406764984131,1.0679922103881836,1.0,10.0,2.232706308364868,2.192197561264038,1.0
gaussian-5-Overlap,5000.0,20.0,0.0008,6.0,50.0,8.576815843582153,1.0760011672973633,0.996773713354748,32.0,2.2292628288269043,1.058800458908081,0.9971635877014168,20.0,3.714038848876953,1.1521892547607422,0.9968762268675992,10.0,2.3744008541107178,1.068516969680786,0.9969089866457428
gaussian-5-Overlap,5000.0,20.0,0.0008,7.0,50.0,8.701876401901245,1.1814868450164795,1.0,32.0,3.4898221492767334,1.1403322219848633,0.8463197362661783,20.0,2.2638330459594727,1.1199984550476074,0.989799939130827,10.0,2.484304428100586,1.0935008525848389,0.9949672621865824
gaussian-5-Overlap,5000.0,20.0,0.0008,8.0,50.0,8.552870273590088,1.0889911651611328,1.0,32.0,3.5523693561553955,1.101968765258789,1.0,20.0,2.2797319889068604,1.1131839752197266,1.0,10.0,2.47823452949524,1.0890049934387207,1.0
gaussian-5-Overlap,5000.0,20.0,0.0008,9.0,50.0,9.145460844039915,1.0752723217010498,0.9997978429605808,32.0,2.231953382492065,1.0915920734405518,1.0,20.0,2.25832200050354,1.0934228897094729,1.0,10.0,2.4087867736816406,1.195708990097046,1.0
gaussian-5-Overlap,5000.0,20.0,0.0008,10.0,50.0,8.223776578903198,1.1290698051452637,1.0,32.0,2.406602382659912,1.1670098304748535,1.0,20.0,2.9405789375305176,1.3115496635437012,1.0,10.0,3.490595579147339,1.0372934341430664,1.0
gaussian-5-Overlap,5000.0,50.0,0.002,1.0,50.0,9.103438138961792,2.29478406906128,1.0,32.0,2.3117737770080566,1.066399335861206,1.0,20.0,2.5349881649017334,1.078746318817139,1.0,10.0,2.2960360050201416,1.0591917037963867,1.0
gaussian-5-Overlap,5000.0,50.0,0.002,2.0,50.0,10.217143297195436,1.0738329887390137,1.0,32.0,2.3458364009857178,1.0972518920898438,1.0,20.0,2.345669269561768,1.076033115386963,1.0,10.0,2.503577709197998,1.0592103004455566,1.0
gaussian-5-Overlap,5000.0,50.0,0.002,3.0,50.0,10.255261659622192,1.1651887893676758,1.0,32.0,2.3476507663726807,1.0642006397247314,1.0,20.0,2.577617645263672,1.0444743633270264,1.0,10.0,2.318716526031494,1.0537292957305908,1.0
gaussian-5-Overlap,5000.0,50.0,0.002,4.0,50.0,10.633381128311155,1.1660635471343994,1.0,32.0,2.348501682281494,1.1048407554626465,1.0,20.0,2.530427932739258,1.0985336303710938,1.0,10.0,2.315804243087769,1.1070992946624756,1.0
gaussian-5-Overlap,5000.0,50.0,0.002,5.0,50.0,8.811091661453247,1.2033014297485352,1.0,32.0,3.070382833480835,1.3474082946777344,1.0,20.0,3.123463630676269,1.406510829925537,1.0,10.0,2.2653281688690186,1.0695934295654297,1.0
gaussian-5-Overlap,5000.0,50.0,0.002,6.0,50.0,11.209280014038086,1.2257699966430664,1.0,32.0,2.379136323928833,1.134058713912964,1.0,20.0,2.2984540462493896,1.103717803955078,1.0,10.0,2.8272154331207275,1.096135139465332,1.0
gaussian-5-Overlap,5000.0,50.0,0.002,7.0,50.0,9.302438497543337,1.1573736667633057,1.0,32.0,2.3802807331085205,1.1582818031311035,1.0,20.0,2.854452610015869,1.163654327392578,1.0,10.0,2.687653064727783,1.1646621227264404,1.0
gaussian-5-Overlap,5000.0,50.0,0.002,8.0,50.0,9.763548135757446,1.2847404479980469,1.0,32.0,2.3960909843444824,1.122591495513916,1.0,20.0,2.5894317626953125,1.0858356952667236,1.0,10.0,2.3125483989715576,1.0988008975982666,1.0
gaussian-5-Overlap,5000.0,50.0,0.002,9.0,50.0,9.258352994918823,1.106102705001831,1.0,32.0,2.292808532714844,1.1315522193908691,1.0,20.0,2.45759654045105,1.1296625137329102,1.0,10.0,2.563495397567749,1.9410724639892576,1.0
gaussian-5-Overlap,5000.0,50.0,0.002,10.0,50.0,9.541383266448976,1.112067937850952,1.0,32.0,2.277097225189209,1.1098623275756836,1.0,20.0,2.4722213745117188,1.102238655090332,1.0,10.0,2.726201057434082,1.431748867034912,1.0
gaussian-5-Overlap,5000.0,100.0,0.004,1.0,50.0,8.562727928161621,1.0963878631591797,1.0,32.0,2.507734537124634,1.1782097816467283,1.0,20.0,3.089008092880249,1.45965838432312,1.0,10.0,3.4748694896698,1.0645229816436768,1.0
gaussian-5-Overlap,5000.0,100.0,0.004,2.0,50.0,10.230619668960571,1.0975868701934814,1.0,32.0,2.410362482070923,1.109537124633789,1.0,20.0,2.642443418502808,1.0657870769500732,1.0,10.0,2.3908016681671143,1.062635898590088,1.0
gaussian-5-Overlap,5000.0,100.0,0.004,3.0,50.0,8.53853464126587,1.147202730178833,1.0,32.0,2.506967782974243,1.093193531036377,1.0,20.0,2.2858805656433105,1.133986473083496,1.0,10.0,2.294771432876587,1.071251630783081,1.0
gaussian-5-Overlap,5000.0,100.0,0.004,4.0,50.0,9.191461563110352,1.076890468597412,1.0,32.0,2.599649667739868,1.0582540035247805,1.0,20.0,2.5023646354675293,1.0519633293151855,1.0,10.0,2.5973591804504395,1.0577797889709473,1.0
gaussian-5-Overlap,5000.0,100.0,0.004,5.0,50.0,8.769638299942017,1.1485180854797363,1.0,32.0,2.314842700958252,1.0906274318695068,1.0,20.0,2.527575969696045,1.087357997894287,1.0,10.0,2.3336939811706543,1.0898241996765137,1.0
gaussian-5-Overlap,5000.0,100.0,0.004,6.0,50.0,9.72730541229248,1.169482707977295,1.0,32.0,2.4027469158172607,1.084369421005249,1.0,20.0,2.983342409133911,1.0530812740325928,1.0,10.0,2.731984615325928,1.1217865943908691,1.0
gaussian-5-Overlap,5000.0,100.0,0.004,7.0,50.0,8.95447039604187,1.09320330619812,1.0,32.0,2.4815220832824707,1.106954574584961,1.0,20.0,2.389589786529541,1.0974509716033936,1.0,10.0,2.3461661338806152,1.1095795631408691,1.0
gaussian-5-Overlap,5000.0,100.0,0.004,8.0,50.0,8.990286827087402,1.106068134307861,1.0,32.0,2.509110689163208,1.0694873332977295,1.0,20.0,2.38515853881836,1.091858148574829,1.0,10.0,2.368600606918335,1.0785126686096191,1.0
gaussian-5-Overlap,5000.0,100.0,0.004,9.0,50.0,9.628591775894163,1.1380200386047363,1.0,32.0,2.669976234436035,1.089092493057251,1.0,20.0,2.3870303630828857,1.1160271167755127,1.0,10.0,3.059875011444092,1.1583058834075928,1.0
gaussian-5-Overlap,5000.0,100.0,0.004,10.0,50.0,8.830353260040283,1.0895240306854248,1.0,32.0,2.5533392429351807,1.070645809173584,1.0,20.0,2.3677308559417725,1.0572848320007324,1.0,10.0,2.572453022003174,1.0710792541503906,1.0
gaussian-5-Overlap,5000.0,200.0,0.008,1.0,50.0,9.07354497909546,1.1001155376434326,1.0,32.0,2.5598180294036865,1.086108922958374,1.0,20.0,2.3711066246032715,1.1349589824676514,1.0,10.0,2.546582698822021,1.1084494590759275,1.0
gaussian-5-Overlap,5000.0,200.0,0.008,2.0,50.0,8.93456768989563,1.0817668437957764,1.0,32.0,2.489345073699951,1.0714797973632812,1.0,20.0,2.286515951156616,1.1231493949890137,1.0,10.0,2.491249084472656,1.061983346939087,1.0
gaussian-5-Overlap,5000.0,200.0,0.008,3.0,50.0,9.113877296447754,1.0728113651275637,1.0,32.0,2.4979124069213867,1.0547974109649658,1.0,20.0,2.3427610397338867,1.0502989292144775,1.0,10.0,2.5949628353118896,1.0832295417785645,1.0
gaussian-5-Overlap,5000.0,200.0,0.008,4.0,50.0,9.785142183303831,1.1020121574401855,1.0,32.0,2.9416677951812744,1.0868220329284668,1.0,20.0,2.531064987182617,1.099494457244873,1.0,10.0,2.818380355834961,1.0843830108642578,1.0
gaussian-5-Overlap,5000.0,200.0,0.008,5.0,50.0,9.041191577911375,1.1245124340057373,1.0,32.0,2.33831787109375,1.1215174198150637,1.0,20.0,2.630468368530273,1.1034767627716064,1.0,10.0,2.380051374435425,1.0663485527038574,1.0
gaussian-5-Overlap,5000.0,200.0,0.008,6.0,50.0,8.719693899154663,1.106950283050537,1.0,32.0,2.319514036178589,1.0753307342529297,1.0,20.0,2.496974468231201,1.078742504119873,1.0,10.0,2.345420837402344,1.0975079536437988,1.0
gaussian-5-Overlap,5000.0,200.0,0.008,7.0,50.0,10.25552773475647,1.1586339473724363,1.0,32.0,3.0112791061401367,1.1837821006774902,1.0,20.0,2.8388028144836426,1.1877033710479736,1.0,10.0,3.099970817565918,1.2893738746643066,1.0
gaussian-5-Overlap,5000.0,200.0,0.008,8.0,50.0,12.231095552444458,1.2091407775878906,1.0,32.0,2.8873367309570312,1.1763038635253906,1.0,20.0,3.080996036529541,1.185580492019653,1.0,10.0,2.860696792602539,1.1897528171539309,1.0
gaussian-5-Overlap,5000.0,200.0,0.008,9.0,50.0,9.880526781082152,1.2003672122955322,1.0,32.0,3.014251470565796,2.792207956314087,1.0,20.0,2.855997085571289,1.1459367275238037,1.0,10.0,3.042399406433105,1.1413886547088623,1.0
gaussian-5-Overlap,5000.0,200.0,0.008,10.0,50.0,9.70679211616516,1.165356159210205,1.0,32.0,3.052519559860229,1.137150526046753,1.0,20.0,2.805727958679199,1.1367273330688477,1.0,10.0,4.097508907318115,1.173654079437256,1.0
gaussian-5-Overlap,10000.0,10.0,0.0008,1.0,50.0,19.2591199874878,4.358432292938232,1.0,32.0,5.859602451324463,4.046487808227539,1.0,20.0,5.801968812942505,4.029774904251099,1.0,10.0,5.768108129501343,3.983989953994751,1.0
gaussian-5-Overlap,10000.0,10.0,0.0008,2.0,50.0,17.395143032073975,4.69965672492981,0.9996969653618252,32.0,6.492655754089356,3.984264373779297,0.9997979079194134,20.0,5.347203969955444,3.951321840286255,1.0,10.0,5.709684133529663,3.98286771774292,1.0
gaussian-5-Overlap,10000.0,10.0,0.0008,3.0,50.0,17.14051103591919,4.906974792480469,0.9839447981711508,32.0,5.535551071166992,3.9019720554351807,0.9960699729330028,20.0,5.488070726394653,3.878523349761963,0.9944065870933456,10.0,5.802685260772705,3.815773010253906,0.984063993737094
gaussian-5-Overlap,10000.0,10.0,0.0008,4.0,50.0,17.566532850265503,4.030239820480347,0.9998989435447302,32.0,6.953216552734375,3.989192962646485,1.0,20.0,5.7363715171813965,3.914578914642334,1.0,10.0,6.075246572494507,3.929311513900757,1.0
gaussian-5-Overlap,10000.0,10.0,0.0008,5.0,50.0,17.876415491104126,3.812372922897339,0.9969790577984357,32.0,5.579695224761963,4.081919193267822,0.9959766304707444,20.0,5.786137819290161,4.215435028076172,0.9961531653733764,10.0,5.856314420700073,4.013345241546631,0.9932788327785824
gaussian-5-Overlap,10000.0,10.0,0.0008,6.0,50.0,18.839886903762817,4.217530488967896,0.9960568851212506,32.0,6.006222248077393,4.123409748077393,0.9982844904727476,20.0,6.034794092178345,4.0280921459198,0.9989705419915588,10.0,6.466798543930054,4.028076648712158,0.9996568209068322
gaussian-5-Overlap,10000.0,10.0,0.0008,7.0,50.0,19.96697187423706,4.011668205261231,0.9989901552505862,32.0,5.93018913269043,4.051689624786377,0.999394720622118,20.0,6.521259784698486,4.040628433227539,0.9998990082099776,10.0,6.382568597793579,4.382306814193726,1.0
gaussian-5-Overlap,10000.0,10.0,0.0008,8.0,50.0,19.748931169509888,4.269564390182495,0.989916918238784,32.0,6.147102355957031,4.147270679473877,0.994580157342126,20.0,6.71220326423645,4.170205116271973,0.9971057565382122,10.0,6.77889609336853,4.415189027786255,0.9992953353656084
gaussian-5-Overlap,10000.0,10.0,0.0008,9.0,50.0,18.849852561950684,4.035295248031616,0.9977840746785336,32.0,5.971892595291138,4.107192993164063,0.999059195249145,20.0,6.149172782897949,4.105683326721191,0.9997429237616964,10.0,6.645156383514404,4.199582099914551,1.0
gaussian-5-Overlap,10000.0,10.0,0.0008,10.0,50.0,16.619107484817505,3.8982338905334473,0.9993139293712396,32.0,5.133625745773315,4.03019642829895,0.827288808906356,20.0,5.135169506072998,3.951040744781494,0.8342204727710045,10.0,5.426207304000855,4.204846620559692,0.8369860611725427
gaussian-5-Overlap,10000.0,20.0,0.0016,1.0,50.0,17.81321692466736,3.956832408905029,1.0,32.0,5.408013105392456,3.94206166267395,1.0,20.0,5.602883577346802,3.882781505584717,1.0,10.0,5.684921503067017,4.183216333389282,1.0
gaussian-5-Overlap,10000.0,20.0,0.0016,2.0,50.0,17.170761823654175,3.8589529991149902,1.0,32.0,5.294048309326172,3.8774573802948,1.0,20.0,5.619075536727905,3.825633049011232,1.0,10.0,5.631126642227173,3.850815296173096,1.0
gaussian-5-Overlap,10000.0,20.0,0.0016,3.0,50.0,18.25921106338501,3.967994213104248,1.0,32.0,5.277023077011108,3.9499688148498535,1.0,20.0,5.576118469238281,4.0519750118255615,1.0,10.0,5.561068773269653,4.311859607696533,1.0
gaussian-5-Overlap,10000.0,20.0,0.0016,4.0,50.0,17.680384159088135,3.9792072772979736,0.99969734370399,32.0,5.250656366348267,3.922734260559082,0.9998990051215768,20.0,5.508878231048584,3.888930797576904,0.9998990051215768,10.0,5.520067930221558,3.912722826004028,1.0
gaussian-5-Overlap,10000.0,20.0,0.0016,5.0,50.0,17.439278841018677,3.885266542434693,0.9993953030734192,32.0,5.182278394699097,3.917701244354248,0.9998989434946528,20.0,5.637368679046631,4.105560302734375,0.9998989434946528,10.0,5.24899959564209,3.870718002319336,1.0
gaussian-5-Overlap,10000.0,20.0,0.0016,6.0,50.0,17.62926459312439,3.8330078125,0.9985874466550846,32.0,5.099674701690674,4.111775636672974,0.9988896719732454,20.0,5.464091777801514,3.9278550148010254,0.9997978978490762,10.0,5.564413547515869,3.91549015045166,0.9998990155295114
gaussian-5-Overlap,10000.0,20.0,0.0016,7.0,50.0,17.487335920333862,3.8064284324646,1.0,32.0,5.157454967498779,3.880203008651733,1.0,20.0,5.405687808990479,3.7543225288391113,1.0,10.0,5.187556505203247,3.818284034729004,1.0
gaussian-5-Overlap,10000.0,20.0,0.0016,8.0,50.0,16.968587398529053,3.895564556121826,0.9995960728231594,32.0,5.1596519947052,4.172857046127319,0.9997981208336892,20.0,5.399394989013672,3.824283838272095,0.9998990057006732,10.0,5.790095090866089,3.836894273757935,1.0
gaussian-5-Overlap,10000.0,20.0,0.0016,9.0,50.0,16.92975354194641,4.334375143051148,1.0,32.0,5.086244106292725,4.066549301147461,1.0,20.0,5.209392070770264,4.176139831542969,1.0,10.0,5.52583646774292,3.997464656829834,1.0
gaussian-5-Overlap,10000.0,20.0,0.0016,10.0,50.0,17.50644612312317,3.86616563796997,0.9997981176749808,32.0,5.172892808914185,3.850839614868164,0.999899004120646,20.0,5.478973865509033,3.893120765686035,0.999899004120646,10.0,5.9090235233306885,3.9679884910583496,1.0
gaussian-5-Overlap,10000.0,50.0,0.004,1.0,50.0,17.98784875869751,4.4302122592926025,1.0,32.0,5.557984352111816,4.044236660003662,1.0,20.0,5.9945690631866455,4.264979600906372,1.0,10.0,5.980593681335449,3.9802095890045166,1.0
gaussian-5-Overlap,10000.0,50.0,0.004,2.0,50.0,19.014175176620483,3.947645425796509,1.0,32.0,5.8409388065338135,4.020785093307495,1.0,20.0,5.945455312728882,4.039095163345337,1.0,10.0,5.979573011398315,3.919651746749878,1.0
gaussian-5-Overlap,10000.0,50.0,0.004,3.0,50.0,18.0955491065979,4.028669834136963,1.0,32.0,5.507324934005737,3.964542388916016,1.0,20.0,5.672600507736206,3.895830392837525,1.0,10.0,5.868420600891113,4.312831163406372,1.0
gaussian-5-Overlap,10000.0,50.0,0.004,4.0,50.0,18.69111466407776,3.8650288581848153,1.0,32.0,5.414248704910278,4.187077760696411,1.0,20.0,6.000658512115479,3.913160800933838,1.0,10.0,5.60943341255188,4.11011528968811,1.0
gaussian-5-Overlap,10000.0,50.0,0.004,5.0,50.0,18.35090947151184,3.8867650032043457,1.0,32.0,5.919846057891846,3.98269248008728,1.0,20.0,5.805736541748047,3.912299394607544,1.0,10.0,5.795632362365723,3.9992501735687256,1.0
gaussian-5-Overlap,10000.0,50.0,0.004,6.0,50.0,18.74858903884888,3.960859775543213,1.0,32.0,5.781050443649292,3.941622257232666,1.0,20.0,5.834264039993286,3.891557693481445,1.0,10.0,5.8838951587677,3.869171619415283,1.0
gaussian-5-Overlap,10000.0,50.0,0.004,7.0,50.0,17.414072275161743,3.761521816253662,1.0,32.0,5.610703468322754,3.8630120754241934,1.0,20.0,5.54241156578064,3.815338134765625,1.0,10.0,6.290250778198242,4.038278341293335,1.0
gaussian-5-Overlap,10000.0,50.0,0.004,8.0,50.0,18.080525398254395,4.0890793800354,1.0,32.0,5.647474765777588,3.8637752532958975,1.0,20.0,5.789144515991211,4.289161682128906,1.0,10.0,5.77095890045166,3.8756263256073,1.0
gaussian-5-Overlap,10000.0,50.0,0.004,9.0,50.0,18.730633020401,3.9091179370880127,1.0,32.0,5.631939172744751,4.316296100616455,1.0,20.0,5.940494537353516,3.76877236366272,1.0,10.0,5.793935060501099,3.9061458110809326,1.0
gaussian-5-Overlap,10000.0,50.0,0.004,10.0,50.0,20.09247612953186,4.115036725997925,1.0,32.0,5.829730272293091,4.337616920471191,1.0,20.0,7.644450664520264,4.234338760375977,1.0,10.0,7.401141405105591,4.269392013549805,1.0
gaussian-5-Overlap,10000.0,100.0,0.008,1.0,50.0,21.501893997192383,4.0426788330078125,1.0,32.0,6.759489059448242,3.872371196746826,1.0,20.0,7.067863702774048,4.19137978553772,1.0,10.0,7.403611898422241,4.021778106689453,1.0
gaussian-5-Overlap,10000.0,100.0,0.008,2.0,50.0,20.9685537815094,4.2461371421813965,1.0,32.0,6.387176036834717,4.645789623260498,1.0,20.0,6.478341102600098,4.284978866577148,1.0,10.0,6.560308456420898,4.344357490539551,1.0
gaussian-5-Overlap,10000.0,100.0,0.008,3.0,50.0,20.788551092147827,4.325615406036377,1.0,32.0,6.483603477478027,4.48960018157959,1.0,20.0,6.568092346191406,4.322592258453369,1.0,10.0,6.791630506515503,4.290027618408203,1.0
gaussian-5-Overlap,10000.0,100.0,0.008,4.0,50.0,19.294872283935547,3.82076096534729,1.0,32.0,5.756579399108887,4.058468818664551,1.0,20.0,6.026099443435669,3.793410062789917,1.0,10.0,6.3254759311676025,3.869709014892578,1.0
gaussian-5-Overlap,10000.0,100.0,0.008,5.0,50.0,19.73159170150757,4.258907079696655,1.0,32.0,5.873250246047974,3.703104496002197,1.0,20.0,5.954208612442017,4.194063425064087,1.0,10.0,6.473155498504639,3.987597942352295,1.0
gaussian-5-Overlap,10000.0,100.0,0.008,6.0,50.0,19.28665018081665,3.84342885017395,1.0,32.0,5.959188222885132,3.864339590072632,1.0,20.0,5.975925445556641,3.8885111808776855,1.0,10.0,6.03438925743103,4.538367748260498,1.0
gaussian-5-Overlap,10000.0,100.0,0.008,7.0,50.0,18.596261501312256,4.168620586395264,1.0,32.0,5.777547836303711,3.89145827293396,1.0,20.0,6.154524803161621,3.893700361251831,1.0,10.0,5.852001428604126,3.93455171585083,1.0
gaussian-5-Overlap,10000.0,100.0,0.008,8.0,50.0,18.939612865448,4.18001127243042,1.0,32.0,5.847483158111572,3.899610757827759,1.0,20.0,5.888747215270996,4.108118534088135,1.0,10.0,6.012186288833618,3.946176290512085,1.0
gaussian-5-Overlap,10000.0,100.0,0.008,9.0,50.0,19.17339444160461,3.8954086303710938,1.0,32.0,6.450038433074951,4.0818030834198,1.0,20.0,5.97542667388916,3.886737585067749,1.0,10.0,6.038272857666016,3.9182090759277344,1.0
gaussian-5-Overlap,10000.0,100.0,0.008,10.0,50.0,19.34832096099853,4.279841184616089,1.0,32.0,6.189849138259888,4.050334692001343,1.0,20.0,6.065948247909546,4.162031173706055,1.0,10.0,5.955219268798828,4.109895706176758,1.0
gaussian-5-Overlap,10000.0,200.0,0.016,1.0,50.0,18.936002254486084,3.868997097015381,1.0,32.0,5.799530506134033,4.211615085601807,1.0,20.0,5.919426679611206,3.944502830505371,1.0,10.0,6.521603584289551,4.164714336395264,1.0
gaussian-5-Overlap,10000.0,200.0,0.016,2.0,50.0,19.680209636688232,4.368294715881348,1.0,32.0,5.930557012557983,4.031144857406616,1.0,20.0,6.154630661010742,3.959396362304688,1.0,10.0,6.258774280548096,3.853513479232788,1.0
gaussian-5-Overlap,10000.0,200.0,0.016,3.0,50.0,19.769773244857788,4.173202753067017,1.0,32.0,5.732664346694946,4.147215366363525,1.0,20.0,5.826419115066528,4.155298709869385,1.0,10.0,5.859882831573486,4.185184001922607,1.0
gaussian-5-Overlap,10000.0,200.0,0.016,4.0,50.0,18.920433521270752,3.989077568054199,1.0,32.0,6.109301328659058,3.947498083114624,1.0,20.0,5.976994276046753,3.9620964527130127,1.0,10.0,5.92507529258728,3.945697069168091,1.0
gaussian-5-Overlap,10000.0,200.0,0.016,5.0,50.0,19.011927604675293,3.80481481552124,1.0,32.0,5.87068510055542,3.778686046600342,1.0,20.0,5.991352081298828,3.752004384994507,1.0,10.0,5.946636438369751,3.933079957962036,1.0
gaussian-5-Overlap,10000.0,200.0,0.016,6.0,50.0,19.65212607383728,4.123909950256348,1.0,32.0,5.950379371643066,4.085000991821289,1.0,20.0,6.099719047546387,3.943329334259033,1.0,10.0,5.982347011566162,4.76797890663147,1.0
gaussian-5-Overlap,10000.0,200.0,0.016,7.0,50.0,19.853865146636963,3.9963202476501465,1.0,32.0,6.143994569778442,3.920767307281494,1.0,20.0,5.899042844772339,4.1652820110321045,1.0,10.0,5.936964750289917,3.9715495109558105,1.0
gaussian-5-Overlap,10000.0,200.0,0.016,8.0,50.0,19.11532950401306,4.099850177764893,1.0,32.0,6.858920097351074,3.888595104217529,1.0,20.0,5.853128671646118,3.902920007705689,1.0,10.0,5.955827713012695,4.179080963134766,1.0
gaussian-5-Overlap,10000.0,200.0,0.016,9.0,50.0,20.18238854408264,3.942156791687012,1.0,32.0,6.031641483306885,4.545565843582153,1.0,20.0,5.9141600131988525,3.87576961517334,1.0,10.0,5.9554057121276855,3.8954803943634033,1.0
gaussian-5-Overlap,10000.0,200.0,0.016,10.0,50.0,20.10844087600708,4.303603887557983,1.0,32.0,5.8498358726501465,3.9466938972473145,1.0,20.0,6.357726573944092,3.932379722595215,1.0,10.0,5.996556520462036,3.942650318145752,1.0
gaussian-5-Overlap,15000.0,10.0,0.0012,1.0,50.0,26.467278003692627,8.504028081893921,0.9904222602775408,32.0,8.485803365707397,8.892420768737793,0.9953893591138868,20.0,8.464647769927979,8.890088081359863,0.9983873040804828,10.0,9.033486127853394,8.778634309768677,0.9994619067481418
gaussian-5-Overlap,15000.0,10.0,0.0012,2.0,50.0,25.66911220550537,8.396199941635132,0.7909464192153202,32.0,8.139425992965698,8.573787927627563,0.7931774470325902,20.0,8.166504621505737,9.20632553100586,0.9863014816889872,10.0,8.14918828010559,8.684662580490112,0.9940370278429466
gaussian-5-Overlap,15000.0,10.0,0.0012,3.0,50.0,24.669606685638428,9.200565099716188,0.996858758986375,32.0,8.238542556762695,8.400658130645752,0.9964916301346068,20.0,8.610393524169922,8.790467023849487,0.9966873800920596,10.0,9.3450186252594,8.360503196716309,0.9938490084277812
gaussian-5-Overlap,15000.0,10.0,0.0012,4.0,50.0,25.279436826705933,8.47130274772644,0.978797753899704,32.0,8.994764804840088,8.752041101455688,0.8281403827847837,20.0,8.160969972610474,8.530746459960938,0.8358782734260154,10.0,8.992018461227417,8.547053098678589,0.8374417714055992
gaussian-5-Overlap,15000.0,10.0,0.0012,5.0,50.0,26.45553994178772,8.601563692092896,0.9990417490006488,32.0,8.27993893623352,8.540292024612427,0.9990650240597096,20.0,10.075599670410156,8.482353448867798,0.9945773542917858,10.0,8.08623456954956,8.539676666259766,0.9983625579090586
gaussian-5-Overlap,15000.0,10.0,0.0012,6.0,50.0,25.132806301116943,9.239689826965332,0.9961730140524774,32.0,8.753451347351074,8.44367265701294,0.9977139923705762,20.0,8.33995795249939,9.448522090911863,0.9991922919021804,10.0,8.72583556175232,8.815856695175171,0.9997305247375612
gaussian-5-Overlap,15000.0,10.0,0.0012,7.0,50.0,25.009698629379272,8.693173885345459,0.9923255822981402,32.0,8.187821865081787,9.574082374572754,0.9976750902522696,20.0,8.242310762405396,8.493792533874512,0.9978271280721256,10.0,8.619753122329712,9.122079610824583,0.9958914222191488
gaussian-5-Overlap,15000.0,10.0,0.0012,8.0,50.0,25.3833920955658,8.441138982772827,1.0,32.0,8.210235357284546,8.39077639579773,1.0,20.0,8.869482040405273,8.406694173812866,1.0,10.0,8.887701034545898,8.386555433273315,1.0
gaussian-5-Overlap,15000.0,10.0,0.0012,9.0,50.0,24.59892249107361,8.374181032180786,0.9995451500258516,32.0,8.154572486877441,8.428566455841064,0.998502490284148,20.0,8.313158512115479,8.469856023788452,0.999264092251892,10.0,9.133474349975586,8.262110710144043,0.9983160242909628
gaussian-5-Overlap,15000.0,10.0,0.0012,10.0,50.0,23.970027685165405,8.301193475723267,1.0,32.0,8.121111631393433,8.416027307510376,1.0,20.0,8.651962041854858,8.363975763320923,1.0,10.0,8.298304557800293,8.455591917037964,1.0
gaussian-5-Overlap,15000.0,20.0,0.0024,1.0,50.0,26.40524315834045,8.403794765472412,1.0,32.0,8.639304399490356,8.411441087722778,1.0,20.0,9.048174142837524,8.406177043914795,1.0,10.0,9.727962970733644,8.548980712890625,1.0
gaussian-5-Overlap,15000.0,20.0,0.0024,2.0,50.0,26.374852418899536,8.33979058265686,1.0,32.0,8.8008713722229,8.369611978530884,1.0,20.0,9.491876602172852,8.426469087600708,1.0,10.0,9.504584550857544,8.394288301467896,1.0
gaussian-5-Overlap,15000.0,20.0,0.0024,3.0,50.0,28.4712941646576,8.403332233428955,0.9970761011712144,32.0,8.926166534423828,8.414045572280884,0.9987271227162088,20.0,9.675509691238403,8.503684759140015,0.9997306870926004,10.0,9.576385974884031,8.45825481414795,0.9998653515212584
gaussian-5-Overlap,15000.0,20.0,0.0024,4.0,50.0,27.35309147834778,8.41021728515625,1.0,32.0,8.64506196975708,8.434427738189697,1.0,20.0,9.262099266052246,8.433436393737793,1.0,10.0,9.296247005462646,8.416240692138672,1.0
gaussian-5-Overlap,15000.0,20.0,0.0024,5.0,50.0,25.3940646648407,8.34421420097351,0.9988615173266532,32.0,8.925426483154297,8.237637042999268,0.9994624899217528,20.0,9.014779567718506,8.365772724151611,0.9997308557057174,10.0,9.143146753311155,8.344024896621704,1.0
gaussian-5-Overlap,15000.0,20.0,0.0024,6.0,50.0,26.34907865524292,8.46456503868103,1.0,32.0,9.06290602684021,8.475735902786255,1.0,20.0,9.400919198989868,8.453813791275024,1.0,10.0,9.43412733078003,8.508144617080688,1.0
gaussian-5-Overlap,15000.0,20.0,0.0024,7.0,50.0,26.325214624404907,8.299864530563354,1.0,32.0,8.51892352104187,8.27639102935791,1.0,20.0,9.332040786743164,8.30520749092102,1.0,10.0,9.360570192337036,8.393279552459717,1.0
gaussian-5-Overlap,15000.0,20.0,0.0024,8.0,50.0,26.63356876373291,8.5221107006073,1.0,32.0,8.668927192687988,8.688462257385254,1.0,20.0,9.42371416091919,8.367511510848999,1.0,10.0,9.42883586883545,8.675335168838501,1.0
gaussian-5-Overlap,15000.0,20.0,0.0024,9.0,50.0,27.001904487609863,8.36696195602417,1.0,32.0,8.853766679763794,8.454509973526001,1.0,20.0,9.535767555236816,8.448461294174194,1.0,10.0,9.640741348266602,8.506264686584473,1.0
gaussian-5-Overlap,15000.0,20.0,0.0024,10.0,50.0,26.61875557899475,8.228301048278809,1.0,32.0,8.645548343658447,8.390060901641846,1.0,20.0,9.46918773651123,8.249403238296509,1.0,10.0,9.375645399093628,8.550562381744385,1.0
gaussian-5-Overlap,15000.0,50.0,0.006,1.0,50.0,27.596635818481445,8.3104088306427,1.0,32.0,9.37773585319519,8.306257724761963,1.0,20.0,9.394302129745483,8.399150848388672,1.0,10.0,9.347834825515749,8.381377220153809,1.0
gaussian-5-Overlap,15000.0,50.0,0.006,2.0,50.0,27.0183789730072,8.248116731643677,1.0,32.0,9.789705991744995,8.303887128829956,1.0,20.0,9.345346212387083,8.284847021102905,1.0,10.0,9.46106243133545,8.272200584411621,1.0
gaussian-5-Overlap,15000.0,50.0,0.006,3.0,50.0,28.62049460411072,8.476745128631592,1.0,32.0,9.566289901733398,8.52245569229126,1.0,20.0,9.871063232421877,8.517818689346313,1.0,10.0,9.782371282577516,8.48120641708374,1.0
gaussian-5-Overlap,15000.0,50.0,0.006,4.0,50.0,27.459449768066406,8.390058040618896,1.0,32.0,9.348907470703123,8.32693600654602,1.0,20.0,9.312339782714844,8.299104452133179,1.0,10.0,9.50228500366211,8.28267216682434,1.0
gaussian-5-Overlap,15000.0,50.0,0.006,5.0,50.0,28.224682331085205,8.389443397521973,1.0,32.0,9.398158550262451,8.432604312896729,1.0,20.0,9.832366466522217,8.397356986999512,1.0,10.0,9.766785860061646,8.410247087478638,1.0
gaussian-5-Overlap,15000.0,50.0,0.006,6.0,50.0,28.27917718887329,8.195163011550903,1.0,32.0,9.413866758346558,8.253557682037354,1.0,20.0,9.436007738113403,8.198431015014648,1.0,10.0,9.64470672607422,8.18623423576355,1.0
gaussian-5-Overlap,15000.0,50.0,0.006,7.0,50.0,29.512348413467407,8.350071430206299,1.0,32.0,9.525027751922607,8.29519772529602,1.0,20.0,9.38056492805481,8.266207695007324,1.0,10.0,9.31853985786438,8.282172441482544,1.0
gaussian-5-Overlap,15000.0,50.0,0.006,8.0,50.0,31.5131356716156,9.276236057281494,1.0,32.0,10.348291635513306,9.230660676956177,1.0,20.0,10.466170072555542,9.185360431671144,1.0,10.0,10.80083155632019,9.22428584098816,1.0
gaussian-5-Overlap,15000.0,50.0,0.006,9.0,50.0,27.71851420402527,8.449936866760254,1.0,32.0,9.453620433807371,8.400801420211792,1.0,20.0,9.881455421447754,8.403730154037476,1.0,10.0,9.457886695861816,8.44745922088623,1.0
gaussian-5-Overlap,15000.0,50.0,0.006,10.0,50.0,28.27880477905273,8.387396574020386,1.0,32.0,9.49981951713562,8.41666030883789,1.0,20.0,9.955997705459597,8.395605325698853,1.0,10.0,9.726826667785645,8.35629916191101,1.0
gaussian-5-Overlap,15000.0,100.0,0.012,1.0,50.0,28.00102996826172,8.273013830184937,1.0,32.0,9.390411138534546,8.243121862411499,1.0,20.0,9.86282467842102,8.339683294296265,1.0,10.0,9.441789627075195,8.352779388427734,1.0
gaussian-5-Overlap,15000.0,100.0,0.012,2.0,50.0,28.19473433494568,8.578665733337402,1.0,32.0,9.554930925369264,8.548039674758911,1.0,20.0,9.491351127624512,8.559606313705444,1.0,10.0,9.906405925750732,8.568991422653198,1.0
gaussian-5-Overlap,15000.0,100.0,0.012,3.0,50.0,28.30417370796204,8.868125438690186,1.0,32.0,9.365549325942991,8.935642957687378,1.0,20.0,9.382162809371948,8.856243371963501,1.0,10.0,9.881319284439089,8.874072074890137,1.0
gaussian-5-Overlap,15000.0,100.0,0.012,4.0,50.0,28.45333504676819,8.303237676620483,1.0,32.0,9.777913570404053,8.494178056716919,1.0,20.0,9.562764883041382,8.43587040901184,1.0,10.0,9.531019926071169,8.491909265518188,1.0
gaussian-5-Overlap,15000.0,100.0,0.012,5.0,50.0,29.112356424331665,8.26272201538086,1.0,32.0,9.511545419692991,8.217462062835693,1.0,20.0,9.92650866508484,8.256969928741455,1.0,10.0,9.473621129989624,8.27488899230957,1.0
gaussian-5-Overlap,15000.0,100.0,0.012,6.0,50.0,28.12907648086548,8.393590688705444,1.0,32.0,9.873045921325684,8.345086336135864,1.0,20.0,9.44107174873352,8.343538999557495,1.0,10.0,10.002029657363892,8.345163583755493,1.0
gaussian-5-Overlap,15000.0,100.0,0.012,7.0,50.0,30.32620739936829,8.482341766357422,1.0,32.0,9.771766662597656,8.42728590965271,1.0,20.0,9.816866159439089,8.503234148025513,1.0,10.0,9.445937395095823,8.584800004959106,1.0
gaussian-5-Overlap,15000.0,100.0,0.012,8.0,50.0,28.99365782737732,8.364551305770874,1.0,32.0,9.945851564407349,8.365983009338379,1.0,20.0,9.672370910644531,8.321693181991577,1.0,10.0,9.569257020950316,8.360352277755737,1.0
gaussian-5-Overlap,15000.0,100.0,0.012,9.0,50.0,28.44748544692993,8.329126596450806,1.0,32.0,9.598395824432371,8.382153749465942,1.0,20.0,9.579607486724854,8.418813943862915,1.0,10.0,10.091086149215698,8.408982992172241,1.0
gaussian-5-Overlap,15000.0,100.0,0.012,10.0,50.0,30.104714155197144,8.63120985031128,1.0,32.0,9.700735092163086,8.406936883926392,1.0,20.0,9.804423570632936,8.580811262130737,1.0,10.0,9.81367540359497,8.472780227661133,1.0
gaussian-5-Overlap,15000.0,200.0,0.024,1.0,50.0,29.920626878738403,8.547157287597656,1.0,32.0,9.98780632019043,8.440298795700073,1.0,20.0,9.43815851211548,8.451484203338623,1.0,10.0,10.027139663696287,8.512040615081787,1.0
gaussian-5-Overlap,15000.0,200.0,0.024,2.0,50.0,39.424845695495605,9.26802372932434,1.0,32.0,12.060312747955322,9.256641626358032,1.0,20.0,11.688527822494509,9.223955631256104,1.0,10.0,11.836002826690674,9.273393869400024,1.0
gaussian-5-Overlap,15000.0,200.0,0.024,3.0,50.0,33.7781765460968,9.282487630844116,0.6896524772443718,32.0,9.816566944122314,9.5737624168396,0.6896524772443718,20.0,10.378398418426514,8.883665084838867,0.6896524772443718,10.0,9.935871362686155,8.703392505645752,0.6896524772443718
gaussian-5-Overlap,15000.0,200.0,0.024,4.0,50.0,30.39296531677246,8.884445190429688,1.0,32.0,9.720646142959597,8.54848599433899,1.0,20.0,10.032767057418823,8.631934404373169,1.0,10.0,9.662445545196531,8.518296241760254,1.0
gaussian-5-Overlap,15000.0,200.0,0.024,5.0,50.0,30.321557760238647,8.542344093322754,1.0,32.0,9.557981729507446,8.568482637405396,1.0,20.0,9.641621828079224,8.545822620391846,1.0,10.0,10.0520179271698,8.526259899139404,1.0
gaussian-5-Overlap,15000.0,200.0,0.024,6.0,50.0,30.490790843963623,8.568349838256836,1.0,32.0,9.68350601196289,8.576350450515747,1.0,20.0,10.022382497787476,8.570785284042358,1.0,10.0,10.081699132919312,8.557891130447388,1.0
gaussian-5-Overlap,15000.0,200.0,0.024,7.0,50.0,31.15858030319214,8.436217069625854,1.0,32.0,9.43125057220459,8.429105520248413,1.0,20.0,9.578643560409546,8.429085731506348,1.0,10.0,9.98625135421753,8.566787719726562,1.0
gaussian-5-Overlap,15000.0,200.0,0.024,8.0,50.0,30.7245934009552,8.464216709136963,1.0,32.0,9.420913696289062,8.455604553222656,1.0,20.0,9.829954624176024,8.472978115081787,1.0,10.0,9.483524799346924,8.492229700088501,1.0
gaussian-5-Overlap,15000.0,200.0,0.024,9.0,50.0,30.398555755615234,8.4663987159729,1.0,32.0,9.51990294456482,8.48201322555542,1.0,20.0,9.58914065361023,8.520540237426758,1.0,10.0,10.06333351135254,8.517629146575928,1.0
gaussian-5-Overlap,15000.0,200.0,0.024,10.0,50.0,32.15375089645386,8.563685178756714,1.0,32.0,9.794538497924805,8.607338190078735,1.0,20.0,9.833828449249268,8.635083436965942,1.0,10.0,10.379582405090332,8.63869333267212,1.0
gaussian-5-Overlap,20000.0,10.0,0.0016,1.0,50.0,38.48079228401184,17.100102186203003,0.7861525780928421,32.0,14.002065658569336,16.860791206359863,0.7994552651979131,20.0,13.71602463722229,17.038031816482544,0.9965886928954228,10.0,14.573986053466797,16.968799114227295,0.9969957193984345
gaussian-5-Overlap,20000.0,10.0,0.0016,2.0,50.0,36.22426199913025,15.604230403900146,0.9847762839437172,32.0,11.598154544830322,15.678112506866457,0.9917060287620356,20.0,12.037831783294678,15.762045621871948,0.995970290397417,10.0,12.64864706993103,15.66547966003418,0.9985291837484066
gaussian-5-Overlap,20000.0,10.0,0.0016,3.0,50.0,36.126301765441895,15.028753280639648,0.989908081632698,32.0,12.273989915847778,14.96060585975647,0.9941722309268896,20.0,12.01718020439148,14.966125249862673,0.9970422067521194,10.0,12.568260669708252,14.93710994720459,0.998842226352122
gaussian-5-Overlap,20000.0,10.0,0.0016,4.0,50.0,39.50591540336609,16.36755061149597,0.9975197984116192,32.0,14.172174453735352,16.16788625717163,0.9988006802926856,20.0,14.472026348114014,16.078651428222656,0.999656960792506,10.0,15.24562954902649,16.219321727752686,0.9998284427961384
gaussian-5-Overlap,20000.0,10.0,0.0016,5.0,50.0,33.96935200691223,14.619626522064207,0.9990658499804356,32.0,12.675734519958496,14.617226839065552,0.9985764548666128,20.0,12.591010093688965,15.130975723266602,0.9982506524452548,10.0,13.04366970062256,14.798391580581663,0.998396496913276
gaussian-5-Overlap,20000.0,10.0,0.0016,6.0,50.0,33.94356417655945,14.509264945983888,0.9980113085453332,32.0,11.767255783081056,16.6803936958313,0.9988950578311652,20.0,15.78887677192688,15.253473997116089,0.9983800487767462,10.0,14.221131563186646,15.683281660079956,0.9970759042446
gaussian-5-Overlap,20000.0,10.0,0.0016,7.0,50.0,33.58430075645447,16.048595190048218,0.9989240450861068,32.0,11.986903667449951,14.722165584564207,0.9992082426831568,20.0,12.16627025604248,14.70721983909607,0.998596409366854,10.0,12.59978699684143,14.862961292266846,0.99785663519375
gaussian-5-Overlap,20000.0,10.0,0.0016,8.0,50.0,34.09823441505432,14.703088760375977,0.9921874832873274,32.0,11.222188472747805,14.610536098480225,0.9976804239615152,20.0,12.458712816238403,14.660511255264282,0.9995854412843492,10.0,12.747061014175417,14.769363164901732,0.9995301189975316
gaussian-5-Overlap,20000.0,10.0,0.0016,9.0,50.0,34.53184223175049,14.68584418296814,0.9970722284362348,32.0,11.812185287475586,14.71025538444519,0.9982634294234124,20.0,12.141652345657349,14.818642139434814,0.9977471164221244,10.0,12.246824741363524,14.816139698028564,0.9968006521228836
gaussian-5-Overlap,20000.0,10.0,0.0016,10.0,50.0,33.77692484855652,14.73454451560974,0.8220574623242658,32.0,11.83177638053894,14.690111875534058,0.8299142662081452,20.0,12.35889220237732,14.749996900558472,0.8369997725782967,10.0,13.038217782974243,14.780487537384031,0.8365931881461749
gaussian-5-Overlap,20000.0,20.0,0.0032,1.0,50.0,36.20983648300171,14.757309198379517,0.9999494854135824,32.0,13.19962739944458,14.888737201690674,1.0,20.0,13.431522846221924,14.828861713409424,1.0,10.0,13.700185537338257,14.823894262313845,1.0
gaussian-5-Overlap,20000.0,20.0,0.0032,2.0,50.0,38.18225717544556,14.380146026611328,0.8466067515224309,32.0,13.58276653289795,14.49254870414734,0.8466067515224309,20.0,13.606614112854004,14.493756532669067,0.8466067515224309,10.0,13.908036708831789,14.501563549041748,0.8466067515224309
gaussian-5-Overlap,20000.0,20.0,0.0032,3.0,50.0,37.86013102531433,14.76391887664795,1.0,32.0,13.1441547870636,14.740126132965088,1.0,20.0,13.506473541259766,14.741194486618042,1.0,10.0,13.59082531929016,14.71930480003357,1.0
gaussian-5-Overlap,20000.0,20.0,0.0032,4.0,50.0,36.13281440734863,15.547586917877195,1.0,32.0,12.80785059928894,15.669172048568726,1.0,20.0,13.090193510055542,15.584979772567747,1.0,10.0,13.405486583709717,15.614195108413696,1.0
gaussian-5-Overlap,20000.0,20.0,0.0032,5.0,50.0,35.38484048843384,15.19541335105896,1.0,32.0,12.220667123794556,15.19002366065979,1.0,20.0,12.702565908432009,15.286580324172974,1.0,10.0,13.778550148010254,15.07210087776184,1.0
gaussian-5-Overlap,20000.0,20.0,0.0032,6.0,50.0,36.90153121948242,14.54829168319702,0.9998485310732912,32.0,12.607701063156128,14.565257787704468,1.0,20.0,13.517329216003418,14.606944799423218,1.0,10.0,13.71406626701355,14.593856811523438,1.0
gaussian-5-Overlap,20000.0,20.0,0.0032,7.0,50.0,36.47726345062256,14.839531660079956,1.0,32.0,12.698703527450562,14.789687395095823,1.0,20.0,13.442601680755615,15.29319167137146,1.0,10.0,13.861738443374634,14.837008476257324,1.0
gaussian-5-Overlap,20000.0,20.0,0.0032,8.0,50.0,41.946576833724976,15.88553023338318,1.0,32.0,15.816242694854736,16.054200410842896,1.0,20.0,15.699678897857666,16.095405101776123,1.0,10.0,17.137903690338135,16.215972185134888,1.0
gaussian-5-Overlap,20000.0,20.0,0.0032,9.0,50.0,35.70095920562744,14.92760443687439,1.0,32.0,12.570889472961426,14.791327238082886,1.0,20.0,12.92326307296753,14.721097469329834,1.0,10.0,13.178820848464966,14.668471097946169,1.0
gaussian-5-Overlap,20000.0,20.0,0.0032,10.0,50.0,37.622798442840576,14.736204862594604,1.0,32.0,13.293798685073853,14.782986640930176,1.0,20.0,13.538937330245972,14.821383237838743,1.0,10.0,13.778576612472534,14.79831576347351,1.0
gaussian-5-Overlap,20000.0,50.0,0.008,1.0,50.0,40.443724155426025,15.07352876663208,1.0,32.0,13.310892343521118,14.959545135498049,1.0,20.0,14.151105403900146,15.08615016937256,1.0,10.0,14.83006715774536,14.909899950027466,1.0
gaussian-5-Overlap,20000.0,50.0,0.008,2.0,50.0,38.9194564819336,14.727757215499878,1.0,32.0,13.707420349121094,14.801045656204224,1.0,20.0,13.881542205810549,14.68308401107788,1.0,10.0,14.639273643493652,14.641351222991943,1.0
gaussian-5-Overlap,20000.0,50.0,0.008,3.0,50.0,40.1738486289978,14.671910524368286,1.0,32.0,13.506365299224854,14.78790283203125,1.0,20.0,13.647080659866331,14.64412236213684,1.0,10.0,14.03832745552063,14.474177360534668,1.0
gaussian-5-Overlap,20000.0,50.0,0.008,4.0,50.0,42.824727058410645,15.784299373626707,1.0,32.0,13.5324444770813,16.336589336395264,1.0,20.0,17.17778253555298,16.130358695983887,1.0,10.0,17.59136438369751,15.9484121799469,1.0
gaussian-5-Overlap,20000.0,50.0,0.008,5.0,50.0,40.556989431381226,14.924887657165527,1.0,32.0,14.464273452758787,14.854857921600342,1.0,20.0,13.947671890258787,14.831973314285278,1.0,10.0,14.188666105270386,14.813233375549316,1.0
gaussian-5-Overlap,20000.0,50.0,0.008,6.0,50.0,44.71356391906738,16.441846132278442,1.0,32.0,16.30774998664856,16.458964109420776,1.0,20.0,16.713702917099,16.562351942062378,1.0,10.0,15.795310735702516,15.952656984329224,1.0
gaussian-5-Overlap,20000.0,50.0,0.008,7.0,50.0,39.44115233421326,14.69951343536377,1.0,32.0,13.824209213256836,14.691229581832886,1.0,20.0,14.10856032371521,14.60607624053955,1.0,10.0,14.118679523468018,14.650492668151855,1.0
gaussian-5-Overlap,20000.0,50.0,0.008,8.0,50.0,39.54655075073242,14.655911684036257,1.0,32.0,13.775957584381104,14.622867345809937,1.0,20.0,14.222069263458252,14.53286862373352,1.0,10.0,14.098692417144775,14.641302347183228,1.0
gaussian-5-Overlap,20000.0,50.0,0.008,9.0,50.0,39.299646615982056,14.831367015838625,1.0,32.0,13.853183031082152,14.833312273025513,1.0,20.0,14.329477310180664,15.07648468017578,1.0,10.0,14.949384450912476,15.00357174873352,1.0
gaussian-5-Overlap,20000.0,50.0,0.008,10.0,50.0,40.18952131271362,14.48327612876892,1.0,32.0,13.789422750473022,14.463436365127563,1.0,20.0,14.059208869934082,14.451174259185793,1.0,10.0,14.85634160041809,14.511098861694336,1.0
gaussian-5-Overlap,20000.0,100.0,0.016,1.0,50.0,41.15692377090454,14.46116065979004,1.0,32.0,13.508355140686035,14.4581458568573,1.0,20.0,14.550175666809082,14.507792472839355,1.0,10.0,15.01701521873474,14.58820366859436,1.0
gaussian-5-Overlap,20000.0,100.0,0.016,2.0,50.0,41.28729796409607,14.734623432159424,1.0,32.0,14.980052471160889,14.670872926712036,1.0,20.0,14.268321990966797,14.75638484954834,1.0,10.0,14.317789793014526,14.563376426696776,1.0
gaussian-5-Overlap,20000.0,100.0,0.016,3.0,50.0,42.19475603103638,14.80881142616272,1.0,32.0,14.071704626083374,15.077592134475708,1.0,20.0,14.375144004821776,14.986814022064207,1.0,10.0,14.879685640335085,14.946412086486816,1.0
gaussian-5-Overlap,20000.0,100.0,0.016,4.0,50.0,41.81596064567566,14.602044343948364,1.0,32.0,13.962717771530151,14.720133781433104,1.0,20.0,14.866011619567873,14.791264295578005,1.0,10.0,15.148756742477415,14.722769975662231,1.0
gaussian-5-Overlap,20000.0,100.0,0.016,5.0,50.0,42.91783118247986,14.767998933792114,1.0,32.0,14.59592604637146,14.979393005371094,1.0,20.0,14.908244609832764,14.809680223464966,1.0,10.0,15.260765552520752,14.820437908172607,1.0
gaussian-5-Overlap,20000.0,100.0,0.016,6.0,50.0,42.02297282218933,14.89114260673523,1.0,32.0,14.090681076049805,14.865971565246582,1.0,20.0,14.4345965385437,14.814886569976808,1.0,10.0,15.11926770210266,14.834979057312012,1.0
gaussian-5-Overlap,20000.0,100.0,0.016,7.0,50.0,41.80628895759583,14.911214590072632,1.0,32.0,14.071021795272827,14.781402111053469,1.0,20.0,14.595879554748535,14.708088159561155,1.0,10.0,14.531325101852415,14.948580026626589,1.0
gaussian-5-Overlap,20000.0,100.0,0.016,8.0,50.0,40.169567584991455,14.716983318328856,1.0,32.0,14.41392707824707,14.920615434646606,1.0,20.0,13.910940408706663,14.915509462356567,1.0,10.0,14.361971855163574,15.063136339187622,1.0
gaussian-5-Overlap,20000.0,100.0,0.016,9.0,50.0,39.89030361175537,15.088927268981934,1.0,32.0,14.027252912521362,15.606611967086792,1.0,20.0,13.79020357131958,15.00240159034729,1.0,10.0,13.752358436584473,15.367398738861084,1.0
gaussian-5-Overlap,20000.0,100.0,0.016,10.0,50.0,40.23845958709717,14.838423013687134,1.0,32.0,13.921774625778198,14.772906064987184,1.0,20.0,14.627033472061155,15.179596185684204,1.0,10.0,15.231591939926147,14.795746088027954,1.0
gaussian-5-Overlap,20000.0,200.0,0.032,1.0,50.0,44.306941747665405,14.867713451385498,1.0,32.0,14.094676494598389,15.054839849472046,1.0,20.0,14.701558828353882,14.92009663581848,1.0,10.0,15.073235750198364,15.09085202217102,1.0
gaussian-5-Overlap,20000.0,200.0,0.032,2.0,50.0,44.41535520553589,14.906776428222656,1.0,32.0,14.096575736999512,14.952661275863647,1.0,20.0,14.39674687385559,14.892566204071043,1.0,10.0,14.944877862930298,14.93354082107544,1.0
gaussian-5-Overlap,20000.0,200.0,0.032,3.0,50.0,44.675734519958496,14.729503631591797,1.0,32.0,14.80536961555481,14.606936693191528,1.0,20.0,14.323565483093262,14.713668584823608,1.0,10.0,15.041713953018188,14.780613899230955,1.0
gaussian-5-Overlap,20000.0,200.0,0.032,4.0,50.0,43.758849143981934,14.902767896652222,1.0,32.0,14.74824285507202,14.73251485824585,1.0,20.0,14.247020244598389,14.839627981185911,1.0,10.0,14.85723114013672,14.839410781860352,1.0
gaussian-5-Overlap,20000.0,200.0,0.032,5.0,50.0,57.165122270584106,16.546077251434326,1.0,32.0,17.369686365127563,16.55255389213562,1.0,20.0,17.96117877960205,16.273319244384766,1.0,10.0,18.068207263946533,16.19638967514038,1.0
gaussian-5-Overlap,20000.0,200.0,0.032,6.0,50.0,45.04855823516846,15.570131301879885,1.0,32.0,14.68949556350708,15.30039381980896,1.0,20.0,14.70774245262146,15.26107692718506,1.0,10.0,14.902204036712646,15.071136713027954,1.0
gaussian-5-Overlap,20000.0,200.0,0.032,7.0,50.0,44.554927110672,15.19878625869751,1.0,32.0,14.26860523223877,15.402772665023804,1.0,20.0,14.506074666976929,15.423972129821776,1.0,10.0,13.879897594451904,15.552318334579468,1.0
gaussian-5-Overlap,20000.0,200.0,0.032,8.0,50.0,45.42883920669556,14.806116104125977,1.0,32.0,14.129832744598389,14.782819271087646,1.0,20.0,15.099889516830444,14.774139404296877,1.0,10.0,15.06221055984497,14.778903007507324,1.0
gaussian-5-Overlap,20000.0,200.0,0.032,9.0,50.0,44.99141359329224,15.031201601028442,1.0,32.0,13.93788719177246,15.142330408096312,1.0,20.0,14.480685949325562,15.02305006980896,1.0,10.0,14.45709753036499,15.034777402877808,1.0
gaussian-5-Overlap,20000.0,200.0,0.032,10.0,50.0,45.495032787323,14.972774267196655,1.0,32.0,14.858534574508669,15.002360582351685,1.0,20.0,14.637101650238035,14.906841039657593,1.0,10.0,15.110989570617676,15.024852514266968,1.0
gaussian-5-Overlap,30000.0,10.0,0.0024,1.0,50.0,53.21878433227539,33.43163800239563,0.998529471739425,32.0,20.516823530197144,37.16368579864502,0.9985950687559636,20.0,28.916059494018555,35.13669681549072,0.9969114240010538,10.0,26.22119903564453,36.349875688552856,0.9969146171781404
gaussian-5-Overlap,30000.0,10.0,0.0024,2.0,50.0,51.32432246208191,33.68846583366394,0.9988006533811176,32.0,19.99195575714112,33.65579414367676,0.9994284223974712,20.0,19.724334716796875,34.56037354469299,0.9996569531350118,10.0,21.193729162216187,33.46128702163696,0.9998856176276134
gaussian-5-Overlap,30000.0,10.0,0.0024,3.0,50.0,51.4696900844574,33.13688397407532,0.7273130367592942,32.0,20.01523971557617,32.938173055648804,0.7354264917483588,20.0,20.183929920196533,33.16245985031128,0.7377334654460834,10.0,20.30833077430725,33.2436900138855,0.7422834041317949
gaussian-5-Overlap,30000.0,10.0,0.0024,4.0,50.0,50.39975047111511,34.24715185165405,0.9895085148487902,32.0,19.65997576713562,34.7199182510376,0.9947769197738784,20.0,19.81565952301025,34.41699028015137,0.9967072167119244,10.0,20.999362230300903,34.496198654174805,0.9990845740784136
gaussian-5-Overlap,30000.0,10.0,0.0024,5.0,50.0,52.117456674575806,33.96827054023743,0.9978360144641258,32.0,19.74206233024597,33.45436763763428,0.9987951156710488,20.0,20.49969959259033,33.536614179611206,0.9994625475028318,10.0,20.59549856185913,33.44467544555664,0.9998989905242496
gaussian-5-Overlap,30000.0,10.0,0.0024,6.0,50.0,51.330037355422974,34.305652141571045,0.999360337448032,32.0,19.67244124412537,33.93816566467285,0.999764237002942,20.0,20.271610498428345,33.97506546974182,0.999932647679624,10.0,20.851147413253784,34.15642857551575,0.9999663177634774
gaussian-5-Overlap,30000.0,10.0,0.0024,7.0,50.0,53.70324730873108,33.539761781692505,0.9994313024614514,32.0,19.914356231689453,32.997138261795044,0.9997866862520312,20.0,20.58084511756897,32.94195318222046,0.5743745987185883,10.0,20.672224521636963,33.2607536315918,0.9899680954194056
gaussian-5-Overlap,30000.0,10.0,0.0024,8.0,50.0,53.10348081588745,33.788657665252686,0.9932786330734136,32.0,20.2514808177948,34.22768831253052,0.9962971504161104,20.0,20.92315673828125,33.99088716506958,0.9984496246312916,10.0,21.02509641647339,33.986212968826294,0.999797318881302
gaussian-5-Overlap,30000.0,10.0,0.0024,9.0,50.0,53.01927590370178,33.92322564125061,0.9996445141706398,32.0,19.605255603790283,33.87742614746094,0.9998577848030744,20.0,20.776567459106445,34.430238485336304,0.9999288889245914,10.0,21.970955848693848,35.6166570186615,1.0
gaussian-5-Overlap,30000.0,10.0,0.0024,10.0,50.0,53.56012177467346,34.30844235420227,0.9895647641646644,32.0,19.589109897613525,34.192216873168945,0.9931067206984752,20.0,20.420366287231445,33.36981272697449,0.9955885570567132,10.0,20.723554134368896,33.59528565406799,0.9955181850916924
gaussian-5-Overlap,30000.0,20.0,0.0048,1.0,50.0,58.319212913513184,34.35510182380676,0.999663729911588,32.0,21.406338453292847,34.41263437271118,0.9998653460679732,20.0,22.576542139053345,34.0470244884491,0.9998653460679732,10.0,22.87025284767151,33.928526639938354,0.9999663182867018
gaussian-5-Overlap,30000.0,20.0,0.0048,2.0,50.0,56.76145148277283,33.62718200683594,1.0,32.0,20.954439401626587,33.60636138916016,1.0,20.0,22.16999125480652,33.47033977508545,1.0,10.0,22.23382353782653,33.478310108184814,1.0
gaussian-5-Overlap,30000.0,20.0,0.0048,3.0,50.0,56.85540652275085,34.26415991783142,0.9982646786514958,32.0,21.70706915855408,34.30577898025513,0.999161596858678,20.0,22.54255962371826,33.90521478652954,0.999596617254566,10.0,22.83285999298096,34.34401750564575,0.9998989901716476
gaussian-5-Overlap,30000.0,20.0,0.0048,4.0,50.0,55.1671404838562,33.903085708618164,0.9999663177261412,32.0,21.585569381713867,34.222031354904175,1.0,20.0,22.55836296081543,33.82870411872864,1.0,10.0,22.31212973594665,33.94533634185791,1.0
gaussian-5-Overlap,30000.0,20.0,0.0048,5.0,50.0,55.15745162963867,33.798678398132324,1.0,32.0,20.99042320251465,33.627559661865234,1.0,20.0,21.71229791641236,33.49573493003845,1.0,10.0,22.12887406349182,33.14124584197998,1.0
gaussian-5-Overlap,30000.0,20.0,0.0048,6.0,50.0,55.71308875083923,34.17140793800354,1.0,32.0,20.838780879974365,33.995638608932495,1.0,20.0,21.435829401016235,33.92819404602051,1.0,10.0,22.655545234680176,34.400556802749634,1.0
gaussian-5-Overlap,30000.0,20.0,0.0048,7.0,50.0,56.03729772567749,34.049477338790894,1.0,32.0,21.07812237739563,33.612993001937866,1.0,20.0,21.88700222969055,33.68595767021179,1.0,10.0,22.92854952812195,33.90116763114929,1.0
gaussian-5-Overlap,30000.0,20.0,0.0048,8.0,50.0,56.87225389480591,34.47078037261963,1.0,32.0,21.04673933982849,34.24381160736084,1.0,20.0,21.82782816886902,34.14711308479309,1.0,10.0,22.13806462287903,34.61778211593628,1.0
gaussian-5-Overlap,30000.0,20.0,0.0048,9.0,50.0,59.318670988082886,33.97993302345276,1.0,32.0,20.9980993270874,33.74159908294678,1.0,20.0,21.924319982528687,33.738196849823,1.0,10.0,22.990402460098267,33.64848208427429,1.0
gaussian-5-Overlap,30000.0,20.0,0.0048,10.0,50.0,58.18902063369751,35.61556649208069,0.999091171572036,32.0,21.186668157577515,34.66848134994507,0.9996969346805796,20.0,22.618496656417847,34.49811100959778,0.9998653444672152,10.0,22.73410654067993,34.35864973068237,0.999966317886342
gaussian-5-Overlap,30000.0,50.0,0.012,1.0,50.0,64.00407075881958,34.67451500892639,1.0,32.0,23.05685138702393,33.896376848220825,1.0,20.0,24.132747888565063,35.944501876831055,1.0,10.0,24.99658989906311,33.9557843208313,1.0
gaussian-5-Overlap,30000.0,50.0,0.012,2.0,50.0,61.67378616333008,34.005940198898315,1.0,32.0,22.99150967597961,34.6872980594635,1.0,20.0,23.811182260513306,34.72053647041321,1.0,10.0,23.76201629638672,34.118170738220215,1.0
gaussian-5-Overlap,30000.0,50.0,0.012,3.0,50.0,64.12281680107117,34.367648124694824,1.0,32.0,22.07714056968689,34.42653775215149,1.0,20.0,22.91652822494507,34.44719696044922,1.0,10.0,23.937429666519165,34.2933247089386,1.0
gaussian-5-Overlap,30000.0,50.0,0.012,4.0,50.0,61.02609157562256,33.379531383514404,1.0,32.0,22.125648975372314,33.485536098480225,1.0,20.0,23.072253227233887,33.53854775428772,1.0,10.0,23.8209547996521,33.70078659057617,1.0
gaussian-5-Overlap,30000.0,50.0,0.012,5.0,50.0,61.63625907897949,34.17115831375122,1.0,32.0,22.825427055358887,34.00711488723755,1.0,20.0,22.8672993183136,34.065759897232056,1.0,10.0,23.19276547431945,33.89761757850647,1.0
gaussian-5-Overlap,30000.0,50.0,0.012,6.0,50.0,61.35846996307373,33.62711477279663,1.0,32.0,23.84237265586853,33.67344355583191,1.0,20.0,23.27451992034912,33.81126403808594,1.0,10.0,23.76039481163025,33.75594758987427,1.0
gaussian-5-Overlap,30000.0,50.0,0.012,7.0,50.0,60.71821761131287,34.24001598358154,1.0,32.0,22.05348229408264,34.10826587677002,1.0,20.0,23.302706003189087,34.09693384170532,1.0,10.0,23.05507016181945,34.38842725753784,1.0
gaussian-5-Overlap,30000.0,50.0,0.012,8.0,50.0,61.71470618247986,33.718663930892944,1.0,32.0,22.94423198699951,33.86931395530701,1.0,20.0,22.37465453147888,33.59411311149597,1.0,10.0,23.83391213417053,33.52199625968933,1.0
gaussian-5-Overlap,30000.0,50.0,0.012,9.0,50.0,73.0816011428833,34.51469349861145,1.0,32.0,24.19586515426636,34.302895069122314,1.0,20.0,24.838652849197388,34.57519459724426,1.0,10.0,24.74327564239502,33.5804500579834,1.0
gaussian-5-Overlap,30000.0,50.0,0.012,10.0,50.0,63.85940289497376,35.17349886894226,1.0,32.0,23.33031749725341,35.033180952072144,1.0,20.0,24.23150372505188,34.895299434661865,1.0,10.0,23.704565048217773,34.78158259391785,1.0
gaussian-5-Overlap,30000.0,100.0,0.024,1.0,50.0,66.67539119720459,33.9564254283905,1.0,32.0,23.502418041229248,34.05583119392395,1.0,20.0,23.42668294906616,34.33415365219116,1.0,10.0,24.261719465255737,34.256113052368164,1.0
gaussian-5-Overlap,30000.0,100.0,0.024,2.0,50.0,66.16647243499756,35.009499073028564,1.0,32.0,24.061813831329346,35.20279407501221,1.0,20.0,23.65179944038391,34.36130666732788,1.0,10.0,24.358648777008057,34.353864431381226,1.0
gaussian-5-Overlap,30000.0,100.0,0.024,3.0,50.0,65.432302236557,33.65450644493103,1.0,32.0,23.338523864746094,33.88722896575928,1.0,20.0,23.87445187568665,33.81898880004883,1.0,10.0,23.657248735427856,36.08396983146668,1.0
gaussian-5-Overlap,30000.0,100.0,0.024,4.0,50.0,65.69598340988159,34.390326738357544,1.0,32.0,24.17035961151123,34.28404140472412,1.0,20.0,23.85562348365784,34.296817779541016,1.0,10.0,24.936001300811768,34.45110487937927,1.0
gaussian-5-Overlap,30000.0,100.0,0.024,5.0,50.0,63.468873500823975,34.14933395385742,1.0,32.0,24.14861631393433,34.13483285903931,1.0,20.0,23.39210629463196,38.62333345413208,1.0,10.0,26.199782371521,34.1826376914978,1.0
gaussian-5-Overlap,30000.0,100.0,0.024,6.0,50.0,64.6325204372406,34.2292103767395,1.0,32.0,23.0539710521698,34.035447120666504,1.0,20.0,23.77747797966004,34.920127630233765,1.0,10.0,24.171972513198853,33.58391737937927,1.0
gaussian-5-Overlap,30000.0,100.0,0.024,7.0,50.0,65.29995107650757,33.265620946884155,1.0,32.0,24.356454610824585,33.363296031951904,1.0,20.0,23.575079679489136,33.447431802749634,1.0,10.0,24.59178185462952,33.627580642700195,1.0
gaussian-5-Overlap,30000.0,100.0,0.024,8.0,50.0,63.88165092468262,34.644368410110474,1.0,32.0,23.251659870147705,34.41464447975159,1.0,20.0,24.23566961288452,34.47746539115906,1.0,10.0,23.527236700057983,34.13598561286926,1.0
gaussian-5-Overlap,30000.0,100.0,0.024,9.0,50.0,65.61610460281372,34.0230348110199,1.0,32.0,23.765788793563843,34.24423360824585,1.0,20.0,23.70792412757873,34.19732975959778,1.0,10.0,24.01651668548584,34.163206815719604,1.0
gaussian-5-Overlap,30000.0,100.0,0.024,10.0,50.0,65.99362826347351,34.12306523323059,1.0,32.0,23.314008474349976,34.078606605529785,1.0,20.0,24.33312153816223,34.12362837791443,1.0,10.0,23.50394916534424,34.03259348869324,1.0
gaussian-5-Overlap,30000.0,200.0,0.048,1.0,50.0,74.74971270561218,34.515470027923584,1.0,32.0,23.22211766242981,34.33719182014465,1.0,20.0,24.36313319206237,34.34615230560303,1.0,10.0,24.38260579109192,34.79029369354248,1.0
gaussian-5-Overlap,30000.0,200.0,0.048,2.0,50.0,74.3213095664978,35.09645748138428,1.0,32.0,23.34196972846985,34.718770265579224,1.0,20.0,23.445512533187863,34.530579805374146,1.0,10.0,24.438644647598267,34.591914892196655,1.0
gaussian-5-Overlap,30000.0,200.0,0.048,3.0,50.0,83.10423564910889,35.49589252471924,1.0,32.0,25.09246039390564,35.06043195724487,1.0,20.0,24.45567941665649,34.84212255477905,1.0,10.0,25.79021048545837,34.26818299293518,1.0
gaussian-5-Overlap,30000.0,200.0,0.048,4.0,50.0,82.49948120117188,34.37981152534485,1.0,32.0,24.4711012840271,34.25653076171875,1.0,20.0,25.80362010002136,34.36368775367737,1.0,10.0,24.8966965675354,34.15974235534668,1.0
gaussian-5-Overlap,30000.0,200.0,0.048,5.0,50.0,76.74261260032654,34.22011852264404,1.0,32.0,24.62313771247864,34.95156002044678,1.0,20.0,24.648193359375,34.61779165267944,1.0,10.0,24.64930558204651,34.47795748710632,1.0
gaussian-5-Overlap,30000.0,200.0,0.048,6.0,50.0,76.00966048240662,34.88827919960022,1.0,32.0,23.86272168159485,35.51099371910095,1.0,20.0,24.39098334312439,35.03520345687866,1.0,10.0,23.476795434951782,34.60916829109192,1.0
gaussian-5-Overlap,30000.0,200.0,0.048,7.0,50.0,75.19211649894714,34.17711520195007,1.0,32.0,24.0011088848114,34.1476194858551,1.0,20.0,23.30375981330872,35.954050064086914,1.0,10.0,24.650565147399902,34.88021969795227,1.0
gaussian-5-Overlap,30000.0,200.0,0.048,8.0,50.0,76.82420873641968,34.31652021408081,1.0,32.0,23.66547989845276,33.929227113723755,1.0,20.0,24.59899020195008,33.79373526573181,1.0,10.0,24.43922257423401,33.5893874168396,1.0
gaussian-5-Overlap,30000.0,200.0,0.048,9.0,50.0,74.67451500892639,34.08629107475281,1.0,32.0,24.24407958984375,34.234968185424805,1.0,20.0,23.523040294647217,34.74779915809631,1.0,10.0,24.684438705444336,34.829078912734985,1.0
gaussian-5-Overlap,30000.0,200.0,0.048,10.0,50.0,85.90759825706482,34.97902226448059,1.0,32.0,24.76735544204712,33.962783336639404,1.0,20.0,25.491358518600464,35.17759823799133,1.0,10.0,26.223031044006348,34.63429617881775,1.0
gaussian-5-Overlap,40000.0,10.0,0.0032,1.0,50.0,75.01566481590271,80.09490132331848,0.9949734308512408,32.0,29.83764052391052,80.50370001792908,0.9961414606154744,20.0,30.049877166748047,80.28707003593445,0.995632509673507,10.0,31.13977670669556,79.91542387008667,0.9948661222840588
gaussian-5-Overlap,40000.0,10.0,0.0032,2.0,50.0,73.93514037132263,78.23887586593628,0.9936183660870046,32.0,29.45634388923645,78.60967946052551,0.9957841598630376,20.0,30.917950868606567,79.0785436630249,0.9974280012905978,10.0,31.6766414642334,78.04984378814697,0.9988315671335468
gaussian-5-Overlap,40000.0,10.0,0.0032,3.0,50.0,73.71578001976013,79.42362475395203,0.649057649735585,32.0,29.17067050933838,80.11539673805237,0.654957984909838,20.0,30.308204412460327,79.10961651802063,0.993164185830089,10.0,30.826628923416138,79.29776501655579,0.9976355436523516
gaussian-5-Overlap,40000.0,10.0,0.0032,4.0,50.0,72.542320728302,79.37374448776245,0.9990815889957954,32.0,29.366373777389526,79.66214394569397,0.8205220994202174,20.0,29.85360550880432,89.40040898323059,0.9996761121731356,10.0,30.576186895370483,78.56801152229309,0.9998280522128362
gaussian-5-Overlap,40000.0,10.0,0.0032,5.0,50.0,73.5689206123352,76.4549171924591,0.9979557260183292,32.0,29.18452787399292,75.96490812301636,0.9970319638151192,20.0,29.8895320892334,77.93596386909485,0.9966008615785154,10.0,31.49325585365296,77.95331501960754,0.9933432906714588
gaussian-5-Overlap,40000.0,10.0,0.0032,6.0,50.0,75.15081739425659,79.05344200134277,0.9912895547934067,32.0,28.96100735664368,80.24056553840637,0.995380218974608,20.0,29.93957018852234,79.9942409992218,0.99755189480964,10.0,31.133713006973267,80.52392244338989,0.9992485201274042
gaussian-5-Overlap,40000.0,10.0,0.0032,7.0,50.0,72.6823136806488,80.65358471870422,0.9911847468446776,32.0,28.22763419151306,77.75196862220764,0.9988114874137828,20.0,29.401968240737915,88.19016551971436,0.9993202889787964,10.0,34.07008385658264,79.47854590415955,0.9992361511032034
gaussian-5-Overlap,40000.0,10.0,0.0032,8.0,50.0,72.67938947677612,82.24393486976624,0.996674538220679,32.0,28.45232391357422,81.07571530342102,0.9983466616335516,20.0,30.59540319442749,82.70264863967896,0.9989694164247834,10.0,30.07367253303528,81.58232879638672,0.99954613781581
gaussian-5-Overlap,40000.0,10.0,0.0032,9.0,50.0,74.79607629776001,78.7434618473053,0.9739419272690528,32.0,28.039440155029297,78.97687935829163,0.980938890036714,20.0,31.29910945892334,79.75123834609985,0.9877114085102768,10.0,30.387481689453125,79.1606068611145,0.9932555592625044
gaussian-5-Overlap,40000.0,10.0,0.0032,10.0,50.0,78.28238344192505,79.93664216995239,0.9809248416996754,32.0,29.74247407913208,79.7662889957428,0.9928954593948046,20.0,32.12301683425903,78.93538308143616,0.9963481441135768,10.0,30.71317028999329,77.6434223651886,0.9921754030450548
gaussian-5-Overlap,40000.0,20.0,0.0064,1.0,50.0,82.46135354042053,85.92649030685425,1.0,32.0,32.23345375061035,80.46384954452515,1.0,20.0,33.39549207687378,85.54345846176147,1.0,10.0,34.91659355163574,81.20373558998108,1.0
gaussian-5-Overlap,40000.0,20.0,0.0064,2.0,50.0,80.41904330253601,79.71068000793457,0.99551657285601,32.0,32.11843180656433,99.71566319465636,0.9976101571961612,20.0,38.66688227653504,81.30560731887817,0.9988659434968696,10.0,33.39757204055786,83.14493751525879,0.9996969274286563
gaussian-5-Overlap,40000.0,20.0,0.0064,3.0,50.0,81.41841959953308,77.37582063674927,1.0,32.0,32.234251260757446,77.37384867668152,1.0,20.0,33.26457643508911,76.84983849525452,1.0,10.0,33.493433713912964,80.50904941558838,1.0
gaussian-5-Overlap,40000.0,20.0,0.0064,4.0,50.0,77.95126152038574,78.07250785827637,1.0,32.0,32.15719056129456,86.41539764404297,1.0,20.0,32.68235373497009,78.71224474906921,1.0,10.0,33.511295795440674,82.34312844276428,1.0
gaussian-5-Overlap,40000.0,20.0,0.0064,5.0,50.0,82.86745762825012,79.05502486228943,1.0,32.0,31.82703447341919,78.79363083839417,1.0,20.0,32.57502245903015,77.36952424049377,1.0,10.0,34.51028370857239,76.82729053497314,1.0
gaussian-5-Overlap,40000.0,20.0,0.0064,6.0,50.0,79.04299712181091,75.72578024864197,1.0,32.0,31.01849603652954,77.52291321754456,1.0,20.0,33.17615461349487,77.95762729644775,1.0,10.0,33.5018527507782,78.17774152755737,1.0
gaussian-5-Overlap,40000.0,20.0,0.0064,7.0,50.0,79.01466035842896,76.96230864524841,1.0,32.0,32.01445126533508,77.75573706626892,1.0,20.0,32.7797315120697,77.17524743080139,1.0,10.0,33.14165544509888,76.87785935401917,1.0
gaussian-5-Overlap,40000.0,20.0,0.0064,8.0,50.0,82.39286136627197,76.30177760124207,0.993343990939322,32.0,32.8539662361145,78.6036159992218,0.9965498216720704,20.0,33.94685935974121,77.72026062011719,0.9981337579586766,10.0,34.31020903587341,76.7544174194336,0.999495050420203
gaussian-5-Overlap,40000.0,20.0,0.0064,9.0,50.0,79.55243277549744,79.5893862247467,1.0,32.0,32.25426721572876,78.87037873268127,1.0,20.0,32.947001695632935,81.42196130752563,1.0,10.0,33.352638244628906,79.25248765945435,1.0
gaussian-5-Overlap,40000.0,20.0,0.0064,10.0,50.0,79.55690026283264,77.91146922111511,1.0,32.0,32.61894631385803,77.38580632209778,1.0,20.0,32.79878354072571,78.65117621421814,1.0,10.0,33.28789925575256,77.3042299747467,1.0
gaussian-5-Overlap,40000.0,50.0,0.016,1.0,50.0,86.775146484375,77.05578541755676,1.0,32.0,34.25431847572327,78.05714702606201,1.0,20.0,33.53220343589783,81.33900237083435,1.0,10.0,35.66112041473389,78.12200665473938,1.0
gaussian-5-Overlap,40000.0,50.0,0.016,2.0,50.0,91.02750873565674,78.4102954864502,1.0,32.0,32.65024209022522,78.27941346168518,1.0,20.0,34.777607679367065,78.26897811889648,1.0,10.0,34.81452965736389,78.34928059577942,1.0
gaussian-5-Overlap,40000.0,50.0,0.016,3.0,50.0,89.46347689628601,76.96236443519592,1.0,32.0,34.38675093650818,80.1494209766388,1.0,20.0,35.278852462768555,78.53123259544373,1.0,10.0,36.06142354011536,78.80453300476074,1.0
gaussian-5-Overlap,40000.0,50.0,0.016,4.0,50.0,86.67271208763123,77.63523769378662,1.0,32.0,33.196754693984985,78.38705253601074,1.0,20.0,34.26566791534424,77.54960918426514,1.0,10.0,34.544081926345825,77.19533634185791,1.0
gaussian-5-Overlap,40000.0,50.0,0.016,5.0,50.0,88.4620451927185,78.94660139083862,1.0,32.0,35.648746967315674,77.49275183677673,1.0,20.0,34.64556527137756,79.35561442375183,1.0,10.0,36.54555296897888,78.6345648765564,1.0
gaussian-5-Overlap,40000.0,50.0,0.016,6.0,50.0,89.19057440757751,78.02680945396423,1.0,32.0,34.328251123428345,77.78570055961609,1.0,20.0,35.71324372291565,77.19439697265625,1.0,10.0,35.64961290359497,78.27189373970032,1.0
gaussian-5-Overlap,40000.0,50.0,0.016,7.0,50.0,86.32638335227966,79.36282777786255,1.0,32.0,34.07915449142456,81.09195160865784,1.0,20.0,34.04581570625305,80.59083223342896,1.0,10.0,35.52213287353516,80.77885961532593,1.0
gaussian-5-Overlap,40000.0,50.0,0.016,8.0,50.0,89.86811947822571,78.54368662834167,1.0,32.0,34.05627012252808,78.39389395713806,1.0,20.0,35.31256675720215,79.0984787940979,1.0,10.0,34.7225866317749,88.07137084007263,1.0
gaussian-5-Overlap,40000.0,50.0,0.016,9.0,50.0,90.82620024681091,77.75949382781982,1.0,32.0,33.56926417350769,78.33856105804443,1.0,20.0,35.31307101249695,78.50111484527588,1.0,10.0,36.21703314781189,77.8416359424591,1.0
gaussian-5-Overlap,40000.0,50.0,0.016,10.0,50.0,87.53161787986755,77.38390398025513,1.0,32.0,33.80007839202881,77.132892370224,1.0,20.0,35.0423219203949,78.77131962776184,1.0,10.0,35.36761546134949,80.46173000335693,1.0
gaussian-5-Overlap,40000.0,100.0,0.032,1.0,50.0,92.44331526756288,79.49561190605164,1.0,32.0,34.01028037071228,78.8320140838623,1.0,20.0,34.94505763053894,82.34699940681458,1.0,10.0,35.71331834793091,81.29990673065186,1.0
gaussian-5-Overlap,40000.0,100.0,0.032,2.0,50.0,92.22222661972046,76.61402320861816,1.0,32.0,34.846739292144775,76.44252324104309,1.0,20.0,34.98772859573364,81.03270816802979,1.0,10.0,35.97092270851135,78.97058963775635,1.0
gaussian-5-Overlap,40000.0,100.0,0.032,3.0,50.0,96.86802554130554,79.19789338111877,1.0,32.0,35.419206857681274,78.19684386253357,1.0,20.0,34.33893537521362,79.11451005935669,1.0,10.0,36.37964630126953,78.98158669471741,1.0
gaussian-5-Overlap,40000.0,100.0,0.032,4.0,50.0,94.15879034996031,79.83371496200562,1.0,32.0,34.537416219711304,78.4520652294159,1.0,20.0,36.829206466674805,79.65666222572327,1.0,10.0,36.04408574104309,77.5325436592102,1.0
gaussian-5-Overlap,40000.0,100.0,0.032,5.0,50.0,94.98099732398988,79.9761073589325,1.0,32.0,34.22694635391235,79.76720070838928,1.0,20.0,35.95326495170593,80.56301856040955,1.0,10.0,36.926772356033325,80.0048086643219,1.0
gaussian-5-Overlap,40000.0,100.0,0.032,6.0,50.0,94.8374366760254,80.84530115127563,1.0,32.0,34.77124500274658,79.40789556503296,1.0,20.0,35.509793758392334,79.32994890213013,1.0,10.0,35.82790780067444,79.99510765075684,1.0
gaussian-5-Overlap,40000.0,100.0,0.032,7.0,50.0,92.91353631019592,78.51418375968933,1.0,32.0,34.71606516838074,79.60157370567322,1.0,20.0,35.88931179046631,88.57919192314148,1.0,10.0,36.631208181381226,90.86605429649352,1.0
gaussian-5-Overlap,40000.0,100.0,0.032,8.0,50.0,95.79285216331482,79.74152541160583,1.0,32.0,35.24141454696655,80.89950942993164,1.0,20.0,36.073562145233154,79.88642287254333,1.0,10.0,37.22280716896057,79.43115830421448,1.0
gaussian-5-Overlap,40000.0,100.0,0.032,9.0,50.0,94.01910281181335,78.34433841705322,1.0,32.0,35.172935962677,78.81155300140381,1.0,20.0,36.85732102394104,78.59874081611633,1.0,10.0,37.09161949157715,105.79608941078186,1.0
gaussian-5-Overlap,40000.0,100.0,0.032,10.0,50.0,93.83498120307922,78.84270405769348,1.0,32.0,34.656405210494995,78.34649682044983,1.0,20.0,36.00019288063049,79.40355825424194,1.0,10.0,35.7013635635376,87.89354944229126,1.0
gaussian-5-Overlap,40000.0,200.0,0.064,1.0,50.0,112.06659865379332,79.33347368240356,1.0,32.0,35.14438819885254,78.76164841651917,1.0,20.0,34.04670763015747,78.76423501968384,1.0,10.0,36.08789253234863,78.58083939552307,1.0
gaussian-5-Overlap,40000.0,200.0,0.064,2.0,50.0,114.5001015663147,80.44048118591309,1.0,32.0,35.06668305397034,81.32612299919128,1.0,20.0,35.18768334388733,80.16685628890991,1.0,10.0,36.19903635978699,81.09367179870605,1.0
gaussian-5-Overlap,40000.0,200.0,0.064,3.0,50.0,121.71116924285889,80.49467778205872,1.0,32.0,35.23167371749878,82.36135864257812,1.0,20.0,35.661707639694214,80.06098699569702,1.0,10.0,35.95659613609314,86.42041754722595,1.0
gaussian-5-Overlap,40000.0,200.0,0.064,4.0,50.0,116.0453553199768,80.73100709915161,1.0,32.0,36.22762322425842,81.95315480232239,1.0,20.0,36.5707528591156,80.3099000453949,1.0,10.0,37.13261914253235,79.84472632408142,1.0
gaussian-5-Overlap,40000.0,200.0,0.064,5.0,50.0,115.45903754234314,80.68231701850891,1.0,32.0,35.692031383514404,80.62745547294617,1.0,20.0,37.29497194290161,80.18602776527405,1.0,10.0,36.59916973114014,79.21765518188477,1.0
gaussian-5-Overlap,40000.0,200.0,0.064,6.0,50.0,117.44732618331908,80.67270016670227,1.0,32.0,34.617431640625,86.64232301712036,1.0,20.0,36.901779651641846,83.01522397994995,1.0,10.0,38.25103235244751,80.84839344024658,1.0
gaussian-5-Overlap,40000.0,200.0,0.064,7.0,50.0,117.37399291992188,81.54584527015686,1.0,32.0,34.46350073814392,80.16160702705383,1.0,20.0,36.36081099510193,80.60081648826599,1.0,10.0,35.79639148712158,81.66401362419128,1.0
gaussian-5-Overlap,40000.0,200.0,0.064,8.0,50.0,113.481791973114,79.99618792533875,1.0,32.0,36.015395641326904,81.2325792312622,1.0,20.0,35.47322225570679,80.024489402771,1.0,10.0,35.65962100028992,80.26355767250061,1.0
gaussian-5-Overlap,40000.0,200.0,0.064,9.0,50.0,114.9404456615448,79.47270464897156,1.0,32.0,35.22738337516785,80.42782163619995,1.0,20.0,35.38115119934082,78.85434103012085,1.0,10.0,36.79148817062378,78.56904864311218,1.0
gaussian-5-Overlap,40000.0,200.0,0.064,10.0,50.0,114.23383927345276,79.28130292892456,1.0,32.0,35.28423619270325,81.20746159553528,1.0,20.0,35.45665621757507,84.00396084785461,1.0,10.0,36.483920097351074,79.57767963409424,1.0
gaussian-7-noOverlap,5000.0,10.0,0.0004,1.0,50.0,8.797410488128662,1.3158938884735107,1.0,32.0,2.3841373920440674,1.1760742664337158,1.0,20.0,2.397489309310913,1.1327738761901855,1.0,10.0,2.3773441314697266,1.1421313285827637,1.0
gaussian-7-noOverlap,5000.0,10.0,0.0004,2.0,50.0,8.071950197219849,1.0384714603424072,1.0,32.0,2.0902647972106934,1.0521948337554932,1.0,20.0,2.1332671642303467,1.0894920825958252,1.0,10.0,2.117815971374512,1.0700583457946775,1.0
gaussian-7-noOverlap,5000.0,10.0,0.0004,3.0,50.0,7.928255319595337,1.090102195739746,1.0,32.0,2.082768201828003,1.1002211570739746,1.0,20.0,2.0302927494049072,1.1011621952056885,1.0,10.0,2.013573169708252,1.2112855911254885,1.0
gaussian-7-noOverlap,5000.0,10.0,0.0004,4.0,50.0,7.9638824462890625,1.1095154285430908,1.0,32.0,2.150294542312622,1.0897812843322754,1.0,20.0,2.107774019241333,1.0981173515319824,1.0,10.0,2.111532926559448,1.0914771556854248,1.0
gaussian-7-noOverlap,5000.0,10.0,0.0004,5.0,50.0,8.048071146011353,1.1191236972808838,1.0,32.0,2.1297647953033447,1.0800538063049316,1.0,20.0,2.1057374477386475,1.0904600620269775,1.0,10.0,2.1009533405303955,1.0902175903320312,1.0
gaussian-7-noOverlap,5000.0,10.0,0.0004,6.0,50.0,8.1815505027771,1.1417887210845947,1.0,32.0,2.057584047317505,1.068244218826294,1.0,20.0,2.1091439723968506,1.0857160091400146,1.0,10.0,2.061371088027954,1.0990869998931885,1.0
gaussian-7-noOverlap,5000.0,10.0,0.0004,7.0,50.0,8.067514657974243,1.1645112037658691,1.0,32.0,2.06784462928772,1.1124353408813477,1.0,20.0,2.123486518859864,1.0579800605773926,1.0,10.0,2.0753872394561768,1.0689232349395752,1.0
gaussian-7-noOverlap,5000.0,10.0,0.0004,8.0,50.0,8.801695823669434,1.1451046466827393,1.0,32.0,2.5152738094329834,1.0843074321746826,1.0,20.0,2.26484751701355,1.1062796115875244,1.0,10.0,2.7577099800109863,1.093968629837036,1.0
gaussian-7-noOverlap,5000.0,10.0,0.0004,9.0,50.0,8.846229076385498,1.1449344158172607,1.0,32.0,2.427971124649048,1.1312799453735352,1.0,20.0,2.417388916015625,1.1124582290649414,1.0,10.0,2.425548791885376,1.0942857265472412,1.0
gaussian-7-noOverlap,5000.0,10.0,0.0004,10.0,50.0,8.652374029159546,1.0919907093048096,1.0,32.0,2.2584433555603027,1.0624377727508545,1.0,20.0,2.340569972991944,1.0619502067565918,1.0,10.0,2.31592059135437,1.0786235332489014,1.0
gaussian-7-noOverlap,5000.0,20.0,0.0008,1.0,50.0,8.82074761390686,1.0943055152893066,1.0,32.0,2.4034762382507324,1.0568604469299316,1.0,20.0,2.615399122238159,1.052553415298462,1.0,10.0,2.4124505519866943,1.0572731494903564,1.0
gaussian-7-noOverlap,5000.0,20.0,0.0008,2.0,50.0,8.151391506195068,1.1223483085632324,1.0,32.0,2.047532558441162,1.053946018218994,1.0,20.0,2.102163076400757,1.0793657302856443,1.0,10.0,2.061686038970948,1.1032674312591553,1.0
gaussian-7-noOverlap,5000.0,20.0,0.0008,3.0,50.0,8.281373500823975,1.1034131050109863,1.0,32.0,2.18958592414856,1.069004774093628,1.0,20.0,2.187588214874268,1.0889029502868652,1.0,10.0,2.240381956100464,1.0869569778442385,1.0
gaussian-7-noOverlap,5000.0,20.0,0.0008,4.0,50.0,8.794206380844116,1.1311495304107666,1.0,32.0,2.39947247505188,1.318157196044922,1.0,20.0,2.418874263763428,1.0629487037658691,1.0,10.0,2.4424192905426025,1.0757184028625488,1.0
gaussian-7-noOverlap,5000.0,20.0,0.0008,5.0,50.0,8.235180139541626,1.1380014419555664,1.0,32.0,2.149654150009156,1.112593650817871,1.0,20.0,2.207399368286133,1.1470706462860107,1.0,10.0,2.1357266902923584,1.0882878303527832,1.0
gaussian-7-noOverlap,5000.0,20.0,0.0008,6.0,50.0,8.708975315093994,1.087954044342041,1.0,32.0,2.6082868576049805,1.082101345062256,1.0,20.0,2.482743263244629,1.089630126953125,1.0,10.0,2.433612823486328,1.078462839126587,1.0
gaussian-7-noOverlap,5000.0,20.0,0.0008,7.0,50.0,8.38304090499878,1.1404292583465576,1.0,32.0,2.119813680648804,1.1232717037200928,1.0,20.0,2.135948419570923,1.1719543933868408,1.0,10.0,2.385611057281494,1.1444213390350342,1.0
gaussian-7-noOverlap,5000.0,20.0,0.0008,8.0,50.0,8.255920648574829,1.1195049285888672,1.0,32.0,2.1251296997070312,1.1029789447784424,1.0,20.0,2.1434576511383057,1.13972806930542,1.0,10.0,2.3092823028564453,1.1041862964630127,1.0
gaussian-7-noOverlap,5000.0,20.0,0.0008,9.0,50.0,8.131507158279419,1.1211555004119873,1.0,32.0,2.361675977706909,1.0687785148620603,1.0,20.0,2.1330814361572266,1.1078603267669678,1.0,10.0,2.2074897289276123,1.0878031253814695,1.0
gaussian-7-noOverlap,5000.0,20.0,0.0008,10.0,50.0,8.332199096679688,1.082700252532959,1.0,32.0,2.10369873046875,1.0726652145385742,1.0,20.0,2.107731342315674,1.0876388549804688,1.0,10.0,2.140009880065918,1.0735011100769043,1.0
gaussian-7-noOverlap,5000.0,50.0,0.002,1.0,50.0,9.57927656173706,1.1550605297088623,1.0,32.0,2.850926399230957,1.1265347003936768,1.0,20.0,2.653627634048462,1.1438982486724854,1.0,10.0,2.643596887588501,1.138035774230957,1.0
gaussian-7-noOverlap,5000.0,50.0,0.002,2.0,50.0,8.767215251922607,1.1688661575317385,1.0,32.0,2.1807377338409424,1.0913820266723633,1.0,20.0,2.227813005447388,1.0894038677215576,1.0,10.0,2.379000663757324,1.113046169281006,1.0
gaussian-7-noOverlap,5000.0,50.0,0.002,3.0,50.0,8.567511796951294,1.105607032775879,1.0,32.0,2.1574738025665283,1.085158109664917,1.0,20.0,2.469633340835572,1.072704553604126,1.0,10.0,2.2142937183380127,1.0948917865753174,1.0
gaussian-7-noOverlap,5000.0,50.0,0.002,4.0,50.0,9.743635416030884,1.117440938949585,1.0,32.0,2.6867096424102783,1.1061861515045166,1.0,20.0,2.77335524559021,1.0852785110473633,1.0,10.0,2.988532066345215,1.1102099418640137,1.0
gaussian-7-noOverlap,5000.0,50.0,0.002,5.0,50.0,9.855640411376951,1.1259596347808838,1.0,32.0,2.6665806770324707,1.1199216842651367,1.0,20.0,2.6947929859161377,1.1141233444213867,1.0,10.0,2.7298479080200195,1.1108932495117188,1.0
gaussian-7-noOverlap,5000.0,50.0,0.002,6.0,50.0,9.7480788230896,1.1092634201049805,1.0,32.0,2.6284749507904053,1.1175425052642822,1.0,20.0,2.7089314460754395,1.1175143718719482,1.0,10.0,2.6867470741271973,1.086025953292847,1.0
gaussian-7-noOverlap,5000.0,50.0,0.002,7.0,50.0,9.204665660858154,1.1177794933319092,1.0,32.0,2.1842894554138184,1.1349127292633057,1.0,20.0,2.2440688610076904,1.090812921524048,1.0,10.0,2.254439115524292,1.075756311416626,1.0
gaussian-7-noOverlap,5000.0,50.0,0.002,8.0,50.0,9.58596134185791,1.160062551498413,1.0,32.0,2.655144691467285,1.132610321044922,1.0,20.0,2.769375324249268,1.1260523796081543,1.0,10.0,2.960672378540039,1.133671760559082,1.0
gaussian-7-noOverlap,5000.0,50.0,0.002,9.0,50.0,8.80786681175232,1.169605731964111,1.0,32.0,2.1796624660491943,1.1507596969604492,1.0,20.0,2.272519826889038,1.134650945663452,1.0,10.0,2.2284862995147705,1.1385715007781982,1.0
gaussian-7-noOverlap,5000.0,50.0,0.002,10.0,50.0,8.511975765228271,1.097455978393555,1.0,32.0,2.221536159515381,1.0690958499908447,1.0,20.0,2.273007392883301,1.063693284988403,1.0,10.0,2.4519710540771484,1.0644967555999756,1.0
gaussian-7-noOverlap,5000.0,100.0,0.004,1.0,50.0,9.437228202819824,1.160557746887207,1.0,32.0,2.677875518798828,1.1327459812164309,1.0,20.0,2.986269474029541,1.1317076683044434,1.0,10.0,2.722273588180542,1.1357247829437256,1.0
gaussian-7-noOverlap,5000.0,100.0,0.004,2.0,50.0,10.016494274139404,1.1692049503326416,1.0,32.0,2.74783992767334,1.1309666633605957,1.0,20.0,2.8469042778015137,1.1208631992340088,1.0,10.0,3.064815282821656,1.1367130279541016,1.0
gaussian-7-noOverlap,5000.0,100.0,0.004,3.0,50.0,8.928799390792847,1.0856273174285889,1.0,32.0,2.211949348449707,1.1024055480957031,1.0,20.0,2.335270881652832,1.077868938446045,1.0,10.0,2.4473726749420166,1.0913403034210205,1.0
gaussian-7-noOverlap,5000.0,100.0,0.004,4.0,50.0,8.969320297241211,1.1231772899627686,1.0,32.0,2.2156896591186523,1.087270975112915,1.0,20.0,2.27925443649292,1.0941991806030271,1.0,10.0,2.443202018737793,1.092815637588501,1.0
gaussian-7-noOverlap,5000.0,100.0,0.004,5.0,50.0,9.875476598739624,1.1418416500091553,1.0,32.0,2.691273927688598,1.1309175491333008,1.0,20.0,3.114828586578369,1.1413953304290771,1.0,10.0,2.7818453311920166,1.1191608905792236,1.0
gaussian-7-noOverlap,5000.0,100.0,0.004,7.0,50.0,9.360230922698976,1.1195552349090576,1.0,32.0,2.5485408306121826,1.088395357131958,1.0,20.0,2.53587293624878,1.0997412204742432,1.0,10.0,2.7410314083099365,1.0969898700714111,1.0
gaussian-7-noOverlap,5000.0,100.0,0.004,8.0,50.0,9.304386138916016,1.1495795249938965,1.0,32.0,2.5153603553771973,1.058473825454712,1.0,20.0,2.530124425888061,1.078033685684204,1.0,10.0,2.74375319480896,1.0934209823608398,1.0
gaussian-7-noOverlap,5000.0,100.0,0.004,9.0,50.0,9.173351287841797,1.1608679294586182,1.0,32.0,2.500490427017212,1.093655347824097,1.0,20.0,2.523211002349853,1.095501184463501,1.0,10.0,2.7852559089660645,1.0968585014343262,1.0
gaussian-7-noOverlap,5000.0,100.0,0.004,10.0,50.0,9.390448808670044,1.1196143627166748,1.0,32.0,2.512392520904541,1.110152244567871,1.0,20.0,2.610228538513184,1.0969388484954834,1.0,10.0,2.789341449737549,1.0964267253875732,1.0
gaussian-7-noOverlap,5000.0,200.0,0.008,1.0,50.0,9.631584644317629,1.1292600631713867,1.0,32.0,2.5252625942230225,1.1087055206298828,1.0,20.0,2.618835210800171,1.1094751358032229,1.0,10.0,2.8213393688201904,1.1221301555633545,1.0
gaussian-7-noOverlap,5000.0,200.0,0.008,2.0,50.0,8.743271350860596,1.160675048828125,1.0,32.0,2.195124626159668,1.0956060886383057,1.0,20.0,2.206980466842652,1.0787808895111084,1.0,10.0,2.421976327896118,1.0945119857788086,1.0
gaussian-7-noOverlap,5000.0,200.0,0.008,3.0,50.0,9.889765739440918,1.1708879470825195,1.0,32.0,2.6494033336639404,1.1701302528381348,1.0,20.0,2.7798120975494385,1.14636492729187,1.0,10.0,2.9932427406311035,1.121284246444702,1.0
gaussian-7-noOverlap,5000.0,200.0,0.008,4.0,50.0,10.018275260925291,1.2579658031463623,1.0,32.0,2.676704406738281,1.1831729412078855,1.0,20.0,2.762124538421631,1.178408145904541,1.0,10.0,2.958604097366333,1.189852952957153,1.0
gaussian-7-noOverlap,5000.0,200.0,0.008,5.0,50.0,9.41811466217041,1.0801880359649658,1.0,32.0,2.211028575897217,1.1183485984802246,1.0,20.0,2.514442205429077,1.0893700122833252,1.0,10.0,2.2376420497894287,1.0919270515441897,1.0
gaussian-7-noOverlap,5000.0,200.0,0.008,6.0,50.0,9.692912817001345,1.1527392864227295,1.0,32.0,2.660855531692505,1.167182207107544,1.0,20.0,2.7103192806243896,1.206568479537964,1.0,10.0,2.965030670166016,1.2095682621002195,1.0
gaussian-7-noOverlap,5000.0,200.0,0.008,7.0,50.0,9.047443389892578,1.1208784580230713,1.0,32.0,2.1927173137664795,1.115017652511597,1.0,20.0,2.422582626342773,1.120530128479004,1.0,10.0,2.216294527053833,1.155552864074707,1.0
gaussian-7-noOverlap,5000.0,200.0,0.008,8.0,50.0,9.138200759887695,1.1302433013916016,1.0,32.0,2.2620491981506348,1.1602303981781006,1.0,20.0,2.50581955909729,1.1051077842712402,1.0,10.0,2.258319854736328,1.082408428192139,1.0
gaussian-7-noOverlap,5000.0,200.0,0.008,9.0,50.0,9.169138669967651,1.0730533599853516,1.0,32.0,2.2612924575805664,1.1601481437683103,1.0,20.0,2.313282966613769,1.154721736907959,1.0,10.0,2.4619643688201904,1.1344661712646484,1.0
gaussian-7-noOverlap,5000.0,200.0,0.008,10.0,50.0,8.770467281341553,1.1568565368652344,1.0,32.0,2.2052323818206787,1.1633553504943848,1.0,20.0,2.325366497039795,1.1198790073394775,1.0,10.0,2.4413986206054688,1.0810542106628418,1.0
gaussian-7-noOverlap,10000.0,10.0,0.0008,1.0,50.0,15.664998531341553,3.91658353805542,1.0,32.0,4.7423095703125,3.9142234325408936,1.0,20.0,4.777217388153076,3.9149248600006095,1.0,10.0,5.080104351043701,3.9024178981781006,1.0
gaussian-7-noOverlap,10000.0,10.0,0.0008,2.0,50.0,15.752252101898192,3.77260160446167,1.0,32.0,4.795868158340454,3.775642156600952,1.0,20.0,5.194677352905273,3.853726148605346,1.0,10.0,4.933278322219849,3.8386504650115967,1.0
gaussian-7-noOverlap,10000.0,10.0,0.0008,3.0,50.0,18.176355123519897,4.238508939743042,1.0,32.0,5.735772132873535,4.202262163162232,1.0,20.0,5.770896434783936,4.21905779838562,1.0,10.0,5.809282064437866,4.235432863235474,1.0
gaussian-7-noOverlap,10000.0,10.0,0.0008,4.0,50.0,17.542912244796753,4.062253952026367,1.0,32.0,5.671777486801148,4.0637946128845215,1.0,20.0,6.160954713821411,4.05516529083252,1.0,10.0,5.977644681930542,4.037648677825928,1.0
gaussian-7-noOverlap,10000.0,10.0,0.0008,5.0,50.0,15.713717222213743,3.9618661403656006,1.0,32.0,5.024293422698975,4.0052690505981445,1.0,20.0,4.894720792770386,4.000690221786499,1.0,10.0,4.858421802520752,4.047230005264282,1.0
gaussian-7-noOverlap,10000.0,10.0,0.0008,6.0,50.0,18.837781190872192,4.080806016921997,1.0,32.0,6.043570756912232,4.107529401779175,1.0,20.0,6.187642812728882,4.099675416946411,1.0,10.0,6.541533470153809,4.103883743286133,1.0
gaussian-7-noOverlap,10000.0,10.0,0.0008,7.0,50.0,18.03502893447876,4.143268823623657,1.0,32.0,5.834340572357178,4.116192102432251,1.0,20.0,5.9206602573394775,4.172847032546997,1.0,10.0,6.328472375869751,4.092509508132935,1.0
gaussian-7-noOverlap,10000.0,10.0,0.0008,8.0,50.0,16.813075065612793,3.897979736328125,1.0,32.0,5.34018611907959,3.9425554275512695,1.0,20.0,5.378733396530151,3.950568914413452,1.0,10.0,5.649617671966553,3.967888593673706,1.0
gaussian-7-noOverlap,10000.0,10.0,0.0008,9.0,50.0,15.255619525909424,3.8896870613098153,1.0,32.0,4.6504456996917725,3.865638971328736,1.0,20.0,4.784355640411377,3.8871583938598633,1.0,10.0,4.799094200134277,3.913821220397949,1.0
gaussian-7-noOverlap,10000.0,10.0,0.0008,10.0,50.0,17.358189821243286,3.986970901489258,1.0,32.0,5.385666608810425,3.8777458667755127,1.0,20.0,5.4971137046813965,3.937569379806519,1.0,10.0,5.529932260513306,3.901244401931762,1.0
gaussian-7-noOverlap,10000.0,20.0,0.0016,1.0,50.0,16.770206212997437,3.873114585876465,1.0,32.0,4.887633085250855,3.899453639984131,1.0,20.0,4.8329784870147705,3.9056315422058105,1.0,10.0,5.104977369308472,3.9295713901519775,1.0
gaussian-7-noOverlap,10000.0,20.0,0.0016,2.0,50.0,16.197406768798828,3.970836877822876,1.0,32.0,5.206264495849609,3.9181277751922607,1.0,20.0,4.835405826568604,3.928814649581909,1.0,10.0,5.127725601196289,3.912191152572632,1.0
gaussian-7-noOverlap,10000.0,20.0,0.0016,3.0,50.0,16.66260838508606,3.937762260437012,1.0,32.0,5.260500907897949,3.954972267150879,1.0,20.0,4.935926914215088,3.944301843643189,1.0,10.0,5.256525993347168,3.9669909477233887,1.0
gaussian-7-noOverlap,10000.0,20.0,0.0016,4.0,50.0,16.472058296203613,4.01138973236084,1.0,32.0,5.3590476512908936,3.925824642181397,1.0,20.0,4.945929765701294,3.9152135848999023,1.0,10.0,5.2936413288116455,3.920679807662964,1.0
gaussian-7-noOverlap,10000.0,20.0,0.0016,5.0,50.0,16.877281427383423,3.9055118560791016,1.0,32.0,5.313559770584106,3.886529684066773,1.0,20.0,4.96257472038269,3.9050934314727774,1.0,10.0,5.26849889755249,3.937268733978272,1.0
gaussian-7-noOverlap,10000.0,20.0,0.0016,6.0,50.0,18.9678921699524,4.175212144851685,1.0,32.0,6.403428792953491,4.1912760734558105,1.0,20.0,6.109550714492798,4.214736223220825,1.0,10.0,6.428195953369141,4.193988561630249,1.0
gaussian-7-noOverlap,10000.0,20.0,0.0016,7.0,50.0,16.855401039123535,3.7500579357147217,1.0,32.0,5.107937335968018,3.835198402404785,1.0,20.0,5.15707802772522,3.80354380607605,1.0,10.0,5.500591993331909,3.793814897537232,1.0
gaussian-7-noOverlap,10000.0,20.0,0.0016,8.0,50.0,19.08080768585205,4.030974388122559,1.0,32.0,5.959383726119995,4.059823751449585,1.0,20.0,6.108036041259766,4.058533668518066,1.0,10.0,6.3086888790130615,4.069591760635376,1.0
gaussian-7-noOverlap,10000.0,20.0,0.0016,9.0,50.0,16.677172899246216,3.969360589981079,1.0,32.0,5.216511011123657,4.005640268325806,1.0,20.0,4.886783123016357,3.9623770713806152,1.0,10.0,5.286083221435547,3.9655795097351074,1.0
gaussian-7-noOverlap,10000.0,20.0,0.0016,10.0,50.0,16.99579358100891,3.939790964126587,1.0,32.0,5.235341787338257,3.91329574584961,1.0,20.0,4.887206315994263,3.9119174480438232,1.0,10.0,5.074888944625855,3.903704881668091,1.0
gaussian-7-noOverlap,10000.0,50.0,0.004,1.0,50.0,18.52078151702881,4.19599175453186,1.0,32.0,6.112695932388306,4.188889026641846,1.0,20.0,5.785852432250977,4.30304765701294,1.0,10.0,6.2914347648620605,4.407193660736084,1.0
gaussian-7-noOverlap,10000.0,50.0,0.004,2.0,50.0,16.751585483551025,3.992351531982422,1.0,32.0,5.3115339279174805,3.924871683120728,1.0,20.0,5.261131763458252,3.9107234477996826,1.0,10.0,5.286731243133545,3.9299817085266113,1.0
gaussian-7-noOverlap,10000.0,50.0,0.004,3.0,50.0,17.652430295944214,4.025215864181519,1.0,32.0,5.647716760635376,3.951510190963745,1.0,20.0,5.5890867710113525,3.949856996536255,1.0,10.0,5.561991453170776,3.9591660499572754,1.0
gaussian-7-noOverlap,10000.0,50.0,0.004,4.0,50.0,17.639734506607056,3.9107415676116943,1.0,32.0,5.380682229995728,3.9349522590637207,1.0,20.0,4.992914199829102,3.942515134811402,1.0,10.0,5.5477821826934814,3.9142792224884033,1.0
gaussian-7-noOverlap,10000.0,50.0,0.004,5.0,50.0,18.546072721481323,4.192310094833374,1.0,32.0,6.0589280128479,4.297540187835693,1.0,20.0,6.082203149795532,4.40817928314209,1.0,10.0,5.815664052963257,4.338572025299072,1.0
gaussian-7-noOverlap,10000.0,50.0,0.004,6.0,50.0,17.419480323791504,3.942758798599243,1.0,32.0,5.341182231903076,3.881348848342896,1.0,20.0,5.366247653961182,3.9763498306274414,1.0,10.0,5.291024446487427,3.913323879241944,1.0
gaussian-7-noOverlap,10000.0,50.0,0.004,7.0,50.0,17.44180679321289,4.095102071762085,1.0,32.0,5.373081684112549,4.07231330871582,1.0,20.0,5.463083028793335,4.084225654602051,1.0,10.0,5.102625608444214,4.080491304397583,1.0
gaussian-7-noOverlap,10000.0,50.0,0.004,8.0,50.0,17.24224019050598,3.989845752716065,1.0,32.0,5.390744924545288,3.973682165145874,1.0,20.0,5.480261325836182,3.952604055404663,1.0,10.0,5.412070035934448,3.982804536819458,1.0
gaussian-7-noOverlap,10000.0,50.0,0.004,9.0,50.0,17.126777172088623,3.854689836502075,1.0,32.0,5.415509462356567,3.841261148452759,1.0,20.0,5.518391847610474,3.847742319107056,1.0,10.0,5.467796325683594,3.87148380279541,1.0
gaussian-7-noOverlap,10000.0,50.0,0.004,10.0,50.0,17.13245439529419,3.913594961166382,1.0,32.0,5.346814632415772,3.922361135482788,1.0,20.0,5.338435649871826,3.9019508361816406,1.0,10.0,5.385635852813721,3.9076876640319824,1.0
gaussian-7-noOverlap,10000.0,100.0,0.008,1.0,50.0,20.0991792678833,4.5121612548828125,1.0,32.0,6.139164209365845,4.566356420516968,1.0,20.0,6.41832447052002,4.055856466293335,1.0,10.0,5.5178937911987305,4.057563781738281,1.0
gaussian-7-noOverlap,10000.0,100.0,0.008,2.0,50.0,18.121187448501587,4.045393466949463,1.0,32.0,5.233184099197388,3.983151912689209,1.0,20.0,5.599100828170776,3.9782731533050537,1.0,10.0,5.486817836761475,3.988227128982544,1.0
gaussian-7-noOverlap,10000.0,100.0,0.008,3.0,50.0,18.12395739555359,4.069415330886841,1.0,32.0,5.181102275848389,4.114370346069336,1.0,20.0,5.440789699554443,4.094120025634766,1.0,10.0,5.506228446960449,4.170637130737305,1.0
gaussian-7-noOverlap,10000.0,100.0,0.008,4.0,50.0,20.72816252708435,4.051290512084961,1.0,32.0,6.4689271450042725,4.045090913772583,1.0,20.0,6.697930097579956,4.056631326675415,1.0,10.0,6.809216737747192,4.040937423706055,1.0
gaussian-7-noOverlap,10000.0,100.0,0.008,5.0,50.0,17.281545400619507,3.928088665008545,1.0,32.0,5.18366265296936,3.957740306854248,1.0,20.0,5.508822441101074,3.948961496353149,1.0,10.0,5.427373647689819,3.9228694438934326,1.0
gaussian-7-noOverlap,10000.0,100.0,0.008,6.0,50.0,21.48834466934204,4.090519189834595,1.0,32.0,6.450884342193604,4.100764513015747,1.0,20.0,7.268286943435669,4.094531774520874,1.0,10.0,6.93297553062439,4.091602087020874,1.0
gaussian-7-noOverlap,10000.0,100.0,0.008,7.0,50.0,19.758999586105347,4.053424119949341,1.0,32.0,6.791305065155029,4.071105003356934,1.0,20.0,6.906229734420776,4.0848228931427,1.0,10.0,6.944295167922974,4.103904724121094,1.0
gaussian-7-noOverlap,10000.0,100.0,0.008,8.0,50.0,20.447267055511475,4.326884746551514,1.0,32.0,6.466538190841675,4.212965488433838,1.0,20.0,7.235468626022339,4.156243801116943,1.0,10.0,6.740849494934082,4.142023324966431,1.0
gaussian-7-noOverlap,10000.0,100.0,0.008,9.0,50.0,18.435974597930908,3.971447467803955,1.0,32.0,5.2830071449279785,4.056997299194336,1.0,20.0,5.6832356452941895,3.983154058456421,1.0,10.0,5.611762285232544,4.065204381942749,1.0
gaussian-7-noOverlap,10000.0,100.0,0.008,10.0,50.0,21.255202054977417,3.994910717010498,1.0,32.0,5.694575548171997,4.075073480606079,1.0,20.0,6.148795366287232,4.098769664764404,1.0,10.0,6.136394739151001,4.0135719776153564,1.0
gaussian-7-noOverlap,10000.0,200.0,0.016,1.0,50.0,22.36887192726136,4.206005811691284,1.0,32.0,6.616880893707275,4.158530235290527,1.0,20.0,7.142822265625,4.214781999588013,1.0,10.0,7.072664022445679,4.214100360870361,1.0
gaussian-7-noOverlap,10000.0,200.0,0.016,2.0,50.0,20.189324617385864,4.0224690437316895,1.0,32.0,6.361793518066406,4.003220558166504,1.0,20.0,6.179372787475586,4.041952610015869,1.0,10.0,6.766300201416016,4.028692722320557,1.0
gaussian-7-noOverlap,10000.0,200.0,0.016,3.0,50.0,19.504809141159058,3.910386085510254,1.0,32.0,5.634098291397095,3.844713449478149,1.0,20.0,5.74298095703125,4.207745790481567,1.0,10.0,5.833758592605591,3.967118263244629,1.0
gaussian-7-noOverlap,10000.0,200.0,0.016,4.0,50.0,20.793524980545044,4.067410707473755,1.0,32.0,6.361655235290527,4.041214227676392,1.0,20.0,6.411514759063721,4.05665397644043,1.0,10.0,6.472335815429688,4.063598394393921,1.0
gaussian-7-noOverlap,10000.0,200.0,0.016,6.0,50.0,21.492642164230347,4.086769104003906,1.0,32.0,6.4479968547821045,4.05866813659668,1.0,20.0,6.176940679550171,4.077075481414795,1.0,10.0,7.198756694793701,4.177721261978149,1.0
gaussian-7-noOverlap,10000.0,200.0,0.016,7.0,50.0,21.769060373306274,4.161646842956543,1.0,32.0,6.404778480529785,4.102151155471802,1.0,20.0,6.798906564712524,4.099698066711426,1.0,10.0,6.879122734069824,4.094947576522827,1.0
gaussian-7-noOverlap,10000.0,200.0,0.016,8.0,50.0,18.76701784133911,4.050613880157471,1.0,32.0,5.2519211769104,4.040869951248169,1.0,20.0,5.717550277709961,4.038390398025513,1.0,10.0,5.958102703094482,4.047997236251831,1.0
gaussian-7-noOverlap,10000.0,200.0,0.016,9.0,50.0,18.50842976570129,4.074451923370361,1.0,32.0,5.14906907081604,4.144103050231934,1.0,20.0,5.567550659179688,4.210973739624023,1.0,10.0,5.5753254890441895,4.174499034881592,1.0
gaussian-7-noOverlap,10000.0,200.0,0.016,10.0,50.0,18.748618364334103,3.901195287704468,1.0,32.0,5.304924011230469,3.944284439086914,1.0,20.0,5.687652349472046,3.956923007965088,1.0,10.0,5.841823816299439,3.929434776306152,1.0
gaussian-7-noOverlap,15000.0,10.0,0.0012,1.0,50.0,28.803598165512085,8.8667471408844,1.0,32.0,9.706030130386353,8.961832284927368,1.0,20.0,9.779405117034912,8.872687339782715,1.0,10.0,10.469500303268433,8.905040979385376,1.0
gaussian-7-noOverlap,15000.0,10.0,0.0012,2.0,50.0,23.48892974853516,8.503764152526855,1.0,32.0,7.880669832229614,8.570907354354858,1.0,20.0,8.035088300704956,8.547301530838013,1.0,10.0,8.372594594955444,8.517573833465576,1.0
gaussian-7-noOverlap,15000.0,10.0,0.0012,3.0,50.0,27.680342197418213,8.923588037490845,1.0,32.0,9.093456506729126,8.8069486618042,1.0,20.0,10.104219913482666,8.71882677078247,1.0,10.0,10.211034536361694,8.790949583053589,1.0
gaussian-7-noOverlap,15000.0,10.0,0.0012,4.0,50.0,27.763854265213013,8.85295057296753,1.0,32.0,10.094805479049684,8.738277673721313,1.0,20.0,9.925740718841553,8.731720685958862,1.0,10.0,9.98880124092102,8.728497982025146,1.0
gaussian-7-noOverlap,15000.0,10.0,0.0012,5.0,50.0,26.016378164291385,8.67354130744934,1.0,32.0,8.728329420089722,8.694034099578857,1.0,20.0,8.829244375228882,8.73963451385498,1.0,10.0,9.280677795410156,8.575210809707642,1.0
gaussian-7-noOverlap,15000.0,10.0,0.0012,6.0,50.0,24.23104739189148,8.447797536849976,1.0,32.0,7.944127798080444,8.37479567527771,1.0,20.0,8.15927767753601,8.385068893432617,1.0,10.0,8.535192012786865,8.368589162826538,1.0
gaussian-7-noOverlap,15000.0,10.0,0.0012,7.0,50.0,25.7769422531128,8.615502834320068,1.0,32.0,8.731828689575195,8.405071258544922,1.0,20.0,8.820594310760498,8.582807540893555,1.0,10.0,9.336195945739746,8.693352460861206,1.0
gaussian-7-noOverlap,15000.0,10.0,0.0012,8.0,50.0,26.98691987991333,8.921423435211182,1.0,32.0,9.399701595306396,8.882713079452515,1.0,20.0,9.496323585510254,8.933812856674194,1.0,10.0,10.095218181610107,8.907275199890137,1.0
gaussian-7-noOverlap,15000.0,10.0,0.0012,9.0,50.0,27.02530193328857,8.770004749298096,1.0,32.0,9.527461290359495,8.779921770095825,1.0,20.0,9.610170364379885,8.697913408279419,1.0,10.0,10.181213617324827,8.82430100440979,1.0
gaussian-7-noOverlap,15000.0,10.0,0.0012,10.0,50.0,23.241905450820923,8.635483741760254,1.0,32.0,8.293761253356934,8.681470155715942,1.0,20.0,8.034180164337158,8.668589115142822,1.0,10.0,8.097971439361572,9.01600170135498,1.0
gaussian-7-noOverlap,15000.0,20.0,0.0024,1.0,50.0,26.661662340164185,8.543288946151733,1.0,32.0,8.976180791854858,8.623637199401855,1.0,20.0,8.725436687469482,8.54331922531128,1.0,10.0,8.846319437026978,8.515507698059082,1.0
gaussian-7-noOverlap,15000.0,20.0,0.0024,2.0,50.0,26.5717568397522,8.837602138519287,1.0,32.0,8.73138976097107,8.634793758392334,1.0,20.0,8.383111476898193,8.752733707427979,1.0,10.0,9.105439901351929,8.724867105484009,1.0
gaussian-7-noOverlap,15000.0,20.0,0.0024,3.0,50.0,29.34156537055969,8.720373630523682,1.0,32.0,10.526494979858398,8.738081216812134,1.0,20.0,10.090885639190674,8.747029066085815,1.0,10.0,10.961276054382324,8.732607364654541,1.0
gaussian-7-noOverlap,15000.0,20.0,0.0024,4.0,50.0,30.5505211353302,8.909111499786377,1.0,32.0,10.56348967552185,8.948010921478271,1.0,20.0,10.08670973777771,8.981090307235718,1.0,10.0,10.726978063583374,9.039223432540894,1.0
gaussian-7-noOverlap,15000.0,20.0,0.0024,5.0,50.0,29.71430611610413,8.778623104095459,1.0,32.0,10.674754858016968,8.56419849395752,1.0,20.0,9.8521990776062,8.592998027801514,1.0,10.0,10.304297685623167,8.566227912902832,1.0
gaussian-7-noOverlap,15000.0,20.0,0.0024,6.0,50.0,24.43967866897583,8.556787490844727,1.0,32.0,9.010494232177734,8.59912371635437,1.0,20.0,8.186432123184204,8.642495393753052,1.0,10.0,8.903284788131714,8.65616226196289,1.0
gaussian-7-noOverlap,15000.0,20.0,0.0024,7.0,50.0,28.09288763999939,8.924373626708984,1.0,32.0,9.779280185699465,8.955616474151611,1.0,20.0,9.438154935836792,8.817912101745605,1.0,10.0,9.77604627609253,9.053946733474731,1.0
gaussian-7-noOverlap,15000.0,20.0,0.0024,8.0,50.0,24.270418643951416,8.410237550735474,1.0,32.0,8.529815673828125,8.392117500305176,1.0,20.0,8.130064487457275,8.441576957702637,1.0,10.0,8.521891355514526,8.442173719406128,1.0
gaussian-7-noOverlap,15000.0,20.0,0.0024,9.0,50.0,29.151225566864014,8.87450885772705,1.0,32.0,10.699978590011597,8.956443071365356,1.0,20.0,10.758668899536133,9.020859241485596,1.0,10.0,11.011849164962769,8.923699617385864,1.0
gaussian-7-noOverlap,15000.0,20.0,0.0024,10.0,50.0,29.41964316368103,8.818360805511475,0.6621016832332575,32.0,10.685698986053469,8.80038595199585,1.0,20.0,10.19124984741211,8.802025318145752,1.0,10.0,11.084063529968262,8.86939811706543,1.0
gaussian-7-noOverlap,15000.0,50.0,0.006,1.0,50.0,32.44969367980957,8.77494502067566,1.0,32.0,10.953381538391112,8.767027378082275,1.0,20.0,11.621562480926514,8.770296096801758,1.0,10.0,12.274343013763428,8.78319787979126,1.0
gaussian-7-noOverlap,15000.0,50.0,0.006,2.0,50.0,31.42567539215088,8.929794311523438,1.0,32.0,11.575037002563477,8.856062650680542,1.0,20.0,11.373504161834717,8.8528573513031,1.0,10.0,11.43300986289978,8.911963701248169,1.0
gaussian-7-noOverlap,15000.0,50.0,0.006,3.0,50.0,32.02395510673523,8.838317155838013,1.0,32.0,11.122135400772097,8.821803569793701,1.0,20.0,11.316874980926514,8.857669353485107,1.0,10.0,11.81610631942749,8.881515979766846,1.0
gaussian-7-noOverlap,15000.0,50.0,0.006,4.0,50.0,32.76019763946533,8.960631608963013,1.0,32.0,11.623425006866457,8.97287130355835,1.0,20.0,11.841615915298462,8.946387767791748,1.0,10.0,11.81706976890564,8.996335506439209,1.0
gaussian-7-noOverlap,15000.0,50.0,0.006,5.0,50.0,30.403666973114014,8.6168372631073,1.0,32.0,8.954782247543335,8.558579683303833,1.0,20.0,9.207580804824827,8.528180360794067,1.0,10.0,9.70063591003418,8.664676427841187,1.0
gaussian-7-noOverlap,15000.0,50.0,0.006,6.0,50.0,27.96320343017578,8.66164255142212,1.0,32.0,9.285093784332275,8.666500091552734,1.0,20.0,9.68623185157776,8.681785106658936,1.0,10.0,9.50078797340393,8.616230010986328,1.0
gaussian-7-noOverlap,15000.0,50.0,0.006,7.0,50.0,27.28277921676636,8.529430150985718,1.0,32.0,8.561492681503296,8.480890989303589,1.0,20.0,9.073390007019045,8.390001058578491,1.0,10.0,9.590022325515749,8.455485105514526,1.0
gaussian-7-noOverlap,15000.0,50.0,0.006,8.0,50.0,33.38677191734314,8.859642505645752,1.0,32.0,11.194482564926147,8.921184778213501,1.0,20.0,11.299728155136108,8.90097975730896,1.0,10.0,11.93113613128662,8.8861243724823,1.0
gaussian-7-noOverlap,15000.0,50.0,0.006,9.0,50.0,31.820353746414185,8.920109033584595,1.0,32.0,10.867570638656616,8.823559045791626,1.0,20.0,11.4860577583313,8.84004807472229,1.0,10.0,11.167120456695557,8.86588978767395,1.0
gaussian-7-noOverlap,15000.0,50.0,0.006,10.0,50.0,28.055176973342896,8.944148063659668,1.0,32.0,9.108172416687012,8.757344007492065,1.0,20.0,8.915461301803589,8.827586889266968,1.0,10.0,9.687631130218506,8.739102602005005,1.0
gaussian-7-noOverlap,15000.0,100.0,0.012,1.0,50.0,32.81496596336365,8.988966464996338,1.0,32.0,11.807402610778809,9.01155710220337,1.0,20.0,11.46528697013855,8.94485855102539,1.0,10.0,11.464076280593872,8.967402935028076,1.0
gaussian-7-noOverlap,15000.0,100.0,0.012,2.0,50.0,33.13624858856201,9.252574920654297,1.0,32.0,11.623334884643556,9.338784217834473,1.0,20.0,11.561021089553831,9.10801386833191,1.0,10.0,12.14737844467163,9.10545253753662,1.0
gaussian-7-noOverlap,15000.0,100.0,0.012,3.0,50.0,33.48732399940491,9.006341218948364,1.0,32.0,11.430971145629885,8.992319345474243,1.0,20.0,11.644134044647217,9.028107404708862,1.0,10.0,11.910587072372437,8.972632884979248,1.0
gaussian-7-noOverlap,15000.0,100.0,0.012,4.0,50.0,32.7039475440979,9.037121534347534,1.0,32.0,11.488973140716553,9.040699481964111,1.0,20.0,11.476633310317991,9.064849376678469,1.0,10.0,11.589152097702026,8.843923091888428,1.0
gaussian-7-noOverlap,15000.0,100.0,0.012,5.0,50.0,30.435333490371704,8.491714715957642,1.0,32.0,10.56576132774353,8.50229525566101,1.0,20.0,10.554919481277466,8.526750564575195,1.0,10.0,10.47900938987732,8.617594957351685,1.0
gaussian-7-noOverlap,15000.0,100.0,0.012,6.0,50.0,30.653321743011475,8.728040218353271,1.0,32.0,10.55482053756714,8.58889365196228,1.0,20.0,10.472721576690674,8.70578384399414,1.0,10.0,10.454753637313845,8.774515628814697,1.0
gaussian-7-noOverlap,15000.0,100.0,0.012,7.0,50.0,27.94136428833008,8.419177055358887,1.0,32.0,9.25440788269043,8.315306186676025,1.0,20.0,9.735196590423584,8.386266946792603,1.0,10.0,9.381466627120972,8.398030042648315,1.0
gaussian-7-noOverlap,15000.0,100.0,0.012,8.0,50.0,31.94695281982422,9.320663452148438,1.0,32.0,11.49361491203308,9.046979904174805,1.0,20.0,11.109499454498293,9.129282474517822,1.0,10.0,11.154205799102783,9.266852617263794,1.0
gaussian-7-noOverlap,15000.0,100.0,0.012,9.0,50.0,34.07725262641907,9.238952875137327,1.0,32.0,10.796783924102783,9.120349168777466,1.0,20.0,11.741554260253906,9.104049682617188,1.0,10.0,11.464251279830933,9.129454135894775,1.0
gaussian-7-noOverlap,15000.0,100.0,0.012,10.0,50.0,31.79799723625183,9.148987054824827,1.0,32.0,11.39830470085144,9.129055500030518,1.0,20.0,11.269984245300291,8.832931280136108,1.0,10.0,11.501830577850342,8.95906949043274,1.0
gaussian-7-noOverlap,15000.0,200.0,0.024,1.0,50.0,35.51466512680054,9.134092330932615,1.0,32.0,11.475853443145752,9.136146545410156,1.0,20.0,11.657121658325195,9.068812847137451,1.0,10.0,12.056824445724487,9.162436485290527,1.0
gaussian-7-noOverlap,15000.0,200.0,0.024,2.0,50.0,36.21657514572144,9.146822452545166,1.0,32.0,11.4062979221344,9.12597370147705,1.0,20.0,11.924803256988524,9.106582641601562,1.0,10.0,11.466451168060305,9.14228367805481,1.0
gaussian-7-noOverlap,15000.0,200.0,0.024,3.0,50.0,35.395771741867065,8.912025213241577,1.0,32.0,10.821280717849731,8.79765009880066,1.0,20.0,11.6240553855896,8.882386684417725,1.0,10.0,11.836897134780884,9.019729852676392,1.0
gaussian-7-noOverlap,15000.0,200.0,0.024,4.0,50.0,33.089566707611084,8.783003330230713,1.0,32.0,10.520652532577516,8.734977006912231,1.0,20.0,9.07097601890564,8.84186053276062,1.0,10.0,9.39981198310852,8.851270914077759,1.0
gaussian-7-noOverlap,15000.0,200.0,0.024,5.0,50.0,29.499999284744263,8.729265928268433,1.0,32.0,9.062408447265623,8.745206356048584,1.0,20.0,9.18289065361023,8.700003147125244,1.0,10.0,9.641734838485718,8.722034454345703,1.0
gaussian-7-noOverlap,15000.0,200.0,0.024,6.0,50.0,30.11697745323181,9.131274938583374,1.0,32.0,8.982937097549438,8.837213516235352,1.0,20.0,9.233641147613524,8.846390962600708,1.0,10.0,9.666152000427246,8.847416162490845,1.0
gaussian-7-noOverlap,15000.0,200.0,0.024,7.0,50.0,30.75181818008423,8.639553785324097,1.0,32.0,9.308989524841309,8.576472043991089,1.0,20.0,9.416912317276,8.56568431854248,1.0,10.0,9.539152145385742,8.574312925338745,1.0
gaussian-7-noOverlap,15000.0,200.0,0.024,8.0,50.0,28.960623502731323,8.754072427749634,1.0,32.0,9.211626768112184,8.750078916549683,1.0,20.0,9.21998929977417,8.740851640701294,1.0,10.0,9.68836259841919,8.7458336353302,1.0
gaussian-7-noOverlap,15000.0,200.0,0.024,10.0,50.0,29.598822116851807,8.345824003219604,1.0,32.0,9.314114809036257,8.520679950714111,1.0,20.0,9.398226261138916,8.4476158618927,1.0,10.0,9.753552436828612,8.369833707809448,1.0
gaussian-7-noOverlap,20000.0,10.0,0.0016,1.0,50.0,37.99704074859619,16.489877700805664,1.0,32.0,14.70119333267212,16.492395639419556,1.0,20.0,14.41814923286438,16.37614679336548,1.0,10.0,14.339167356491089,16.36508321762085,1.0
gaussian-7-noOverlap,20000.0,10.0,0.0016,2.0,50.0,32.653552293777466,14.739685773849487,1.0,32.0,12.031293869018556,14.818421125411987,1.0,20.0,11.901804685592651,14.78420114517212,1.0,10.0,11.915167808532717,16.07214879989624,1.0
gaussian-7-noOverlap,20000.0,10.0,0.0016,3.0,50.0,33.12268877029419,14.952493906021118,1.0,32.0,11.427377700805664,16.777998208999634,1.0,20.0,13.70545244216919,16.164812564849854,1.0,10.0,12.677031517028809,14.469805002212524,1.0
gaussian-7-noOverlap,20000.0,10.0,0.0016,4.0,50.0,32.62813901901245,14.930585622787476,1.0,32.0,11.45676589012146,15.3781840801239,1.0,20.0,11.280068635940552,15.458879947662354,1.0,10.0,11.85920000076294,15.111958026885986,1.0
gaussian-7-noOverlap,20000.0,10.0,0.0016,5.0,50.0,33.9054160118103,14.447190284729004,1.0,32.0,11.646520853042604,14.47876787185669,1.0,20.0,11.898366928100586,14.79173183441162,1.0,10.0,12.463529109954834,14.527389287948608,1.0
gaussian-7-noOverlap,20000.0,10.0,0.0016,6.0,50.0,35.754918336868286,15.190829992294312,1.0,32.0,11.94166874885559,15.014845848083496,1.0,20.0,11.825925588607788,14.6926748752594,1.0,10.0,11.930118560791016,14.79112696647644,1.0
gaussian-7-noOverlap,20000.0,10.0,0.0016,7.0,50.0,38.70984601974487,16.4322988986969,1.0,32.0,14.169349908828735,16.636611461639404,1.0,20.0,14.156074047088625,16.146167039871216,1.0,10.0,14.08055305480957,16.507969617843628,1.0
gaussian-7-noOverlap,20000.0,10.0,0.0016,8.0,50.0,34.501781702041626,14.658948183059692,1.0,32.0,11.591941595077516,14.612048625946043,1.0,20.0,11.521342992782593,14.72034764289856,1.0,10.0,11.769039154052734,14.499592065811155,1.0
gaussian-7-noOverlap,20000.0,10.0,0.0016,9.0,50.0,34.11796760559082,14.48193335533142,1.0,32.0,11.5745267868042,14.379252672195436,1.0,20.0,11.830734014511108,14.370756149291992,1.0,10.0,11.853026866912842,14.370178937911987,1.0
gaussian-7-noOverlap,20000.0,10.0,0.0016,10.0,50.0,33.80166435241699,14.388493537902832,1.0,32.0,11.591015100479126,14.42860460281372,1.0,20.0,11.923648595809937,14.644378185272217,1.0,10.0,12.417396068572998,16.001681089401245,1.0
gaussian-7-noOverlap,20000.0,20.0,0.0032,1.0,50.0,35.69444966316223,14.990885257720947,1.0,32.0,12.653566837310793,15.406015872955322,1.0,20.0,13.335131883621216,15.356925964355469,1.0,10.0,17.19418716430664,15.488124370574951,1.0
gaussian-7-noOverlap,20000.0,20.0,0.0032,2.0,50.0,37.28623080253601,14.698042392730711,1.0,32.0,12.272022008895874,14.714522123336792,1.0,20.0,12.72383952140808,14.664222955703735,1.0,10.0,13.508384227752686,15.026984453201294,1.0
gaussian-7-noOverlap,20000.0,20.0,0.0032,3.0,50.0,36.535537004470825,14.62352967262268,1.0,32.0,12.853617429733276,14.57038712501526,1.0,20.0,12.830300569534302,14.787424087524414,1.0,10.0,13.909659624099731,15.368573188781738,1.0
gaussian-7-noOverlap,20000.0,20.0,0.0032,4.0,50.0,37.89164972305298,14.909569501876833,1.0,32.0,12.980783224105837,15.085632085800173,1.0,20.0,13.35404372215271,15.10990571975708,1.0,10.0,13.403387069702148,15.141400337219238,1.0
gaussian-7-noOverlap,20000.0,20.0,0.0032,5.0,50.0,35.62011671066284,14.753072261810305,1.0,32.0,12.453530550003052,14.833200693130491,1.0,20.0,13.753772497177124,14.778156280517578,1.0,10.0,13.476290464401243,14.884500741958618,1.0
gaussian-7-noOverlap,20000.0,20.0,0.0032,6.0,50.0,37.75102972984314,15.126993894577026,1.0,32.0,12.690146923065186,15.207199573516846,1.0,20.0,13.240514755249023,14.980443239212036,1.0,10.0,13.333252668380736,15.007089614868164,1.0
gaussian-7-noOverlap,20000.0,20.0,0.0032,7.0,50.0,41.25655722618103,16.0910062789917,1.0,32.0,15.382143259048462,16.341803789138794,1.0,20.0,15.961976051330566,16.42293930053711,1.0,10.0,16.06201410293579,16.646983861923218,1.0
gaussian-7-noOverlap,20000.0,20.0,0.0032,8.0,50.0,35.46280217170715,14.931675672531128,1.0,32.0,12.8294038772583,14.994150400161743,1.0,20.0,13.224594354629517,14.927684545516968,1.0,10.0,13.2490656375885,14.790267944335938,1.0
gaussian-7-noOverlap,20000.0,20.0,0.0032,9.0,50.0,36.53905296325684,14.579965353012083,1.0,32.0,13.004692554473875,14.59722065925598,1.0,20.0,12.616087198257446,14.542023420333862,1.0,10.0,13.686777353286743,14.563636541366575,1.0
gaussian-7-noOverlap,20000.0,20.0,0.0032,10.0,50.0,35.458901166915894,14.59026288986206,1.0,32.0,12.36681842803955,14.587914943695068,1.0,20.0,13.104310035705566,14.704083681106567,1.0,10.0,13.876064777374268,14.725085735321043,1.0
gaussian-7-noOverlap,20000.0,50.0,0.008,1.0,50.0,46.015738010406494,17.090587854385376,1.0,32.0,15.640899419784546,16.35981011390686,1.0,20.0,16.19034433364868,16.44329309463501,1.0,10.0,17.084470510482788,16.41344380378723,1.0
gaussian-7-noOverlap,20000.0,50.0,0.008,2.0,50.0,36.42773771286011,14.406131982803345,1.0,32.0,12.905743598937988,14.25808572769165,1.0,20.0,13.58515453338623,14.34317111968994,1.0,10.0,13.278324604034424,14.219685077667236,1.0
gaussian-7-noOverlap,20000.0,50.0,0.008,3.0,50.0,40.72354483604431,14.753963947296144,1.0,32.0,13.499465703964232,14.892378568649292,1.0,20.0,13.269503355026243,17.284630060195923,1.0,10.0,20.15010523796081,16.43664860725403,1.0
gaussian-7-noOverlap,20000.0,50.0,0.008,4.0,50.0,37.35205268859863,14.700901985168455,1.0,32.0,13.08305048942566,14.56514835357666,1.0,20.0,13.160164594650269,14.581767082214355,1.0,10.0,14.325607299804688,15.774113178253174,1.0
gaussian-7-noOverlap,20000.0,50.0,0.008,5.0,50.0,38.9718508720398,15.8828125,1.0,32.0,13.868687391281128,15.863250017166138,1.0,20.0,13.754873037338257,15.91038966178894,1.0,10.0,13.55408239364624,16.258421897888184,1.0
gaussian-7-noOverlap,20000.0,50.0,0.008,6.0,50.0,37.27081751823425,14.655396938323976,1.0,32.0,12.979442358016968,14.632867574691772,1.0,20.0,13.089104890823364,14.60776686668396,1.0,10.0,13.721210956573486,14.588652849197388,1.0
gaussian-7-noOverlap,20000.0,50.0,0.008,7.0,50.0,42.76966881752014,15.60083532333374,1.0,32.0,15.260130882263184,15.722096681594849,1.0,20.0,15.510552883148192,15.915136098861694,1.0,10.0,16.285345792770386,17.00633454322815,1.0
gaussian-7-noOverlap,20000.0,50.0,0.008,8.0,50.0,39.03870248794556,14.52730131149292,1.0,32.0,13.70379900932312,14.54456877708435,1.0,20.0,13.382981300354004,14.455181121826172,1.0,10.0,13.409778118133543,14.562363386154177,1.0
gaussian-7-noOverlap,20000.0,50.0,0.008,9.0,50.0,40.09458112716675,14.73282504081726,1.0,32.0,14.028328657150269,14.695254802703856,1.0,20.0,13.542726039886476,14.851377248764038,1.0,10.0,13.608781576156616,14.7921040058136,1.0
gaussian-7-noOverlap,20000.0,50.0,0.008,10.0,50.0,39.85659313201904,14.78194522857666,1.0,32.0,13.395934343338013,14.838675260543823,1.0,20.0,14.061587810516356,14.783493995666504,1.0,10.0,13.779157400131226,14.693909883499146,1.0
gaussian-7-noOverlap,20000.0,100.0,0.016,1.0,50.0,41.25194549560547,14.975857257843018,1.0,32.0,13.47193717956543,15.070433855056764,1.0,20.0,13.77395224571228,15.080878734588625,1.0,10.0,14.518006086349487,14.985591650009155,1.0
gaussian-7-noOverlap,20000.0,100.0,0.016,2.0,50.0,39.91148066520691,14.805965185165403,1.0,32.0,13.66154170036316,14.751808166503906,1.0,20.0,13.796390533447266,14.73069977760315,1.0,10.0,13.83170747756958,14.699461221694946,1.0
gaussian-7-noOverlap,20000.0,100.0,0.016,3.0,50.0,40.63739895820618,15.42370080947876,1.0,32.0,13.723499298095703,14.973445177078249,1.0,20.0,13.959279775619509,14.78454875946045,1.0,10.0,14.502487659454346,14.909637928009031,1.0
gaussian-7-noOverlap,20000.0,100.0,0.016,4.0,50.0,43.47109746932984,16.47732162475586,1.0,32.0,15.57440733909607,16.485448598861694,1.0,20.0,15.317224502563477,16.64423131942749,1.0,10.0,15.955129623413086,16.49162268638611,1.0
gaussian-7-noOverlap,20000.0,100.0,0.016,5.0,50.0,39.682969093322754,15.326006650924684,1.0,32.0,13.18387007713318,15.342198848724363,1.0,20.0,13.607566356658936,15.159579753875732,1.0,10.0,13.489139556884766,15.126909732818604,1.0
gaussian-7-noOverlap,20000.0,100.0,0.016,6.0,50.0,38.76069402694702,15.414451360702516,1.0,32.0,13.574783563613892,15.347033739089966,1.0,20.0,13.437443971633911,15.239169359207152,1.0,10.0,14.107149839401243,15.262422561645508,1.0
gaussian-7-noOverlap,20000.0,100.0,0.016,7.0,50.0,39.09296345710754,15.187363386154177,1.0,32.0,13.179043769836426,15.359768867492676,1.0,20.0,13.36412000656128,15.493969440460203,1.0,10.0,13.868728876113892,15.246630668640137,1.0
gaussian-7-noOverlap,20000.0,100.0,0.016,8.0,50.0,40.00974178314209,15.416077136993408,1.0,32.0,13.667492628097534,15.244705438613892,1.0,20.0,13.570908308029177,15.28459358215332,1.0,10.0,14.007970094680786,15.311818599700928,1.0
gaussian-7-noOverlap,20000.0,100.0,0.016,9.0,50.0,39.16477727890015,15.22862195968628,1.0,32.0,13.087878704071043,15.241022109985352,1.0,20.0,13.32921552658081,15.261857271194458,1.0,10.0,13.848533630371094,15.0809428691864,1.0
gaussian-7-noOverlap,20000.0,100.0,0.016,10.0,50.0,39.42860102653504,15.158779621124268,1.0,32.0,13.510565519332886,15.205632448196411,1.0,20.0,13.483487844467165,15.185379981994627,1.0,10.0,14.02927303314209,15.184671878814695,1.0
gaussian-7-noOverlap,20000.0,200.0,0.032,1.0,50.0,40.77716636657715,15.185275554656982,1.0,32.0,13.223734617233276,15.196094989776611,1.0,20.0,13.507656812667848,15.188570022583008,1.0,10.0,13.773653984069824,15.22043251991272,1.0
gaussian-7-noOverlap,20000.0,200.0,0.032,2.0,50.0,41.42581987380981,15.393244743347168,1.0,32.0,13.739215850830078,15.383013248443604,1.0,20.0,13.4462730884552,15.38549828529358,1.0,10.0,13.919945478439333,15.413899660110474,1.0
gaussian-7-noOverlap,20000.0,200.0,0.032,3.0,50.0,44.58094811439514,15.278741836547852,1.0,32.0,15.226138353347778,15.57185959815979,1.0,20.0,14.036356687545776,15.111963748931885,1.0,10.0,14.7347731590271,15.032393217086792,1.0
gaussian-7-noOverlap,20000.0,200.0,0.032,4.0,50.0,42.990622997283936,15.70552110671997,1.0,32.0,13.546103477478027,15.575596809387209,1.0,20.0,14.583937883377075,15.541897296905518,1.0,10.0,13.94869613647461,15.613315343856812,1.0
gaussian-7-noOverlap,20000.0,200.0,0.032,5.0,50.0,44.67183041572571,15.549403667449951,1.0,32.0,14.734204053878784,15.366239070892334,1.0,20.0,14.841575622558594,15.310771465301514,1.0,10.0,15.004089117050173,15.168259143829346,1.0
gaussian-7-noOverlap,20000.0,200.0,0.032,6.0,50.0,41.89679574966431,15.483889102935793,1.0,32.0,14.01926064491272,15.42182469367981,1.0,20.0,13.61827278137207,15.450505495071411,1.0,10.0,13.99846339225769,15.267065048217772,1.0
gaussian-7-noOverlap,20000.0,200.0,0.032,7.0,50.0,45.241663694381714,15.717624187469482,1.0,32.0,14.210034132003784,15.91541314125061,1.0,20.0,15.142225980758669,15.79348349571228,1.0,10.0,15.040042877197266,15.576385736465454,1.0
gaussian-7-noOverlap,20000.0,200.0,0.032,8.0,50.0,44.1158390045166,15.402690887451172,1.0,32.0,13.729735851287842,15.50178837776184,1.0,20.0,13.567245960235596,15.582707643508911,1.0,10.0,13.946877241134644,15.564087629318236,1.0
gaussian-7-noOverlap,20000.0,200.0,0.032,9.0,50.0,42.56362581253052,15.59064531326294,1.0,32.0,13.281078100204468,15.501619338989258,1.0,20.0,14.055325508117676,15.422020435333252,1.0,10.0,14.074822187423706,15.531809091567991,1.0
gaussian-7-noOverlap,20000.0,200.0,0.032,10.0,50.0,42.65549945831299,15.267478466033936,1.0,32.0,13.516546249389648,15.213111639022827,1.0,20.0,14.328052043914797,15.444082021713257,1.0,10.0,14.508760452270508,15.33409333229065,1.0
gaussian-7-noOverlap,30000.0,10.0,0.0024,1.0,50.0,50.95636582374573,34.199992656707764,1.0,32.0,19.450697422027588,34.12831163406372,1.0,20.0,19.869450569152832,34.04519200325012,1.0,10.0,20.18875861167908,34.20799255371094,1.0
gaussian-7-noOverlap,30000.0,10.0,0.0024,2.0,50.0,52.0046021938324,33.73449730873108,1.0,32.0,19.38682055473328,33.80131793022156,1.0,20.0,18.810704946517944,33.56905746459961,1.0,10.0,20.165234088897705,33.673840045928955,1.0
gaussian-7-noOverlap,30000.0,10.0,0.0024,3.0,50.0,52.62180352210999,34.32614064216614,1.0,32.0,19.518743753433228,34.164915323257446,1.0,20.0,20.084887266159058,38.33361744880676,1.0,10.0,20.8330192565918,35.17361521720886,1.0
gaussian-7-noOverlap,30000.0,10.0,0.0024,4.0,50.0,51.56258988380432,33.964701652526855,1.0,32.0,19.380579948425293,34.07085084915161,1.0,20.0,19.87448167800904,33.66823172569275,1.0,10.0,20.83299231529236,33.60853624343872,1.0
gaussian-7-noOverlap,30000.0,10.0,0.0024,5.0,50.0,52.17713141441345,34.27960157394409,1.0,32.0,18.7221953868866,34.39724016189575,1.0,20.0,20.77750539779663,34.3948290348053,1.0,10.0,20.37577533721924,33.869349241256714,1.0
gaussian-7-noOverlap,30000.0,10.0,0.0024,6.0,50.0,53.03491353988648,34.068859815597534,1.0,32.0,19.33743047714233,36.12736701965332,1.0,20.0,19.45241522789001,33.81656789779663,1.0,10.0,20.33802318572998,34.23841452598572,1.0
gaussian-7-noOverlap,30000.0,10.0,0.0024,7.0,50.0,51.44025588035584,35.04355502128601,1.0,32.0,19.994129419326782,35.01699352264404,1.0,20.0,20.365667819976807,34.97524666786194,1.0,10.0,21.38655996322632,35.02162027359009,1.0
gaussian-7-noOverlap,30000.0,10.0,0.0024,8.0,50.0,53.16316199302673,34.75909185409546,1.0,32.0,19.070890188217163,34.88167428970337,1.0,20.0,19.839078426361084,34.87202000617981,1.0,10.0,19.502848386764526,34.5116605758667,1.0
gaussian-7-noOverlap,30000.0,10.0,0.0024,9.0,50.0,50.4189875125885,34.134573221206665,1.0,32.0,19.24396538734436,34.09872269630432,1.0,20.0,19.752344131469727,34.037256479263306,1.0,10.0,19.78526520729065,33.69943737983704,1.0
gaussian-7-noOverlap,30000.0,10.0,0.0024,10.0,50.0,52.48847031593323,35.19894242286682,1.0,32.0,21.10337519645691,35.405110359191895,1.0,20.0,20.753807067871094,35.252761125564575,1.0,10.0,20.418973207473755,35.276753187179565,1.0
gaussian-7-noOverlap,30000.0,20.0,0.0048,1.0,50.0,57.71294975280762,33.73854899406433,1.0,32.0,21.587218284606934,33.617412090301514,1.0,20.0,22.44806909561157,33.92993927001953,1.0,10.0,22.691441535949707,34.31661820411682,1.0
gaussian-7-noOverlap,30000.0,20.0,0.0048,2.0,50.0,54.263314962387085,33.793832778930664,1.0,32.0,21.577868223190308,33.899598598480225,1.0,20.0,20.577321529388428,33.824140548706055,1.0,10.0,21.36785387992859,33.52668476104736,1.0
gaussian-7-noOverlap,30000.0,20.0,0.0048,3.0,50.0,58.44144225120544,34.10946226119995,1.0,32.0,20.838329315185547,34.39368295669556,1.0,20.0,22.29552984237671,34.39635133743286,1.0,10.0,22.45887875556945,34.296138286590576,1.0
gaussian-7-noOverlap,30000.0,20.0,0.0048,4.0,50.0,56.09818625450134,33.49544382095337,1.0,32.0,20.948068380355835,33.39606547355652,1.0,20.0,21.517263412475582,33.503676414489746,1.0,10.0,22.989237546920776,33.62690234184265,1.0
gaussian-7-noOverlap,30000.0,20.0,0.0048,5.0,50.0,57.21928310394287,34.22265434265137,1.0,32.0,20.74574851989746,34.30802273750305,1.0,20.0,20.81550645828247,33.71643686294556,1.0,10.0,22.323887825012207,34.31150245666504,1.0
gaussian-7-noOverlap,30000.0,20.0,0.0048,6.0,50.0,54.03702831268311,34.13759255409241,1.0,32.0,20.55124402046204,34.247504472732544,1.0,20.0,21.370912790298465,34.159096479415894,1.0,10.0,21.595255136489868,33.9080286026001,1.0
gaussian-7-noOverlap,30000.0,20.0,0.0048,7.0,50.0,54.46123504638672,34.73663091659546,1.0,32.0,20.4975860118866,34.20525550842285,1.0,20.0,21.34994435310364,33.63413715362549,1.0,10.0,21.71107792854309,33.94785237312317,1.0
gaussian-7-noOverlap,30000.0,20.0,0.0048,8.0,50.0,58.79249048233032,33.98342704772949,1.0,32.0,20.779630422592163,33.88749647140503,1.0,20.0,21.278069019317627,34.76300930976868,1.0,10.0,21.897313356399536,34.403908014297485,1.0
gaussian-7-noOverlap,30000.0,20.0,0.0048,9.0,50.0,56.74225664138794,33.355106592178345,1.0,32.0,20.62241625785828,33.852465867996216,1.0,20.0,21.238013744354248,33.965545415878296,1.0,10.0,21.7464702129364,34.002485513687134,1.0
gaussian-7-noOverlap,30000.0,20.0,0.0048,10.0,50.0,54.922730445861816,35.275306224823,1.0,32.0,21.2834529876709,34.9654221534729,1.0,20.0,21.427672624588013,34.924148082733154,1.0,10.0,21.61516189575196,35.204201221466064,1.0
gaussian-7-noOverlap,30000.0,50.0,0.012,1.0,50.0,60.94066977500916,34.00179886817932,0.662171739520789,32.0,22.555805921554565,34.07840704917908,0.662171739520789,20.0,24.478707551956177,34.4501268863678,0.662171739520789,10.0,24.63518142700196,34.9552059173584,0.662171739520789
gaussian-7-noOverlap,30000.0,50.0,0.012,2.0,50.0,62.607872009277344,34.41664242744446,1.0,32.0,22.538899183273315,34.697410583496094,1.0,20.0,22.6832435131073,34.07392263412476,1.0,10.0,23.432270050048828,34.2691342830658,1.0
gaussian-7-noOverlap,30000.0,50.0,0.012,3.0,50.0,59.89185643196106,33.33440113067627,1.0,32.0,22.79906845092773,33.519845962524414,1.0,20.0,22.40504479408264,33.924041986465454,1.0,10.0,22.458415746688843,34.86910057067871,1.0
gaussian-7-noOverlap,30000.0,50.0,0.012,4.0,50.0,62.82552790641785,34.68213105201721,1.0,32.0,23.887113571166992,34.8974974155426,1.0,20.0,22.76172423362732,36.77498126029968,1.0,10.0,25.039654970169067,34.40648818016052,1.0
gaussian-7-noOverlap,30000.0,50.0,0.012,5.0,50.0,63.69129657745361,34.227983713150024,1.0,32.0,22.94203495979309,34.21449875831604,1.0,20.0,23.867963552474976,33.97611331939697,1.0,10.0,23.73168158531189,33.879510164260864,1.0
gaussian-7-noOverlap,30000.0,50.0,0.012,6.0,50.0,61.9206748008728,33.9195408821106,1.0,32.0,21.889288902282715,33.50792860984802,1.0,20.0,22.88832783699036,33.6789436340332,1.0,10.0,22.40121340751648,33.93392300605774,1.0
gaussian-7-noOverlap,30000.0,50.0,0.012,7.0,50.0,59.22032046318054,33.3042848110199,1.0,32.0,22.639506578445435,33.50523924827576,1.0,20.0,22.249890327453613,33.486236572265625,1.0,10.0,22.410818338394165,33.5965793132782,1.0
gaussian-7-noOverlap,30000.0,50.0,0.012,8.0,50.0,58.89917922019959,33.59911489486694,1.0,32.0,21.40581178665161,33.79110240936279,1.0,20.0,22.87452173233032,34.23775696754456,1.0,10.0,22.65326976776123,34.07358908653259,1.0
gaussian-7-noOverlap,30000.0,50.0,0.012,9.0,50.0,60.03280329704285,33.06540536880493,1.0,32.0,22.325125217437744,32.832643032073975,1.0,20.0,23.88385558128357,32.948227405548096,1.0,10.0,23.21287679672241,32.85793113708496,1.0
gaussian-7-noOverlap,30000.0,50.0,0.012,10.0,50.0,61.74343132972717,35.77363872528076,1.0,32.0,22.346377849578857,34.02817440032959,1.0,20.0,22.969932556152344,33.874375343322754,1.0,10.0,23.662503004074097,34.300498962402344,1.0
gaussian-7-noOverlap,30000.0,100.0,0.024,1.0,50.0,62.01647973060608,33.68728709220886,1.0,32.0,23.12712049484253,34.36795425415039,1.0,20.0,22.802950143814087,33.58801054954529,1.0,10.0,23.550578594207764,33.80967307090759,1.0
gaussian-7-noOverlap,30000.0,100.0,0.024,2.0,50.0,61.91726160049439,33.181814670562744,1.0,32.0,22.681793689727783,33.347591161727905,1.0,20.0,23.4067702293396,33.22546577453613,1.0,10.0,23.775359392166138,33.484891176223755,1.0
gaussian-7-noOverlap,30000.0,100.0,0.024,3.0,50.0,62.01699852943421,34.90533757209778,1.0,32.0,22.441450119018555,34.65887713432312,1.0,20.0,23.02547526359558,34.227567195892334,1.0,10.0,23.35150599479676,34.49799132347107,1.0
gaussian-7-noOverlap,30000.0,100.0,0.024,4.0,50.0,64.38583087921143,34.12766075134277,1.0,32.0,22.65383791923523,34.06346821784973,1.0,20.0,23.25028204917908,33.80266833305359,1.0,10.0,23.399701833724976,33.86521363258362,1.0
gaussian-7-noOverlap,30000.0,100.0,0.024,5.0,50.0,63.1143274307251,34.153690338134766,1.0,32.0,22.503475427627563,34.141151666641235,1.0,20.0,23.40217351913452,33.62928628921509,1.0,10.0,23.50124192237854,33.70432925224304,1.0
gaussian-7-noOverlap,30000.0,100.0,0.024,6.0,50.0,62.392765045166016,34.20715284347534,1.0,32.0,22.58189344406128,33.91646361351013,1.0,20.0,22.733556032180783,34.08136010169983,1.0,10.0,23.88371729850769,34.396918535232544,1.0
gaussian-7-noOverlap,30000.0,100.0,0.024,7.0,50.0,68.854083776474,34.331947565078735,1.0,32.0,24.15611886978149,34.300252199172974,1.0,20.0,24.88498306274414,34.34033250808716,1.0,10.0,25.21462154388428,34.11196613311768,1.0
gaussian-7-noOverlap,30000.0,100.0,0.024,8.0,50.0,63.27426767349243,35.006218671798706,1.0,32.0,23.15333342552185,34.72597360610962,1.0,20.0,23.989253282547,34.877058029174805,1.0,10.0,24.12016534805298,34.7812774181366,1.0
gaussian-7-noOverlap,30000.0,100.0,0.024,9.0,50.0,62.28746795654297,33.12328863143921,1.0,32.0,22.512279987335205,33.45409035682678,1.0,20.0,22.75935745239257,33.86152005195618,1.0,10.0,24.27714967727661,33.437973976135254,1.0
gaussian-7-noOverlap,30000.0,100.0,0.024,10.0,50.0,63.0089590549469,33.75389838218689,1.0,32.0,22.72738265991211,33.85505485534668,1.0,20.0,23.10128235816956,34.61317992210388,1.0,10.0,24.33688187599182,33.864211082458496,1.0
gaussian-7-noOverlap,30000.0,200.0,0.048,1.0,50.0,75.19556784629822,34.41160869598389,1.0,32.0,22.91489124298096,34.64027404785156,1.0,20.0,23.12097859382629,34.62751245498657,1.0,10.0,24.019989013671875,34.69648575782776,1.0
gaussian-7-noOverlap,30000.0,200.0,0.048,2.0,50.0,74.23237895965576,34.67042541503906,1.0,32.0,23.283950567245483,34.137006998062134,1.0,20.0,22.76962375640869,34.25270199775696,1.0,10.0,23.82271194458008,34.27362513542175,1.0
gaussian-7-noOverlap,30000.0,200.0,0.048,3.0,50.0,75.71326851844788,34.604941844940186,1.0,32.0,24.00684809684753,34.40875959396362,1.0,20.0,23.830512285232544,34.55245614051819,1.0,10.0,24.814398050308228,34.86153507232666,1.0
gaussian-7-noOverlap,30000.0,200.0,0.048,4.0,50.0,71.44330835342407,34.69958972930908,1.0,32.0,23.59138560295105,34.647852420806885,1.0,20.0,23.008626461029053,34.98529672622681,1.0,10.0,23.6717631816864,35.06116890907288,1.0
gaussian-7-noOverlap,30000.0,200.0,0.048,5.0,50.0,75.67879295349121,34.8072361946106,1.0,32.0,23.87201690673828,34.266069650650024,1.0,20.0,23.90126371383667,37.29772686958313,1.0,10.0,24.41004037857056,34.714335203170776,1.0
gaussian-7-noOverlap,30000.0,200.0,0.048,6.0,50.0,73.59250807762146,34.63747715950012,1.0,32.0,23.314444541931152,34.30219531059265,1.0,20.0,23.76045274734497,34.33690667152405,1.0,10.0,24.76241707801819,34.253741979599,1.0
gaussian-7-noOverlap,30000.0,200.0,0.048,7.0,50.0,72.83540749549866,34.69567608833313,1.0,32.0,23.99098014831543,34.87653708457947,1.0,20.0,24.457782983779907,34.52890682220459,1.0,10.0,23.51375460624695,34.71036672592163,1.0
gaussian-7-noOverlap,30000.0,200.0,0.048,8.0,50.0,76.3147976398468,34.80449438095093,1.0,32.0,23.782708644866943,34.59900379180908,1.0,20.0,24.33640599250793,34.39019751548767,1.0,10.0,23.60616135597229,34.498284578323364,1.0
gaussian-7-noOverlap,30000.0,200.0,0.048,9.0,50.0,71.93416929244995,34.38484787940979,1.0,32.0,23.83935308456421,34.57499718666077,1.0,20.0,23.52655386924744,34.71802306175232,1.0,10.0,24.32974600791931,35.164591550827026,1.0
gaussian-7-noOverlap,30000.0,200.0,0.048,10.0,50.0,75.60028862953186,34.583826303482056,1.0,32.0,23.37812566757202,34.55460715293884,1.0,20.0,22.6505069732666,34.249886989593506,1.0,10.0,23.545435667037964,34.10304665565491,1.0
gaussian-7-noOverlap,40000.0,10.0,0.0032,1.0,50.0,72.65065097808838,79.15474462509155,1.0,32.0,28.45428347587585,81.37955355644226,1.0,20.0,29.759643077850345,78.72145986557007,1.0,10.0,30.40278053283692,78.26866555213928,1.0
gaussian-7-noOverlap,40000.0,10.0,0.0032,2.0,50.0,72.58175230026245,77.93701958656311,1.0,32.0,28.140490531921387,77.63493704795837,1.0,20.0,30.26454758644104,78.63764572143555,1.0,10.0,29.70599365234375,80.23773002624512,1.0
gaussian-7-noOverlap,40000.0,10.0,0.0032,3.0,50.0,71.49667239189148,78.71779823303223,1.0,32.0,28.666257619857788,78.42350959777832,1.0,20.0,29.797837018966675,78.61576533317566,1.0,10.0,31.135430574417114,78.63876342773438,1.0
gaussian-7-noOverlap,40000.0,10.0,0.0032,4.0,50.0,70.78386354446411,76.92827415466309,1.0,32.0,28.27967643737793,76.60009717941284,1.0,20.0,29.50667142868042,77.65374732017517,1.0,10.0,28.9710636138916,78.2180483341217,1.0
gaussian-7-noOverlap,40000.0,10.0,0.0032,5.0,50.0,70.23605799674988,77.81751537322998,1.0,32.0,29.36001944541931,79.02244997024536,1.0,20.0,29.390758514404297,90.14291715621948,1.0,10.0,29.159724950790405,79.06351041793823,1.0
gaussian-7-noOverlap,40000.0,10.0,0.0032,6.0,50.0,75.84192252159119,78.04847121238708,1.0,32.0,28.700740337371823,78.42206025123596,1.0,20.0,29.94386339187622,101.49563264846802,1.0,10.0,32.378501176834106,78.06689405441284,1.0
gaussian-7-noOverlap,40000.0,10.0,0.0032,7.0,50.0,71.02384805679321,77.33746194839478,1.0,32.0,27.51226663589477,77.96758532524109,1.0,20.0,29.20555329322815,79.31842041015625,1.0,10.0,29.333202838897705,78.53283548355103,1.0
gaussian-7-noOverlap,40000.0,10.0,0.0032,8.0,50.0,69.65925645828247,78.71655511856079,1.0,32.0,27.99517774581909,78.36290335655212,1.0,20.0,29.60028290748596,78.3833498954773,1.0,10.0,29.04444193840027,79.20557498931885,1.0
gaussian-7-noOverlap,40000.0,10.0,0.0032,9.0,50.0,73.18154096603394,78.45311999320984,1.0,32.0,29.650747299194336,78.38557696342468,1.0,20.0,30.123022079467773,78.37606000900269,1.0,10.0,29.921178579330444,79.53546261787415,1.0
gaussian-7-noOverlap,40000.0,10.0,0.0032,10.0,50.0,69.50789618492126,79.03001689910889,1.0,32.0,28.62929654121399,79.13825535774231,1.0,20.0,29.981820583343502,79.29556035995483,1.0,10.0,29.44658851623535,79.73516321182251,1.0
gaussian-7-noOverlap,40000.0,20.0,0.0064,1.0,50.0,86.33701157569885,79.80244398117065,1.0,32.0,32.23029804229736,79.52290654182434,1.0,20.0,32.658212184906006,79.02581429481506,1.0,10.0,32.985527992248535,75.98927712440491,1.0
gaussian-7-noOverlap,40000.0,20.0,0.0064,2.0,50.0,85.56182837486267,79.851735830307,1.0,32.0,32.18514823913574,90.77389526367188,1.0,20.0,37.47731566429138,80.27033543586731,1.0,10.0,34.86675977706909,96.616126537323,1.0
gaussian-7-noOverlap,40000.0,20.0,0.0064,3.0,50.0,82.73918843269348,78.4248960018158,1.0,32.0,31.184340238571167,80.76665115356445,1.0,20.0,31.825791597366333,78.63068890571594,1.0,10.0,32.06064558029175,80.02673101425171,1.0
gaussian-7-noOverlap,40000.0,20.0,0.0064,4.0,50.0,78.35745143890381,79.43402910232544,1.0,32.0,31.174882173538208,77.88297080993652,1.0,20.0,32.27049374580383,77.30160427093506,1.0,10.0,33.31121253967285,76.5884301662445,1.0
gaussian-7-noOverlap,40000.0,20.0,0.0064,5.0,50.0,84.11185956001282,83.7709629535675,1.0,32.0,33.99841856956482,82.59314155578613,1.0,20.0,34.324060678482056,83.47563147544861,1.0,10.0,35.112060546875,85.67811322212219,1.0
gaussian-7-noOverlap,40000.0,20.0,0.0064,6.0,50.0,79.84789252281189,78.22727584838867,1.0,32.0,31.299124479293823,78.30987048149109,1.0,20.0,32.898398637771606,78.80803060531616,1.0,10.0,32.453524351119995,78.21017551422119,1.0
gaussian-7-noOverlap,40000.0,20.0,0.0064,7.0,50.0,77.65807175636292,78.17723155021667,1.0,32.0,31.486892461776733,77.68809604644775,1.0,20.0,31.70274448394776,77.08274269104004,1.0,10.0,32.3768367767334,78.449697971344,1.0
gaussian-7-noOverlap,40000.0,20.0,0.0064,8.0,50.0,78.80250906944275,77.94279527664185,0.6621358902800027,32.0,31.427233457565308,77.31588816642761,0.6621358902800027,20.0,31.837888717651367,77.45469999313354,0.6621358902800027,10.0,31.937488555908203,78.67292165756226,0.6621358902800027
gaussian-7-noOverlap,40000.0,20.0,0.0064,9.0,50.0,75.98409938812256,77.72020363807678,1.0,32.0,30.800050258636475,78.53286218643188,1.0,20.0,31.939679622650143,79.59825468063354,1.0,10.0,32.50394344329834,78.72198963165283,1.0
gaussian-7-noOverlap,40000.0,20.0,0.0064,10.0,50.0,79.30235719680786,76.93514347076416,1.0,32.0,30.783005237579346,78.00249290466309,1.0,20.0,32.09226870536804,78.17629384994507,1.0,10.0,31.503517150878903,77.4186646938324,1.0
gaussian-7-noOverlap,40000.0,50.0,0.016,1.0,50.0,86.10586953163147,78.33712577819824,1.0,32.0,33.529316663742065,80.63940262794495,1.0,20.0,34.78850746154785,80.7730700969696,1.0,10.0,35.92914533615112,78.8160879611969,1.0
gaussian-7-noOverlap,40000.0,50.0,0.016,2.0,50.0,87.17460322380066,76.07112455368042,1.0,32.0,32.71115255355835,76.57959771156311,1.0,20.0,33.95813012123108,76.77869653701782,1.0,10.0,35.44826674461365,77.45991587638855,1.0
gaussian-7-noOverlap,40000.0,50.0,0.016,3.0,50.0,86.87647294998169,78.37705278396606,1.0,32.0,33.76846766471863,79.0560941696167,1.0,20.0,33.70937180519104,78.66406083106995,1.0,10.0,34.895939111709595,78.64051723480225,1.0
gaussian-7-noOverlap,40000.0,50.0,0.016,4.0,50.0,84.7039246559143,78.01109027862549,1.0,32.0,32.862242460250854,76.96253275871277,1.0,20.0,33.99113965034485,76.86532998085022,1.0,10.0,33.70715951919556,76.80897974967957,1.0
gaussian-7-noOverlap,40000.0,50.0,0.016,5.0,50.0,92.26778674125671,81.9675281047821,1.0,32.0,35.0763463973999,80.08652091026306,1.0,20.0,39.6661810874939,82.10560750961304,1.0,10.0,36.789862632751465,83.00396871566772,1.0
gaussian-7-noOverlap,40000.0,50.0,0.016,6.0,50.0,85.5517885684967,81.12873959541321,1.0,32.0,32.298747301101685,79.18522191047668,1.0,20.0,33.924057960510254,80.67479848861694,1.0,10.0,34.026840925216675,80.4466347694397,1.0
gaussian-7-noOverlap,40000.0,50.0,0.016,7.0,50.0,89.35088348388672,77.8675217628479,1.0,32.0,32.99874210357666,77.61078476905823,1.0,20.0,34.42567253112793,77.80844187736511,1.0,10.0,36.140202045440674,79.08601641654968,1.0
gaussian-7-noOverlap,40000.0,50.0,0.016,8.0,50.0,93.23253178596497,79.3468177318573,1.0,32.0,32.842331409454346,79.70489883422852,1.0,20.0,34.698318004608154,79.62769103050232,1.0,10.0,34.98197531700134,79.81889605522156,1.0
gaussian-7-noOverlap,40000.0,50.0,0.016,9.0,50.0,85.98537015914917,81.08151483535767,1.0,32.0,34.39279317855835,81.20058536529541,1.0,20.0,33.66510367393494,78.68163824081421,1.0,10.0,34.88905358314514,80.03928089141846,1.0
gaussian-7-noOverlap,40000.0,50.0,0.016,10.0,50.0,86.21495914459229,78.05926465988159,1.0,32.0,34.44574284553528,77.36821603775024,1.0,20.0,34.07608771324158,80.41673588752747,1.0,10.0,35.66975426673889,78.4695508480072,1.0
gaussian-7-noOverlap,40000.0,100.0,0.032,1.0,50.0,90.6047511100769,77.92417359352112,1.0,32.0,34.04521417617798,77.80970740318298,1.0,20.0,34.840598344802856,79.2042396068573,1.0,10.0,35.00259804725647,79.23924708366394,1.0
gaussian-7-noOverlap,40000.0,100.0,0.032,2.0,50.0,96.38185119628906,77.00864958763123,1.0,32.0,34.77096509933472,77.66456031799316,1.0,20.0,35.66829013824463,75.55760478973389,1.0,10.0,35.97893023490906,80.00096845626831,1.0
gaussian-7-noOverlap,40000.0,100.0,0.032,3.0,50.0,91.44057202339172,77.28357911109924,1.0,32.0,34.997934103012085,76.83264827728271,1.0,20.0,34.56382417678833,78.87552332878113,1.0,10.0,36.184685945510864,79.27774977684021,1.0
gaussian-7-noOverlap,40000.0,100.0,0.032,4.0,50.0,92.14554905891418,78.18900442123413,1.0,32.0,34.37797951698303,77.62588834762573,1.0,20.0,35.48596978187561,78.00107860565186,1.0,10.0,35.899941205978394,80.95859670639038,1.0
gaussian-7-noOverlap,40000.0,100.0,0.032,5.0,50.0,91.12540483474731,78.20360612869263,1.0,32.0,33.64238238334656,78.33018517494202,1.0,20.0,35.629189252853394,84.65526628494263,1.0,10.0,35.924633264541626,78.80165576934814,1.0
gaussian-7-noOverlap,40000.0,100.0,0.032,6.0,50.0,91.03488159179688,78.00808501243591,1.0,32.0,34.614062786102295,76.786137342453,1.0,20.0,35.45091223716736,77.17261600494385,1.0,10.0,34.98465418815613,76.92622637748718,1.0
gaussian-7-noOverlap,40000.0,100.0,0.032,7.0,50.0,91.0371584892273,78.69686889648438,1.0,32.0,33.00757122039795,79.39167785644531,1.0,20.0,35.948211908340454,83.0227415561676,1.0,10.0,35.49272561073303,89.17428374290466,1.0
gaussian-7-noOverlap,40000.0,100.0,0.032,8.0,50.0,96.1285433769226,80.73162961006165,1.0,32.0,35.01342272758484,80.65111565589905,1.0,20.0,35.21855807304382,80.202876329422,1.0,10.0,35.67703819274902,82.72468090057373,1.0
gaussian-7-noOverlap,40000.0,100.0,0.032,9.0,50.0,96.15630531311037,76.98577094078064,1.0,32.0,33.955562591552734,77.7085657119751,1.0,20.0,35.17277646064758,79.27952098846436,1.0,10.0,35.22263550758362,80.57512354850769,1.0
gaussian-7-noOverlap,40000.0,100.0,0.032,10.0,50.0,94.20513463020325,79.56391906738281,1.0,32.0,33.09674119949341,78.96775889396667,1.0,20.0,35.138432025909424,80.23959541320801,1.0,10.0,35.46636390686035,78.92867493629456,1.0
gaussian-7-noOverlap,40000.0,200.0,0.064,1.0,50.0,108.80223369598389,77.15290355682373,1.0,32.0,34.53008413314819,77.57454752922058,1.0,20.0,34.82236456871033,88.96475172042847,1.0,10.0,35.455299377441406,80.66250014305115,1.0
gaussian-7-noOverlap,40000.0,200.0,0.064,2.0,50.0,109.93020868301392,80.60915565490723,1.0,32.0,35.2275710105896,79.00363087654114,1.0,20.0,35.55509114265442,79.46121597290039,1.0,10.0,36.66972970962525,100.15176105499268,1.0
gaussian-7-noOverlap,40000.0,200.0,0.064,3.0,50.0,111.14663815498352,78.8110990524292,1.0,32.0,34.78648853302002,77.70270776748657,1.0,20.0,34.37189340591431,86.71565365791321,1.0,10.0,36.862486600875854,77.20357847213745,1.0
gaussian-7-noOverlap,40000.0,200.0,0.064,4.0,50.0,119.874662399292,81.46989870071411,1.0,32.0,35.10988140106201,78.93498802185059,1.0,20.0,36.44688391685486,80.2625629901886,1.0,10.0,36.38465332984924,80.67447209358215,1.0
gaussian-7-noOverlap,40000.0,200.0,0.064,5.0,50.0,109.4412043094635,77.81214737892151,1.0,32.0,34.91778755187988,77.533212184906,1.0,20.0,35.528552532196045,78.81025671958923,1.0,10.0,36.39189791679382,77.02693557739258,1.0
gaussian-7-noOverlap,40000.0,200.0,0.064,6.0,50.0,113.78002309799194,79.50999855995178,1.0,32.0,34.33785343170166,78.37265586853027,1.0,20.0,35.583805561065674,79.09016108512878,1.0,10.0,36.2473361492157,79.99350953102112,1.0
gaussian-7-noOverlap,40000.0,200.0,0.064,7.0,50.0,110.29315495491028,78.40024375915527,1.0,32.0,34.52910542488098,78.42598748207092,1.0,20.0,34.800188302993774,79.49603819847107,1.0,10.0,35.63601303100586,79.26824021339417,1.0
gaussian-7-noOverlap,40000.0,200.0,0.064,8.0,50.0,112.11031556129456,77.19964337348938,1.0,32.0,35.265236377716064,78.58842086791992,1.0,20.0,36.38048481941223,83.80100202560425,1.0,10.0,37.13860368728638,79.91913771629333,1.0
gaussian-7-noOverlap,40000.0,200.0,0.064,9.0,50.0,109.14495086669922,78.54650282859802,1.0,32.0,34.212565898895264,77.99836540222168,1.0,20.0,35.280235052108765,78.91852378845215,1.0,10.0,35.654773473739624,78.33094644546509,1.0
gaussian-7-noOverlap,40000.0,200.0,0.064,10.0,50.0,112.88223338127136,78.8538761138916,1.0,32.0,34.778855323791504,79.43188118934631,1.0,20.0,36.13144540786743,78.51623845100403,1.0,10.0,36.92392253875733,79.48870325088501,1.0
gaussian-5-noOverlap,5000.0,10.0,0.0004,1.0,50.0,8.070972681045532,1.1171364784240725,1.0,32.0,2.058382034301758,1.1221749782562256,1.0,20.0,2.1593239307403564,1.100383996963501,1.0,10.0,2.242576360702514,1.1067774295806885,1.0
gaussian-5-noOverlap,5000.0,10.0,0.0004,2.0,50.0,8.585257291793823,1.1181316375732422,1.0,32.0,2.1404497623443604,1.1295323371887207,1.0,20.0,2.4553492069244385,1.1214828491210938,1.0,10.0,2.1698734760284424,1.1036808490753174,1.0
gaussian-5-noOverlap,5000.0,10.0,0.0004,3.0,50.0,7.92132043838501,1.1509678363800049,1.0,32.0,2.0324387550354004,1.1315548419952393,1.0,20.0,2.136225938796997,1.0970752239227295,1.0,10.0,2.2745842933654785,1.0876498222351074,1.0
gaussian-5-noOverlap,5000.0,10.0,0.0004,4.0,50.0,7.921179056167602,1.1050879955291748,1.0,32.0,1.9918603897094729,1.1000573635101318,1.0,20.0,2.0707712173461914,1.0782573223114014,1.0,10.0,2.2348811626434326,1.07771897315979,1.0
gaussian-5-noOverlap,5000.0,10.0,0.0004,5.0,50.0,7.729473829269409,1.0867831707000732,1.0,32.0,2.008587598800659,1.0819673538208008,1.0,20.0,2.0528485774993896,1.072688341140747,1.0,10.0,2.2879159450531006,1.075486421585083,1.0
gaussian-5-noOverlap,5000.0,10.0,0.0004,6.0,50.0,8.494094133377075,1.09084153175354,1.0,32.0,2.0424187183380127,1.0941736698150637,1.0,20.0,2.0934650897979736,1.079421043395996,1.0,10.0,2.246141195297241,1.0784757137298584,1.0
gaussian-5-noOverlap,5000.0,10.0,0.0004,7.0,50.0,7.920031547546387,1.0804781913757324,1.0,32.0,1.9970409870147705,1.0875351428985596,1.0,20.0,2.0952372550964355,1.087002515792847,1.0,10.0,2.2666444778442383,1.0755815505981443,1.0
gaussian-5-noOverlap,5000.0,10.0,0.0004,8.0,50.0,7.860121250152588,1.076369285583496,1.0,32.0,2.022495985031128,1.0718319416046145,1.0,20.0,2.1127734184265137,1.0828380584716797,1.0,10.0,2.258340835571289,1.0881946086883545,1.0
gaussian-5-noOverlap,5000.0,10.0,0.0004,9.0,50.0,7.956812858581543,1.11322021484375,1.0,32.0,2.0462443828582764,1.0746560096740725,1.0,20.0,2.2755231857299805,1.078946590423584,1.0,10.0,2.062389612197876,1.086932897567749,1.0
gaussian-5-noOverlap,5000.0,10.0,0.0004,10.0,50.0,7.841168642044067,1.0980722904205322,1.0,32.0,2.0178146362304688,1.08697772026062,1.0,20.0,2.132898092269897,1.0986649990081787,1.0,10.0,2.046842098236084,1.1078240871429443,1.0
gaussian-5-noOverlap,5000.0,20.0,0.0008,1.0,50.0,8.323440313339233,1.122405767440796,1.0,32.0,2.108829975128174,1.0694758892059326,1.0,20.0,2.2315897941589355,1.0953466892242432,1.0,10.0,2.135281562805176,1.066514253616333,1.0
gaussian-5-noOverlap,5000.0,20.0,0.0008,2.0,50.0,8.098563432693481,1.138563871383667,1.0,32.0,2.2942910194396973,1.0766749382019043,1.0,20.0,2.148144006729126,1.0911777019500732,1.0,10.0,2.1737372875213623,1.0893983840942385,1.0
gaussian-5-noOverlap,5000.0,20.0,0.0008,3.0,50.0,8.39754319190979,1.115699052810669,1.0,32.0,2.1061222553253174,1.1088998317718506,1.0,20.0,2.177982807159424,1.0833783149719238,1.0,10.0,2.1304588317871094,1.096324443817139,1.0
gaussian-5-noOverlap,5000.0,20.0,0.0008,4.0,50.0,8.327784776687622,1.0923173427581787,1.0,32.0,2.303568124771118,1.082723617553711,1.0,20.0,2.13877272605896,1.0949368476867676,1.0,10.0,2.138889789581299,1.0716252326965332,1.0
gaussian-5-noOverlap,5000.0,20.0,0.0008,5.0,50.0,8.721699476242065,1.1190659999847412,1.0,32.0,2.1676909923553467,1.3310792446136477,1.0,20.0,2.1879451274871826,1.1081535816192627,1.0,10.0,2.201218605041504,1.1025567054748535,1.0
gaussian-5-noOverlap,5000.0,20.0,0.0008,6.0,50.0,8.432274341583252,1.073007345199585,1.0,32.0,2.177923679351806,1.0710833072662354,1.0,20.0,2.216987609863281,1.0897021293640137,1.0,10.0,2.3989152908325195,1.0680296421051023,1.0
gaussian-5-noOverlap,5000.0,20.0,0.0008,7.0,50.0,8.532771587371826,1.1163065433502195,1.0,32.0,2.1236002445220947,1.091139316558838,1.0,20.0,2.317073106765747,1.1713943481445312,1.0,10.0,2.393042802810669,1.1135778427124023,1.0
gaussian-5-noOverlap,5000.0,20.0,0.0008,8.0,50.0,8.327863931655884,1.1286020278930664,1.0,32.0,2.107107639312744,1.1146464347839355,1.0,20.0,2.1503117084503174,1.1102886199951172,1.0,10.0,2.449734687805176,1.13746976852417,1.0
gaussian-5-noOverlap,5000.0,20.0,0.0008,9.0,50.0,8.637784004211426,1.130390167236328,1.0,32.0,2.4342854022979736,1.1099708080291748,1.0,20.0,2.313202142715454,1.1038050651550293,1.0,10.0,2.258706569671631,1.1307268142700195,1.0
gaussian-5-noOverlap,5000.0,20.0,0.0008,10.0,50.0,8.682909727096558,1.059035301208496,1.0,32.0,2.23279070854187,1.0415310859680176,1.0,20.0,2.321549654006958,1.0584163665771484,1.0,10.0,2.483724355697632,1.0476181507110596,1.0
gaussian-5-noOverlap,5000.0,50.0,0.002,1.0,50.0,8.91104006767273,1.059067964553833,1.0,32.0,2.20108962059021,1.0812573432922363,1.0,20.0,2.476247310638428,1.1430330276489258,1.0,10.0,2.2198848724365234,1.1440351009368896,1.0
gaussian-5-noOverlap,5000.0,50.0,0.002,2.0,50.0,9.935259342193604,1.2025794982910156,1.0,32.0,2.5189194679260254,1.1973371505737305,1.0,20.0,2.7339320182800293,1.2181155681610107,1.0,10.0,2.574994802474976,1.201658010482788,1.0
gaussian-5-noOverlap,5000.0,50.0,0.002,3.0,50.0,9.065559148788452,1.1511318683624268,1.0,32.0,2.3709874153137207,1.06455397605896,1.0,20.0,2.3748795986175537,1.1222786903381348,1.0,10.0,2.571984052658081,1.059894561767578,1.0
gaussian-5-noOverlap,5000.0,50.0,0.002,4.0,50.0,8.81624722480774,1.0879132747650146,1.0,32.0,2.169642448425293,1.1083381175994873,1.0,20.0,2.4123356342315674,1.0947811603546145,1.0,10.0,2.1867222785949707,1.1163763999938965,1.0
gaussian-5-noOverlap,5000.0,50.0,0.002,5.0,50.0,8.798016786575317,1.0977468490600586,1.0,32.0,2.247081756591797,1.0692567825317385,1.0,20.0,2.5291123390197754,1.0776433944702148,1.0,10.0,2.2621655464172363,1.0752224922180176,1.0
gaussian-5-noOverlap,5000.0,50.0,0.002,6.0,50.0,8.876587152481079,1.0861825942993164,1.0,32.0,2.234103441238404,1.130840301513672,1.0,20.0,2.457435607910156,1.1966073513031006,1.0,10.0,2.2784337997436523,1.1199464797973633,1.0
gaussian-5-noOverlap,5000.0,50.0,0.002,7.0,50.0,9.148571014404297,1.1387367248535156,1.0,32.0,2.2898507118225098,1.1105191707611084,1.0,20.0,2.335548162460327,1.092556715011597,1.0,10.0,2.5391881465911865,1.137416124343872,1.0
gaussian-5-noOverlap,5000.0,50.0,0.002,8.0,50.0,8.940253496170044,1.1095261573791504,1.0,32.0,2.19454288482666,1.1049542427062988,1.0,20.0,2.314919233322144,1.100738763809204,1.0,10.0,2.414278268814087,1.1108415126800537,1.0
gaussian-5-noOverlap,5000.0,50.0,0.002,9.0,50.0,9.016383409500122,1.0841822624206543,1.0,32.0,2.278303861618042,1.0890865325927734,1.0,20.0,2.404046058654785,1.3332316875457764,1.0,10.0,2.30254864692688,1.0993409156799316,1.0
gaussian-5-noOverlap,5000.0,50.0,0.002,10.0,50.0,9.100757837295532,1.1054315567016602,1.0,32.0,2.230247259140014,1.0886616706848145,1.0,20.0,2.5269784927368164,1.1125741004943848,1.0,10.0,2.300398826599121,1.0861961841583252,1.0
gaussian-5-noOverlap,5000.0,100.0,0.004,1.0,50.0,8.624260663986206,1.1703824996948242,1.0,32.0,2.214040756225586,1.0847296714782717,1.0,20.0,2.398913621902466,1.102602481842041,1.0,10.0,2.4712374210357666,1.11261248588562,1.0
gaussian-5-noOverlap,5000.0,100.0,0.004,2.0,50.0,9.205907821655272,1.1172404289245603,1.0,32.0,2.4249720573425293,1.1046559810638428,1.0,20.0,2.236447095870972,1.126220703125,1.0,10.0,2.440263271331787,1.09454083442688,1.0
gaussian-5-noOverlap,5000.0,100.0,0.004,3.0,50.0,8.70394492149353,1.121135950088501,1.0,32.0,2.202280282974243,1.0879151821136477,1.0,20.0,2.5371198654174805,1.144914627075195,1.0,10.0,2.438748598098755,1.075042724609375,1.0
gaussian-5-noOverlap,5000.0,100.0,0.004,4.0,50.0,8.422358989715576,1.1174421310424805,1.0,32.0,2.405245780944824,1.104353666305542,1.0,20.0,2.231135606765747,1.100281000137329,1.0,10.0,2.196498155593872,1.109295129776001,1.0
gaussian-5-noOverlap,5000.0,100.0,0.004,5.0,50.0,8.843017101287842,1.1157395839691162,1.0,32.0,2.1982791423797607,1.122062921524048,1.0,20.0,2.468057632446289,1.1058974266052246,1.0,10.0,2.190854787826538,1.105457782745361,1.0
gaussian-5-noOverlap,5000.0,100.0,0.004,6.0,50.0,8.368794918060303,1.0990514755249023,1.0,32.0,2.433461427688598,1.0834145545959473,1.0,20.0,2.233916997909546,1.1041531562805176,1.0,10.0,2.4277288913726807,1.0835444927215576,1.0
gaussian-5-noOverlap,5000.0,100.0,0.004,7.0,50.0,8.949309349060059,1.1090409755706787,1.0,32.0,2.4782135486602783,1.0809822082519531,1.0,20.0,2.3292043209075928,1.0672557353973389,1.0,10.0,2.499343156814575,1.068650245666504,1.0
gaussian-5-noOverlap,5000.0,100.0,0.004,8.0,50.0,8.470463037490845,1.0965962409973145,1.0,32.0,2.395601987838745,1.0958592891693115,1.0,20.0,2.191040277481079,1.0948407649993896,1.0,10.0,2.427797794342041,1.0995111465454102,1.0
gaussian-5-noOverlap,5000.0,100.0,0.004,9.0,50.0,8.842358589172363,1.0870661735534668,1.0,32.0,2.3197100162506104,1.0693738460540771,1.0,20.0,2.552429676055908,1.091580867767334,1.0,10.0,2.3305342197418213,1.0711228847503662,1.0
gaussian-5-noOverlap,5000.0,100.0,0.004,10.0,50.0,8.976625919342041,1.0787849426269531,1.0,32.0,2.182223081588745,1.0808627605438232,1.0,20.0,2.4707157611846924,1.1453986167907717,1.0,10.0,2.1966333389282227,1.1000633239746094,1.0
gaussian-5-noOverlap,5000.0,200.0,0.008,1.0,50.0,8.600015878677368,1.111640691757202,1.0,32.0,2.4348409175872803,1.111843824386597,1.0,20.0,2.260728597640991,1.0924172401428225,1.0,10.0,2.41015625,1.113509178161621,1.0
gaussian-5-noOverlap,5000.0,200.0,0.008,2.0,50.0,9.017910242080688,1.1793906688690186,1.0,32.0,2.4520456790924072,1.1490707397460938,1.0,20.0,2.29683804512024,1.1769421100616455,1.0,10.0,2.474149942398072,1.2013027667999268,1.0
gaussian-5-noOverlap,5000.0,200.0,0.008,3.0,50.0,9.219549179077148,1.1707732677459717,1.0,32.0,2.472202777862549,1.1088831424713137,1.0,20.0,2.3203165531158447,1.104219913482666,1.0,10.0,2.459064245223999,1.1163465976715088,1.0
gaussian-5-noOverlap,5000.0,200.0,0.008,4.0,50.0,8.669410228729248,1.1292343139648438,1.0,32.0,2.4007551670074463,1.1607780456542969,1.0,20.0,2.2004587650299072,1.1466889381408691,1.0,10.0,2.4364495277404785,1.143294334411621,1.0
gaussian-5-noOverlap,5000.0,200.0,0.008,5.0,50.0,8.548100471496582,1.1103603839874268,1.0,32.0,2.3950090408325195,1.082829475402832,1.0,20.0,2.237449407577514,1.095564842224121,1.0,10.0,2.401357889175415,1.087256669998169,1.0
gaussian-5-noOverlap,5000.0,200.0,0.008,6.0,50.0,9.63036298751831,1.122462511062622,1.0,32.0,2.401921510696411,1.0902149677276611,1.0,20.0,2.218204975128174,1.1157028675079346,1.0,10.0,2.4155516624450684,1.1107158660888672,1.0
gaussian-5-noOverlap,5000.0,200.0,0.008,7.0,50.0,8.818167209625244,1.1243762969970703,1.0,32.0,2.4525811672210693,1.111849308013916,1.0,20.0,2.286373376846313,1.082681655883789,1.0,10.0,2.4792516231536865,1.0757606029510498,1.0
gaussian-5-noOverlap,5000.0,200.0,0.008,8.0,50.0,8.953100204467773,1.1062383651733398,1.0,32.0,2.402249813079834,1.1040430068969729,1.0,20.0,2.252115249633789,1.0998878479003906,1.0,10.0,2.2873754501342773,1.0830261707305908,1.0
gaussian-5-noOverlap,5000.0,200.0,0.008,9.0,50.0,8.922585487365723,1.094818353652954,1.0,32.0,2.399154663085937,1.0903573036193848,1.0,20.0,2.2089498043060303,1.08020281791687,1.0,10.0,2.4322545528411865,1.102607250213623,1.0
gaussian-5-noOverlap,5000.0,200.0,0.008,10.0,50.0,8.946138620376587,1.159632921218872,1.0,32.0,2.5460054874420166,1.132615566253662,1.0,20.0,2.4377989768981934,1.1150858402252195,1.0,10.0,2.5945069789886475,1.1117734909057615,1.0
gaussian-5-noOverlap,10000.0,10.0,0.0008,1.0,50.0,15.91473913192749,3.925032138824463,1.0,32.0,4.768442630767822,3.910050868988037,1.0,20.0,4.839020490646362,3.893544912338257,1.0,10.0,5.203064680099487,3.909546375274658,1.0
gaussian-5-noOverlap,10000.0,10.0,0.0008,2.0,50.0,15.87067437171936,3.8815507888793945,1.0,32.0,4.682410955429077,3.935617208480835,1.0,20.0,4.725778818130493,3.977941513061523,1.0,10.0,5.068954944610596,3.899434804916382,1.0
gaussian-5-noOverlap,10000.0,10.0,0.0008,3.0,50.0,15.802242517471312,3.871962308883667,1.0,32.0,4.760589122772217,3.898286104202272,1.0,20.0,5.007726907730103,3.913067817687988,1.0,10.0,4.714263439178467,3.923875093460083,1.0
gaussian-5-noOverlap,10000.0,10.0,0.0008,4.0,50.0,15.479523420333862,3.869304180145264,1.0,32.0,4.688446760177612,3.853294849395752,1.0,20.0,4.785987615585327,3.853051900863648,1.0,10.0,5.061599969863892,3.86197280883789,1.0
gaussian-5-noOverlap,10000.0,10.0,0.0008,5.0,50.0,17.068340063095093,4.021862030029297,1.0,32.0,5.056175708770752,4.0244221687316895,1.0,20.0,5.133636474609375,4.042329788208008,1.0,10.0,5.460958003997803,4.021852254867554,1.0
gaussian-5-noOverlap,10000.0,10.0,0.0008,6.0,50.0,16.672353506088257,4.010253190994263,1.0,32.0,4.696376800537109,3.977022171020508,1.0,20.0,4.711641073226929,3.976627349853516,1.0,10.0,4.969820022583008,3.967974424362183,1.0
gaussian-5-noOverlap,10000.0,10.0,0.0008,7.0,50.0,15.79783582687378,3.9256863594055176,1.0,32.0,4.774356126785278,3.9427506923675537,1.0,20.0,4.974309921264648,3.9434781074523926,1.0,10.0,4.774969816207886,3.943478345870972,1.0
gaussian-5-noOverlap,10000.0,10.0,0.0008,8.0,50.0,16.155622243881226,3.918465614318848,1.0,32.0,4.7080957889556885,3.9604623317718506,1.0,20.0,4.8218653202056885,3.973743915557861,1.0,10.0,5.122615337371826,3.921088218688965,1.0
gaussian-5-noOverlap,10000.0,10.0,0.0008,9.0,50.0,16.17484188079834,3.9546871185302734,1.0,32.0,4.672696352005005,3.945038795471192,1.0,20.0,4.768529891967773,3.895053148269653,1.0,10.0,5.149915933609009,3.882427215576172,1.0
gaussian-5-noOverlap,10000.0,10.0,0.0008,10.0,50.0,15.534815311431885,3.978661298751831,1.0,32.0,4.72391939163208,4.013844728469849,1.0,20.0,5.051955938339233,4.018333911895752,1.0,10.0,4.7303125858306885,4.041557550430298,1.0
gaussian-5-noOverlap,10000.0,20.0,0.0016,1.0,50.0,16.971484184265137,3.874330282211304,1.0,32.0,4.9676597118377686,3.8879239559173584,1.0,20.0,5.140836238861084,3.8932275772094727,1.0,10.0,5.193063497543335,3.86171817779541,1.0
gaussian-5-noOverlap,10000.0,20.0,0.0016,2.0,50.0,16.76490330696106,3.88470983505249,1.0,32.0,4.908992767333984,3.87024998664856,1.0,20.0,5.298901081085205,3.871849775314331,1.0,10.0,4.88928747177124,3.886244058609009,1.0
gaussian-5-noOverlap,10000.0,20.0,0.0016,3.0,50.0,16.846132040023804,3.9731035232543945,1.0,32.0,4.997124910354614,3.992771625518799,1.0,20.0,5.20684027671814,4.023790121078491,1.0,10.0,4.893314838409424,4.00237774848938,1.0
gaussian-5-noOverlap,10000.0,20.0,0.0016,4.0,50.0,16.530746459960938,3.89805269241333,1.0,32.0,4.91974949836731,3.900825500488281,1.0,20.0,5.156870365142822,3.886402368545532,1.0,10.0,5.187976121902466,3.896026372909546,1.0
gaussian-5-noOverlap,10000.0,20.0,0.0016,5.0,50.0,16.470669746398926,3.868646144866944,1.0,32.0,4.988250255584717,4.047932147979736,1.0,20.0,5.31659746170044,3.871988534927368,1.0,10.0,5.1964147090911865,3.914164543151856,1.0
gaussian-5-noOverlap,10000.0,20.0,0.0016,6.0,50.0,16.29216957092285,3.900778770446777,1.0,32.0,4.912145137786865,3.881042718887329,1.0,20.0,5.247882843017578,3.8676507472991934,1.0,10.0,5.17793083190918,3.888271808624268,1.0
gaussian-5-noOverlap,10000.0,20.0,0.0016,7.0,50.0,16.987982511520386,3.979456186294556,1.0,32.0,5.181140422821045,3.963511466979981,1.0,20.0,5.584429025650024,3.967187166213989,1.0,10.0,5.511842250823975,3.982976198196411,1.0
gaussian-5-noOverlap,10000.0,20.0,0.0016,8.0,50.0,17.51635718345642,3.889958381652832,1.0,32.0,4.960936784744263,3.908560514450073,1.0,20.0,5.257098436355591,3.8816592693328857,1.0,10.0,5.241698980331421,3.894141435623169,1.0
gaussian-5-noOverlap,10000.0,20.0,0.0016,9.0,50.0,16.507805585861206,3.879953145980835,1.0,32.0,4.943640947341919,3.8928163051605225,1.0,20.0,5.247104406356812,3.877553224563599,1.0,10.0,5.203961133956909,3.867497444152832,1.0
gaussian-5-noOverlap,10000.0,20.0,0.0016,10.0,50.0,16.289294719696045,3.8919622898101807,1.0,32.0,4.866469383239746,3.8791518211364746,1.0,20.0,5.194815397262573,3.875436782836914,1.0,10.0,4.908823013305664,3.881258487701416,1.0
gaussian-5-noOverlap,10000.0,50.0,0.004,1.0,50.0,17.662421703338623,3.936498880386353,1.0,32.0,5.439779043197632,3.9409141540527344,1.0,20.0,5.163403511047363,3.938719272613525,1.0,10.0,5.640566349029541,3.91569709777832,1.0
gaussian-5-noOverlap,10000.0,50.0,0.004,2.0,50.0,17.961745500564575,3.985203504562378,1.0,32.0,5.126338243484497,4.007837295532227,1.0,20.0,5.642623901367188,3.968134880065918,1.0,10.0,5.9530675411224365,3.973478317260742,1.0
gaussian-5-noOverlap,10000.0,50.0,0.004,3.0,50.0,18.42044758796692,4.042195796966553,1.0,32.0,5.46197247505188,3.9967641830444336,1.0,20.0,5.599712371826172,3.978995084762573,1.0,10.0,5.540118932723999,3.983129501342773,1.0
gaussian-5-noOverlap,10000.0,50.0,0.004,4.0,50.0,17.216639041900635,3.865788459777832,1.0,32.0,5.451711416244507,3.847358703613281,1.0,20.0,5.565773963928223,3.8666021823883057,1.0,10.0,5.515634298324585,3.856841802597046,1.0
gaussian-5-noOverlap,10000.0,50.0,0.004,5.0,50.0,18.575125694274902,3.977153778076172,1.0,32.0,5.115985155105591,3.909357309341431,1.0,20.0,5.354395389556885,3.914353609085083,1.0,10.0,5.465458393096924,3.920295476913452,1.0
gaussian-5-noOverlap,10000.0,50.0,0.004,6.0,50.0,17.288170099258423,3.932609796524048,1.0,32.0,5.089848041534424,3.950447797775269,1.0,20.0,5.401007652282715,3.938348054885864,1.0,10.0,5.38930869102478,3.9396626949310303,1.0
gaussian-5-noOverlap,10000.0,50.0,0.004,7.0,50.0,17.5490939617157,3.963663339614868,1.0,32.0,5.373351812362671,3.961396217346192,1.0,20.0,5.581678152084351,3.967795133590698,1.0,10.0,5.5203821659088135,3.965821266174317,1.0
gaussian-5-noOverlap,10000.0,50.0,0.004,8.0,50.0,17.341315746307373,3.912184000015259,1.0,32.0,5.119021415710449,3.926016569137573,1.0,20.0,5.296725273132324,3.891801357269287,1.0,10.0,5.6867969036102295,3.761798620223999,1.0
gaussian-5-noOverlap,10000.0,50.0,0.004,9.0,50.0,17.645719289779663,4.0205371379852295,1.0,32.0,5.254830837249756,3.979001045227051,1.0,20.0,5.588864326477051,3.90083122253418,1.0,10.0,5.645393133163452,3.943257331848145,1.0
gaussian-5-noOverlap,10000.0,50.0,0.004,10.0,50.0,17.265406847000122,3.9156649112701416,1.0,32.0,5.493760347366333,3.953727006912232,1.0,20.0,5.657695770263672,3.965172529220581,1.0,10.0,5.607939958572388,3.949707746505737,1.0
gaussian-5-noOverlap,10000.0,100.0,0.008,1.0,50.0,18.6047945022583,4.0369062423706055,1.0,32.0,5.437369346618652,4.010945796966553,1.0,20.0,5.627674579620361,4.030807733535767,1.0,10.0,5.990661382675171,3.9840340614318848,1.0
gaussian-5-noOverlap,10000.0,100.0,0.008,2.0,50.0,19.04055666923523,3.8994505405426025,1.0,32.0,5.654972076416016,3.8391287326812735,1.0,20.0,5.681459188461304,3.862340450286865,1.0,10.0,5.67546820640564,3.845215082168579,1.0
gaussian-5-noOverlap,10000.0,100.0,0.008,3.0,50.0,19.57031893730164,3.8484957218170166,1.0,32.0,5.927503108978272,3.92716121673584,1.0,20.0,5.941342115402222,3.915103435516357,1.0,10.0,6.039988040924072,3.94799280166626,1.0
gaussian-5-noOverlap,10000.0,100.0,0.008,4.0,50.0,18.85489082336425,3.970670223236084,1.0,32.0,5.543110609054565,3.9754421710968018,1.0,20.0,5.600993394851685,3.96687912940979,1.0,10.0,5.627131700515747,3.9289283752441406,1.0
gaussian-5-noOverlap,10000.0,100.0,0.008,5.0,50.0,18.62276124954224,3.924215078353882,1.0,32.0,5.2368762493133545,3.910975933074951,1.0,20.0,5.621266603469849,3.911238431930542,1.0,10.0,6.068823337554932,3.940366506576538,1.0
gaussian-5-noOverlap,10000.0,100.0,0.008,6.0,50.0,17.877562284469604,4.150129318237305,1.0,32.0,5.541819334030151,4.034904956817627,1.0,20.0,5.600534677505493,3.8414931297302246,1.0,10.0,5.700985670089722,3.8791024684906006,1.0
gaussian-5-noOverlap,10000.0,100.0,0.008,7.0,50.0,18.01966094970703,3.922075510025024,1.0,32.0,5.651591062545776,4.192869424819946,1.0,20.0,5.3108978271484375,4.074810266494751,1.0,10.0,5.961605787277222,3.944470405578613,1.0
gaussian-5-noOverlap,10000.0,100.0,0.008,8.0,50.0,18.546895742416385,3.96476149559021,1.0,32.0,5.870709419250488,3.970093965530396,1.0,20.0,6.056288242340088,3.973846673965454,1.0,10.0,6.108736038208008,4.008699178695679,1.0
gaussian-5-noOverlap,10000.0,100.0,0.008,9.0,50.0,17.98278546333313,3.8654799461364746,1.0,32.0,5.573654413223267,3.900052785873413,1.0,20.0,5.65347695350647,4.0471062660217285,1.0,10.0,5.60384464263916,4.007162809371948,1.0
gaussian-5-noOverlap,10000.0,100.0,0.008,10.0,50.0,18.18878746032715,3.970721244812012,1.0,32.0,5.5985939502716064,3.972944021224976,1.0,20.0,5.62311053276062,4.001906394958496,1.0,10.0,5.604597568511963,3.9780755043029785,1.0
gaussian-5-noOverlap,10000.0,200.0,0.016,1.0,50.0,19.10670590400696,4.111048460006714,1.0,32.0,5.245610475540161,4.03307032585144,1.0,20.0,5.695181369781494,4.079689741134644,1.0,10.0,5.715914487838745,4.069807529449463,1.0
gaussian-5-noOverlap,10000.0,200.0,0.016,2.0,50.0,20.314477920532227,4.116318464279175,1.0,32.0,5.576431274414063,4.110818386077881,1.0,20.0,5.699556827545166,4.0545408725738525,1.0,10.0,5.668302059173584,4.076897382736206,1.0
gaussian-5-noOverlap,10000.0,200.0,0.016,3.0,50.0,19.74591016769409,3.921573638916016,1.0,32.0,5.683093786239624,3.9670121669769287,1.0,20.0,5.724719047546387,3.9917221069335938,1.0,10.0,5.730180740356445,3.961039304733277,1.0
gaussian-5-noOverlap,10000.0,200.0,0.016,4.0,50.0,19.87038969993592,4.094481706619263,1.0,32.0,5.932676315307617,4.14645528793335,1.0,20.0,5.70762300491333,4.04431414604187,1.0,10.0,5.767985582351685,4.140406608581543,1.0
gaussian-5-noOverlap,10000.0,200.0,0.016,5.0,50.0,19.04700326919556,4.014547109603882,1.0,32.0,5.594274282455444,4.029829025268555,1.0,20.0,5.715428352355957,4.037519216537476,1.0,10.0,5.658759832382202,4.075619220733643,1.0
gaussian-5-noOverlap,10000.0,200.0,0.016,6.0,50.0,19.915143966674805,3.9665486812591553,1.0,32.0,5.795951128005981,4.019871473312378,1.0,20.0,5.945764541625977,4.009380340576172,1.0,10.0,5.884655237197876,4.043951511383057,1.0
gaussian-5-noOverlap,10000.0,200.0,0.016,7.0,50.0,18.89470624923706,4.030915021896362,1.0,32.0,5.659249305725098,3.9759442806243896,1.0,20.0,5.687148094177246,4.015517950057983,1.0,10.0,5.872366905212402,4.048698663711548,1.0
gaussian-5-noOverlap,10000.0,200.0,0.016,8.0,50.0,23.098069190979004,4.328900337219238,1.0,32.0,7.212707996368408,4.256505966186523,1.0,20.0,6.409101247787476,4.200524806976318,1.0,10.0,7.630755424499512,4.129497051239014,1.0
gaussian-5-noOverlap,10000.0,200.0,0.016,9.0,50.0,20.19241976737976,4.034280300140381,1.0,32.0,5.658181428909302,3.9749810695648193,1.0,20.0,5.702237844467163,4.004005432128906,1.0,10.0,5.677243709564209,3.97768497467041,1.0
gaussian-5-noOverlap,10000.0,200.0,0.016,10.0,50.0,18.425515174865723,3.9768972396850586,1.0,32.0,5.568694591522217,4.064760446548462,1.0,20.0,5.721374034881592,4.044932126998901,1.0,10.0,5.662575721740723,4.056025505065918,1.0
gaussian-5-noOverlap,15000.0,10.0,0.0012,1.0,50.0,23.438153743743896,8.560256958007812,1.0,32.0,7.71648383140564,8.552831649780273,1.0,20.0,7.794041395187378,8.459285736083984,1.0,10.0,8.164248704910278,8.464896202087402,1.0
gaussian-5-noOverlap,15000.0,10.0,0.0012,2.0,50.0,24.464300870895386,8.642963171005249,1.0,32.0,8.082433700561523,8.615746259689331,1.0,20.0,8.22909164428711,8.660872220993042,1.0,10.0,8.674933195114136,8.699692487716675,1.0
gaussian-5-noOverlap,15000.0,10.0,0.0012,3.0,50.0,24.20779299736023,8.729516744613647,1.0,32.0,7.871047019958496,8.604596376419067,1.0,20.0,8.133194923400879,8.600664615631104,1.0,10.0,8.575206518173218,8.71439242362976,1.0
gaussian-5-noOverlap,15000.0,10.0,0.0012,4.0,50.0,24.106789112091064,8.559114217758179,1.0,32.0,7.852375268936157,8.470027685165405,1.0,20.0,7.824235677719116,8.329798460006714,1.0,10.0,8.133718013763428,8.485116004943848,1.0
gaussian-5-noOverlap,15000.0,10.0,0.0012,5.0,50.0,26.881866216659542,8.682880163192749,1.0,32.0,7.987672567367554,8.858360052108765,1.0,20.0,7.998989820480347,8.711269617080688,1.0,10.0,8.6478590965271,8.78164529800415,1.0
gaussian-5-noOverlap,15000.0,10.0,0.0012,6.0,50.0,24.565252542495728,8.751357316970825,1.0,32.0,8.114388227462769,8.649983167648315,1.0,20.0,8.43439531326294,8.765198707580566,1.0,10.0,8.789835214614868,8.733219623565674,1.0
gaussian-5-noOverlap,15000.0,10.0,0.0012,7.0,50.0,26.31279873847961,8.663315057754517,1.0,32.0,8.113127946853638,8.339001655578613,1.0,20.0,8.155433893203735,8.417812824249268,1.0,10.0,8.506625890731812,8.379353523254395,1.0
gaussian-5-noOverlap,15000.0,10.0,0.0012,8.0,50.0,24.62651324272156,8.613483667373657,1.0,32.0,8.157768249511719,8.646088123321533,1.0,20.0,8.28053879737854,8.751346826553345,1.0,10.0,8.803186416625977,8.83559775352478,1.0
gaussian-5-noOverlap,15000.0,10.0,0.0012,9.0,50.0,25.21035408973694,9.04545760154724,1.0,32.0,7.955850839614868,9.018419981002808,1.0,20.0,7.966217517852783,8.894450664520264,1.0,10.0,8.501358985900879,9.013476610183716,1.0
gaussian-5-noOverlap,15000.0,10.0,0.0012,10.0,50.0,24.36373543739319,8.756535053253174,1.0,32.0,8.151601314544678,8.869385957717896,1.0,20.0,8.353291273117065,8.892865180969238,1.0,10.0,8.863266706466675,8.83370304107666,1.0
gaussian-5-noOverlap,15000.0,20.0,0.0024,1.0,50.0,25.65320873260498,8.503090143203735,1.0,32.0,8.225708961486816,8.508545398712158,1.0,20.0,8.592998027801514,8.598034620285034,1.0,10.0,8.756603956222534,8.498652458190918,1.0
gaussian-5-noOverlap,15000.0,20.0,0.0024,2.0,50.0,27.83241963386536,8.664886713027954,1.0,32.0,8.71588945388794,8.7375807762146,1.0,20.0,9.286936521530151,8.698837518692017,1.0,10.0,9.435365676879885,8.840972185134888,1.0
gaussian-5-noOverlap,15000.0,20.0,0.0024,3.0,50.0,25.79680156707764,8.57716417312622,1.0,32.0,8.756589412689209,8.611938714981079,1.0,20.0,8.464437246322632,8.609385013580322,1.0,10.0,9.3312566280365,8.496087074279785,1.0
gaussian-5-noOverlap,15000.0,20.0,0.0024,4.0,50.0,26.049176454544067,8.64084529876709,1.0,32.0,8.855127334594727,8.65055513381958,1.0,20.0,9.135372877120972,8.646916389465332,1.0,10.0,9.618005275726318,8.674551725387573,1.0
gaussian-5-noOverlap,15000.0,20.0,0.0024,5.0,50.0,25.72233510017395,8.51979660987854,1.0,32.0,8.589260578155518,8.602255582809448,1.0,20.0,8.80252194404602,8.755208492279053,1.0,10.0,8.981478929519653,8.457673788070679,1.0
gaussian-5-noOverlap,15000.0,20.0,0.0024,6.0,50.0,26.243474006652832,8.639868974685669,1.0,32.0,8.330037117004395,8.699473857879639,1.0,20.0,8.886096000671387,8.649566411972046,1.0,10.0,9.469766855239868,8.736995458602905,1.0
gaussian-5-noOverlap,15000.0,20.0,0.0024,7.0,50.0,25.795809268951416,8.56490445137024,1.0,32.0,8.263957262039185,8.520097017288208,1.0,20.0,8.997592449188232,8.65716004371643,1.0,10.0,8.960684061050415,8.609652519226074,1.0
gaussian-5-noOverlap,15000.0,20.0,0.0024,8.0,50.0,26.614230394363403,8.591984748840332,1.0,32.0,8.59965205192566,8.771726608276367,1.0,20.0,8.695511817932129,8.62587022781372,1.0,10.0,8.827607154846191,8.744537830352783,1.0
gaussian-5-noOverlap,15000.0,20.0,0.0024,9.0,50.0,25.733506441116333,8.52647614479065,1.0,32.0,8.293396711349487,8.577565908432007,1.0,20.0,9.109455585479736,8.512945652008057,1.0,10.0,9.006360292434692,8.54601526260376,1.0
gaussian-5-noOverlap,15000.0,20.0,0.0024,10.0,50.0,25.832822799682617,8.59368371963501,1.0,32.0,8.281441926956177,8.63142728805542,1.0,20.0,8.653383016586304,8.599379777908325,1.0,10.0,9.28120493888855,8.59769606590271,1.0
gaussian-5-noOverlap,15000.0,50.0,0.006,1.0,50.0,28.05621314048767,8.790908098220825,1.0,32.0,9.131033182144163,8.760698318481445,1.0,20.0,9.447832584381104,8.77462100982666,1.0,10.0,9.426583290100098,8.765693187713623,1.0
gaussian-5-noOverlap,15000.0,50.0,0.006,2.0,50.0,28.052578926086422,8.725719928741455,1.0,32.0,8.699780225753784,8.664967060089111,1.0,20.0,9.452048778533936,8.666760206222534,1.0,10.0,9.234564304351808,8.684297561645508,1.0
gaussian-5-noOverlap,15000.0,50.0,0.006,3.0,50.0,28.67142534255981,8.481834173202515,1.0,32.0,8.98866057395935,8.570015668869019,1.0,20.0,9.232346057891846,8.593186855316162,1.0,10.0,9.358776807785034,8.60006594657898,1.0
gaussian-5-noOverlap,15000.0,50.0,0.006,4.0,50.0,26.81418800354004,8.753364562988281,1.0,32.0,8.745508193969727,8.500037908554077,1.0,20.0,9.40668487548828,8.597402095794678,1.0,10.0,9.295696020126345,8.690627813339233,1.0
gaussian-5-noOverlap,15000.0,50.0,0.006,5.0,50.0,27.699103355407715,8.530139923095703,1.0,32.0,9.21224570274353,8.452083110809326,1.0,20.0,9.264011144638062,8.633432149887085,1.0,10.0,9.349143028259276,8.471685409545898,1.0
gaussian-5-noOverlap,15000.0,50.0,0.006,6.0,50.0,27.469573497772217,8.527824640274048,1.0,32.0,9.09359359741211,8.887481451034546,1.0,20.0,8.979033946990967,8.664935111999512,1.0,10.0,9.463437795639038,8.82465386390686,1.0
gaussian-5-noOverlap,15000.0,50.0,0.006,7.0,50.0,27.84979271888733,8.613779544830322,1.0,32.0,9.020920276641846,8.443805694580078,1.0,20.0,9.299088716506958,8.512774467468262,1.0,10.0,9.310250997543337,8.525930404663086,1.0
gaussian-5-noOverlap,15000.0,50.0,0.006,8.0,50.0,27.92257523536682,8.633721351623535,1.0,32.0,8.925387382507324,8.637947797775269,1.0,20.0,9.01396870613098,8.609533548355103,1.0,10.0,9.056530237197876,8.564263820648193,1.0
gaussian-5-noOverlap,15000.0,50.0,0.006,9.0,50.0,26.845962047576904,8.895652294158936,1.0,32.0,8.945200443267822,8.942874908447266,1.0,20.0,9.41982889175415,8.617267847061157,1.0,10.0,9.03383183479309,8.499125480651855,1.0
gaussian-5-noOverlap,15000.0,50.0,0.006,10.0,50.0,27.997787952423096,8.57918095588684,1.0,32.0,9.191346645355225,8.609013080596924,1.0,20.0,9.34095025062561,8.5467209815979,1.0,10.0,9.294839143753052,8.5341317653656,1.0
gaussian-5-noOverlap,15000.0,100.0,0.012,1.0,50.0,30.02033424377441,8.657734632492065,1.0,32.0,10.100504398345947,8.63637661933899,1.0,20.0,9.877278327941896,8.754059553146362,1.0,10.0,9.893240213394163,8.622864246368408,1.0
gaussian-5-noOverlap,15000.0,100.0,0.012,2.0,50.0,28.721596479415894,8.717151403427124,1.0,32.0,9.51959753036499,8.627822399139404,1.0,20.0,9.249895334243774,8.616055488586426,1.0,10.0,9.504181385040283,8.70128607749939,1.0
gaussian-5-noOverlap,15000.0,100.0,0.012,3.0,50.0,28.385359048843384,8.510348558425903,1.0,32.0,9.01139998435974,8.534482479095459,1.0,20.0,9.180465459823608,8.595532655715942,1.0,10.0,9.645172119140623,8.65558385848999,1.0
gaussian-5-noOverlap,15000.0,100.0,0.012,4.0,50.0,28.69543623924256,8.599262237548828,1.0,32.0,9.36314058303833,8.54634165763855,1.0,20.0,9.62629222869873,8.53829836845398,1.0,10.0,9.931385278701782,8.612378358840942,1.0
gaussian-5-noOverlap,15000.0,100.0,0.012,5.0,50.0,31.098656177520752,8.947896242141724,1.0,32.0,10.443567752838137,8.99950647354126,1.0,20.0,10.598703384399414,9.614200115203856,1.0,10.0,10.485501766204834,8.738046646118164,1.0
gaussian-5-noOverlap,15000.0,100.0,0.012,6.0,50.0,28.2306547164917,8.790618658065796,1.0,32.0,9.318421602249146,8.797862768173218,1.0,20.0,9.233585119247437,8.78254246711731,1.0,10.0,9.390750169754028,8.802829265594482,1.0
gaussian-5-noOverlap,15000.0,100.0,0.012,7.0,50.0,29.74536371231079,8.649396657943726,1.0,32.0,9.69452142715454,8.609766960144043,1.0,20.0,9.834917783737184,8.65158200263977,1.0,10.0,9.874590873718262,8.63716983795166,1.0
gaussian-5-noOverlap,15000.0,100.0,0.012,8.0,50.0,28.17988872528076,8.811240434646606,1.0,32.0,9.225507736206056,8.77105975151062,1.0,20.0,9.212817907333374,8.739022731781006,1.0,10.0,9.56381368637085,8.786275863647461,1.0
gaussian-5-noOverlap,15000.0,100.0,0.012,9.0,50.0,28.377940893173218,8.426076650619507,1.0,32.0,9.200801372528076,8.452118158340454,1.0,20.0,9.160996913909912,8.420416831970215,1.0,10.0,9.147538900375366,8.483238458633423,1.0
gaussian-5-noOverlap,15000.0,100.0,0.012,10.0,50.0,28.1938157081604,8.653534173965454,1.0,32.0,9.098663806915283,8.661728620529175,1.0,20.0,9.051247358322144,8.656968593597412,1.0,10.0,9.628960371017456,8.685483694076538,1.0
gaussian-5-noOverlap,15000.0,200.0,0.024,1.0,50.0,30.008103609085083,8.731638193130493,1.0,32.0,9.239972591400146,8.848713397979736,1.0,20.0,9.654247283935549,8.742844581604004,1.0,10.0,9.69576096534729,8.956103801727295,1.0
gaussian-5-noOverlap,15000.0,200.0,0.024,2.0,50.0,30.18879747390747,8.715007066726685,1.0,32.0,9.275474309921265,8.709259271621704,1.0,20.0,9.734338998794556,8.66243028640747,1.0,10.0,9.637616634368896,8.703932285308838,1.0
gaussian-5-noOverlap,15000.0,200.0,0.024,3.0,50.0,30.06583285331726,8.787909030914307,1.0,32.0,9.41213059425354,8.826737880706787,1.0,20.0,9.203298807144163,8.850772380828857,1.0,10.0,9.593664169311523,8.845091581344604,1.0
gaussian-5-noOverlap,15000.0,200.0,0.024,4.0,50.0,30.27506446838379,9.210303783416748,1.0,32.0,9.254724264144896,9.19804549217224,1.0,20.0,9.61189079284668,9.248889923095703,1.0,10.0,9.791295766830444,9.172125816345217,1.0
gaussian-5-noOverlap,15000.0,200.0,0.024,5.0,50.0,31.836059093475345,8.98024320602417,1.0,32.0,9.273072004318236,8.896589517593384,1.0,20.0,9.977385997772217,8.934183359146118,1.0,10.0,9.526022911071776,8.866801261901855,1.0
gaussian-5-noOverlap,15000.0,200.0,0.024,6.0,50.0,29.707048892974854,8.822786331176758,1.0,32.0,9.552413940429688,8.783442735671997,1.0,20.0,9.097089529037476,8.690448760986328,1.0,10.0,9.663177013397217,8.73113751411438,1.0
gaussian-5-noOverlap,15000.0,200.0,0.024,7.0,50.0,30.24947953224182,8.804252862930298,1.0,32.0,9.233274459838867,8.819844484329224,1.0,20.0,9.27258563041687,8.669655561447144,1.0,10.0,9.636759757995604,8.791486263275146,1.0
gaussian-5-noOverlap,15000.0,200.0,0.024,8.0,50.0,30.032208681106567,8.700132369995117,1.0,32.0,9.199918270111084,8.775189638137817,1.0,20.0,9.53589129447937,8.727500677108765,1.0,10.0,9.229047536849976,8.66383695602417,1.0
gaussian-5-noOverlap,15000.0,200.0,0.024,9.0,50.0,32.684608459472656,8.945893049240112,1.0,32.0,9.274156332015991,8.92197847366333,1.0,20.0,9.174625635147097,8.992065191268921,1.0,10.0,9.4859459400177,9.090424060821531,1.0
gaussian-5-noOverlap,15000.0,200.0,0.024,10.0,50.0,29.65987539291382,8.865783929824829,1.0,32.0,9.196871280670166,8.850242376327515,1.0,20.0,9.210847854614258,8.902090072631836,1.0,10.0,9.296029329299929,8.889156818389893,1.0
gaussian-5-noOverlap,20000.0,10.0,0.0016,1.0,50.0,32.9484076499939,14.904974699020386,1.0,32.0,11.334965705871582,14.902667999267578,1.0,20.0,11.794622898101808,14.896318674087524,1.0,10.0,12.244977474212646,15.15896224975586,1.0
gaussian-5-noOverlap,20000.0,10.0,0.0016,2.0,50.0,38.92896866798401,15.577715396881104,1.0,32.0,12.468344449996948,15.587132692337036,1.0,20.0,13.080833673477173,15.614688158035278,1.0,10.0,12.32304334640503,15.582709789276125,1.0
gaussian-5-noOverlap,20000.0,10.0,0.0016,3.0,50.0,33.43752837181091,14.618647575378418,1.0,32.0,11.30183720588684,14.837789058685305,1.0,20.0,11.813786745071411,14.686784505844116,1.0,10.0,12.240762710571287,14.586910009384155,1.0
gaussian-5-noOverlap,20000.0,10.0,0.0016,4.0,50.0,33.46629071235657,14.984896421432495,1.0,32.0,11.388960838317873,15.072819232940674,1.0,20.0,11.663506746292114,15.072667121887209,1.0,10.0,12.220186233520508,15.105608940124512,1.0
gaussian-5-noOverlap,20000.0,10.0,0.0016,5.0,50.0,35.584254026412964,15.20674467086792,1.0,32.0,11.535163164138794,15.12652587890625,1.0,20.0,11.996259450912476,15.354738235473633,1.0,10.0,12.199203252792358,15.212733507156372,1.0
gaussian-5-noOverlap,20000.0,10.0,0.0016,6.0,50.0,34.30696177482605,15.067607164382936,1.0,32.0,11.486607789993286,15.01325535774231,1.0,20.0,11.747803449630736,15.026304006576538,1.0,10.0,12.34910488128662,14.88865876197815,1.0
gaussian-5-noOverlap,20000.0,10.0,0.0016,7.0,50.0,35.142171144485474,15.734124422073364,1.0,32.0,12.146827220916748,15.67245888710022,1.0,20.0,12.634639501571655,15.555703163146973,1.0,10.0,13.256276845932009,15.630563259124756,1.0
gaussian-5-noOverlap,20000.0,10.0,0.0016,8.0,50.0,32.864896059036255,15.260051250457764,1.0,32.0,11.269379615783691,15.22411322593689,1.0,20.0,12.242881059646606,15.372326850891112,1.0,10.0,11.539764881134031,15.287996768951416,1.0
gaussian-5-noOverlap,20000.0,10.0,0.0016,9.0,50.0,33.83873176574707,14.912636995315552,1.0,32.0,11.434041500091553,14.95232629776001,1.0,20.0,11.69706416130066,15.071485996246338,1.0,10.0,11.854453563690186,15.066605567932127,1.0
gaussian-5-noOverlap,20000.0,10.0,0.0016,10.0,50.0,35.216529846191406,14.910030841827393,1.0,32.0,11.481112003326416,14.879856824874878,1.0,20.0,11.772965669631958,14.837364196777344,1.0,10.0,12.395789861679075,14.954006910324097,1.0
gaussian-5-noOverlap,20000.0,20.0,0.0032,1.0,50.0,36.3008496761322,15.28001308441162,1.0,32.0,12.271252870559692,15.031708002090454,1.0,20.0,13.17529821395874,14.97933268547058,1.0,10.0,13.72637414932251,14.989073514938354,1.0
gaussian-5-noOverlap,20000.0,20.0,0.0032,2.0,50.0,35.516427993774414,15.1992826461792,1.0,32.0,12.79721999168396,15.469665288925173,1.0,20.0,13.051773309707642,15.23486852645874,1.0,10.0,13.688087463378906,15.38947606086731,1.0
gaussian-5-noOverlap,20000.0,20.0,0.0032,3.0,50.0,35.484376192092896,14.748470544815063,1.0,32.0,12.513128995895386,14.786423206329346,1.0,20.0,12.894649744033812,14.879782438278198,1.0,10.0,13.06472945213318,14.887540578842165,1.0
gaussian-5-noOverlap,20000.0,20.0,0.0032,4.0,50.0,34.79804563522339,14.889906406402588,1.0,32.0,12.074241876602173,14.746706008911133,1.0,20.0,12.596706867218018,14.789008378982544,1.0,10.0,13.318566799163818,14.745882034301758,1.0
gaussian-5-noOverlap,20000.0,20.0,0.0032,5.0,50.0,35.72423434257507,14.824052572250366,0.6896285292985554,32.0,12.252396583557127,14.901358842849731,0.6896285292985554,20.0,12.665226221084597,14.798241138458252,0.6896285292985554,10.0,13.663450717926024,14.90644884109497,0.6896285292985554
gaussian-5-noOverlap,20000.0,20.0,0.0032,6.0,50.0,36.42466235160828,15.622193574905396,1.0,32.0,12.749961137771606,15.41200041770935,1.0,20.0,12.601731538772585,15.403140544891356,1.0,10.0,13.626296997070312,16.905552864074707,1.0
gaussian-5-noOverlap,20000.0,20.0,0.0032,7.0,50.0,35.779292583465576,15.1602463722229,1.0,32.0,12.217160701751707,15.611746311187744,1.0,20.0,12.80803370475769,15.352917194366457,1.0,10.0,12.95973253250122,15.407753229141235,1.0
gaussian-5-noOverlap,20000.0,20.0,0.0032,8.0,50.0,37.61104345321655,15.261186838150024,1.0,32.0,12.083091735839844,15.42042064666748,1.0,20.0,13.18392825126648,15.41005825996399,1.0,10.0,13.13574194908142,15.450117588043211,1.0
gaussian-5-noOverlap,20000.0,20.0,0.0032,9.0,50.0,35.24933099746704,14.94189429283142,1.0,32.0,12.138583421707152,14.871944189071655,1.0,20.0,12.960757732391356,14.94420576095581,1.0,10.0,12.968409538269045,14.967929363250732,1.0
gaussian-5-noOverlap,20000.0,20.0,0.0032,10.0,50.0,36.09362077713013,15.153767108917236,1.0,32.0,12.704507112503052,15.013892889022827,1.0,20.0,12.52799391746521,15.138866186141968,1.0,10.0,13.08379578590393,15.303678512573242,1.0
gaussian-5-noOverlap,20000.0,50.0,0.008,1.0,50.0,41.26788258552551,15.374117851257324,1.0,32.0,13.19129729270935,15.403474807739258,1.0,20.0,13.74041485786438,15.363206148147585,1.0,10.0,14.292943239212036,15.575944900512695,1.0
gaussian-5-noOverlap,20000.0,50.0,0.008,2.0,50.0,37.78760099411011,15.25370955467224,1.0,32.0,12.550150871276855,15.398185014724731,1.0,20.0,13.615593910217283,15.305400133132936,1.0,10.0,13.27428150177002,15.219812870025637,1.0
gaussian-5-noOverlap,20000.0,50.0,0.008,3.0,50.0,39.731882095336914,15.46959376335144,1.0,32.0,13.138736486434937,15.481750011444092,1.0,20.0,13.693862438201904,15.446772575378418,1.0,10.0,13.24823832511902,15.486314535140991,1.0
gaussian-5-noOverlap,20000.0,50.0,0.008,4.0,50.0,40.33922147750855,15.148398637771606,1.0,32.0,13.218103408813477,15.23096513748169,1.0,20.0,14.067285299301147,15.210188150405884,1.0,10.0,13.40713882446289,15.231272220611572,1.0
gaussian-5-noOverlap,20000.0,50.0,0.008,5.0,50.0,39.0732638835907,15.550099849700928,1.0,32.0,13.353875160217283,15.281200170516968,1.0,20.0,13.776495218276978,15.321789264678957,1.0,10.0,13.732359647750854,15.56182861328125,1.0
gaussian-5-noOverlap,20000.0,50.0,0.008,6.0,50.0,38.90788269042969,15.247911930084229,1.0,32.0,13.273809671401978,15.251797676086426,1.0,20.0,13.569957733154297,15.126885652542114,1.0,10.0,14.07148265838623,15.094228744506836,1.0
gaussian-5-noOverlap,20000.0,50.0,0.008,7.0,50.0,37.72341966629028,15.06374216079712,1.0,32.0,13.06762671470642,15.170836925506592,1.0,20.0,13.642235517501833,15.0838885307312,1.0,10.0,13.25245189666748,14.971956968307495,1.0
gaussian-5-noOverlap,20000.0,50.0,0.008,8.0,50.0,37.9162962436676,15.396322011947632,1.0,32.0,13.130870819091797,15.58803415298462,1.0,20.0,13.045912265777588,15.434396505355837,1.0,10.0,13.660674095153809,15.35962438583374,1.0
gaussian-5-noOverlap,20000.0,50.0,0.008,9.0,50.0,41.13651776313782,15.535656929016112,1.0,32.0,13.342302799224854,15.46746039390564,1.0,20.0,13.64500331878662,15.287155389785768,1.0,10.0,14.157037496566772,15.225399255752563,1.0
gaussian-5-noOverlap,20000.0,50.0,0.008,10.0,50.0,39.405537843704224,15.170603275299072,1.0,32.0,13.206302881240845,15.310216665267944,1.0,20.0,13.666999816894531,15.162047863006592,1.0,10.0,13.700371026992798,15.268707513809204,1.0
gaussian-5-noOverlap,20000.0,100.0,0.016,1.0,50.0,40.977370738983154,15.22813844680786,1.0,32.0,14.004961729049684,15.236270666122437,1.0,20.0,14.56860899925232,15.138115644454956,1.0,10.0,14.859455823898315,15.160017490386965,1.0
gaussian-5-noOverlap,20000.0,100.0,0.016,2.0,50.0,40.5324113368988,15.384777307510376,1.0,32.0,13.369336366653442,15.33245015144348,1.0,20.0,13.770321607589722,15.357638835906982,1.0,10.0,13.8583242893219,15.76676058769226,1.0
gaussian-5-noOverlap,20000.0,100.0,0.016,3.0,50.0,40.43398833274841,15.020567655563354,1.0,32.0,14.170254468917848,14.854383707046509,1.0,20.0,13.802520036697388,14.869675397872925,1.0,10.0,14.370298862457275,14.911667346954346,1.0
gaussian-5-noOverlap,20000.0,100.0,0.016,4.0,50.0,40.10897159576416,14.98457407951355,1.0,32.0,13.39943027496338,15.035152673721312,1.0,20.0,14.095377206802368,15.01692819595337,1.0,10.0,13.858314275741575,15.03598952293396,1.0
gaussian-5-noOverlap,20000.0,100.0,0.016,5.0,50.0,41.03966522216797,15.39838480949402,1.0,32.0,13.587618350982666,15.480499505996704,1.0,20.0,14.057087182998655,15.464925765991213,1.0,10.0,14.30278706550598,16.322265625,1.0
gaussian-5-noOverlap,20000.0,100.0,0.016,6.0,50.0,40.39615082740784,15.189947366714478,1.0,32.0,14.124874830245972,15.172671556472778,1.0,20.0,13.730408430099487,15.146507263183594,1.0,10.0,14.4085214138031,15.170291423797607,1.0
gaussian-5-noOverlap,20000.0,100.0,0.016,7.0,50.0,39.89545512199402,15.362032175064089,1.0,32.0,13.350951671600342,14.953845977783203,1.0,20.0,13.889869689941406,15.06101942062378,1.0,10.0,14.182044744491575,15.063579559326172,1.0
gaussian-5-noOverlap,20000.0,100.0,0.016,8.0,50.0,40.85929465293884,15.177419900894163,1.0,32.0,13.41097354888916,15.593162775039673,1.0,20.0,13.732759952545166,15.308130502700806,1.0,10.0,14.090027570724487,15.35612678527832,1.0
gaussian-5-noOverlap,20000.0,100.0,0.016,9.0,50.0,43.37912940979004,15.50802230834961,1.0,32.0,13.859156131744385,15.505895376205444,1.0,20.0,13.761986255645752,15.471776723861694,1.0,10.0,14.39688205718994,15.566919803619385,1.0
gaussian-5-noOverlap,20000.0,100.0,0.016,10.0,50.0,40.183645248413086,14.909865617752075,1.0,32.0,13.882781267166138,15.031982898712158,1.0,20.0,13.84285306930542,15.078685998916626,1.0,10.0,14.22769570350647,14.756141424179075,1.0
gaussian-5-noOverlap,20000.0,200.0,0.032,1.0,50.0,43.48574376106262,15.31468915939331,1.0,32.0,13.466634035110474,15.384108781814575,1.0,20.0,13.809958934783936,15.275095701217651,1.0,10.0,14.20505666732788,15.385608196258543,1.0
gaussian-5-noOverlap,20000.0,200.0,0.032,2.0,50.0,42.73359942436218,15.409461736679075,1.0,32.0,14.082869052886965,15.736371278762816,1.0,20.0,13.86462688446045,15.749467849731444,1.0,10.0,14.564542770385742,15.73017716407776,1.0
gaussian-5-noOverlap,20000.0,200.0,0.032,3.0,50.0,43.12610459327698,15.325292587280272,1.0,32.0,13.482234001159668,15.27106523513794,1.0,20.0,13.883013248443604,15.415904760360718,1.0,10.0,14.02739429473877,15.594661235809326,1.0
gaussian-5-noOverlap,20000.0,200.0,0.032,4.0,50.0,44.461891651153564,15.519564151763916,1.0,32.0,14.070983171463013,15.528526306152344,1.0,20.0,13.45645546913147,15.569433212280272,1.0,10.0,14.45769715309143,15.667065858840942,1.0
gaussian-5-noOverlap,20000.0,200.0,0.032,5.0,50.0,43.513484954833984,15.423112392425535,1.0,32.0,14.035752534866331,15.409472227096558,1.0,20.0,13.5129497051239,15.570468664169312,1.0,10.0,13.87673830986023,15.59683108329773,1.0
gaussian-5-noOverlap,20000.0,200.0,0.032,6.0,50.0,44.31763887405396,15.813268423080444,1.0,32.0,13.547801971435549,15.809959173202516,1.0,20.0,13.913723468780518,15.762407779693604,1.0,10.0,14.450176477432253,15.76057767868042,1.0
gaussian-5-noOverlap,20000.0,200.0,0.032,7.0,50.0,42.742146730422974,15.458369493484495,1.0,32.0,14.183531045913696,15.402123212814333,1.0,20.0,14.483931541442873,15.371097564697266,1.0,10.0,14.37720012664795,15.419070482254028,1.0
gaussian-5-noOverlap,20000.0,200.0,0.032,8.0,50.0,42.38562059402466,15.554290056228638,1.0,32.0,13.780246496200562,15.482960224151611,1.0,20.0,13.430567741394045,15.592175245285034,1.0,10.0,13.879242181777954,15.64746642112732,1.0
gaussian-5-noOverlap,20000.0,200.0,0.032,9.0,50.0,42.61984705924988,15.37653422355652,1.0,32.0,13.983820915222168,15.38188862800598,1.0,20.0,13.554165840148926,15.265792608261108,1.0,10.0,13.541128158569336,15.35923433303833,1.0
gaussian-5-noOverlap,20000.0,200.0,0.032,10.0,50.0,44.06582713127136,15.355145931243896,1.0,32.0,13.409691333770752,15.27897572517395,1.0,20.0,13.949101209640505,15.2650306224823,1.0,10.0,14.386758089065552,15.392080783843994,1.0
gaussian-5-noOverlap,30000.0,10.0,0.0024,1.0,50.0,53.622830390930176,33.37209725379944,1.0,32.0,19.567808389663696,33.57861685752869,1.0,20.0,20.36512422561645,33.85611820220947,1.0,10.0,21.14194679260254,33.52643442153931,1.0
gaussian-5-noOverlap,30000.0,10.0,0.0024,2.0,50.0,51.10128951072693,35.321449518203735,1.0,32.0,19.76969861984253,36.4623589515686,1.0,20.0,20.31678032875061,35.887787103652954,1.0,10.0,21.20239806175232,35.850746631622314,1.0
gaussian-5-noOverlap,30000.0,10.0,0.0024,3.0,50.0,56.70377087593079,33.63758897781372,1.0,32.0,19.58208203315735,34.53200387954712,1.0,20.0,20.976577281951904,33.51797962188721,1.0,10.0,20.8382568359375,33.268792152404785,1.0
gaussian-5-noOverlap,30000.0,10.0,0.0024,4.0,50.0,49.94855451583862,34.53282690048218,1.0,32.0,19.577064990997314,34.95568776130676,1.0,20.0,19.85011959075928,34.424203395843506,1.0,10.0,20.059967279434204,34.366034507751465,1.0
gaussian-5-noOverlap,30000.0,10.0,0.0024,5.0,50.0,52.13719248771668,34.124311685562134,1.0,32.0,19.749285221099854,33.980764389038086,1.0,20.0,20.625109672546387,33.15829849243164,1.0,10.0,21.46965479850769,34.93939542770386,1.0
gaussian-5-noOverlap,30000.0,10.0,0.0024,6.0,50.0,52.41560959815979,34.12173652648926,1.0,32.0,19.466373205184937,33.93399500846863,1.0,20.0,19.66675615310669,33.56926989555359,1.0,10.0,20.778383016586304,34.01693058013916,1.0
gaussian-5-noOverlap,30000.0,10.0,0.0024,7.0,50.0,54.79610204696655,33.28382468223572,1.0,32.0,19.62847256660461,33.46036505699158,1.0,20.0,20.81810975074768,33.145145416259766,1.0,10.0,20.832115173339844,32.70828318595886,1.0
gaussian-5-noOverlap,30000.0,10.0,0.0024,8.0,50.0,52.46667170524597,33.58415150642395,1.0,32.0,19.72245073318481,33.379287242889404,1.0,20.0,20.40355920791626,33.45292687416077,1.0,10.0,20.520421743392944,33.35781717300415,1.0
gaussian-5-noOverlap,30000.0,10.0,0.0024,9.0,50.0,52.71179556846619,33.59719657897949,1.0,32.0,19.763758182525635,33.51350808143616,1.0,20.0,20.40052795410156,33.26602101325989,1.0,10.0,20.529210567474365,33.3369836807251,1.0
gaussian-5-noOverlap,30000.0,10.0,0.0024,10.0,50.0,51.68454456329346,34.27895522117615,1.0,32.0,19.675392866134644,33.69250679016113,1.0,20.0,20.229803562164307,33.51610612869263,1.0,10.0,21.03745126724243,35.89473366737366,1.0
gaussian-5-noOverlap,30000.0,20.0,0.0048,1.0,50.0,55.9977970123291,34.44091606140137,1.0,32.0,21.104288339614868,33.7173056602478,1.0,20.0,21.38805270195008,33.90221548080444,1.0,10.0,22.488051891326904,33.71605610847473,1.0
gaussian-5-noOverlap,30000.0,20.0,0.0048,2.0,50.0,55.53434538841248,33.44228005409241,1.0,32.0,21.030437469482425,33.4121949672699,1.0,20.0,21.075050115585327,33.43112683296204,1.0,10.0,22.13577985763549,33.29071021080017,1.0
gaussian-5-noOverlap,30000.0,20.0,0.0048,3.0,50.0,55.84006667137146,34.08082389831543,1.0,32.0,21.75459837913513,34.47262668609619,1.0,20.0,21.31483149528504,33.94955539703369,1.0,10.0,22.48388910293579,33.95452189445496,1.0
gaussian-5-noOverlap,30000.0,20.0,0.0048,4.0,50.0,59.430784463882446,34.365326166152954,1.0,32.0,21.09430742263794,34.335187911987305,1.0,20.0,21.17670941352844,34.2247359752655,1.0,10.0,22.29640388488769,33.76760697364807,1.0
gaussian-5-noOverlap,30000.0,20.0,0.0048,5.0,50.0,54.670305490493774,33.56482219696045,1.0,32.0,21.04252004623413,34.016085147857666,1.0,20.0,21.145583629608154,33.86477828025818,1.0,10.0,22.18727278709412,33.93145728111267,1.0
gaussian-5-noOverlap,30000.0,20.0,0.0048,6.0,50.0,56.38567495346069,34.13704991340637,0.6896290875400446,32.0,21.58010196685791,33.82503008842468,0.6896290875400446,20.0,21.93475341796875,33.558758020401,0.6896290875400446,10.0,21.362597465515137,33.79205107688904,0.6896290875400446
gaussian-5-noOverlap,30000.0,20.0,0.0048,7.0,50.0,57.44418215751648,33.85284638404846,1.0,32.0,20.94002676010132,33.920750856399536,1.0,20.0,21.9401752948761,33.998780965805054,1.0,10.0,21.59850311279297,34.25775456428528,1.0
gaussian-5-noOverlap,30000.0,20.0,0.0048,8.0,50.0,59.39829230308533,34.37629055976868,1.0,32.0,21.32850670814514,34.58709025382996,1.0,20.0,22.22681879997253,34.8661413192749,1.0,10.0,21.7836971282959,34.458935499191284,1.0
gaussian-5-noOverlap,30000.0,20.0,0.0048,9.0,50.0,54.92632150650024,33.86970591545105,1.0,32.0,20.912729263305664,33.569156885147095,1.0,20.0,21.867382764816284,34.00941586494446,1.0,10.0,22.286779403686523,33.53005886077881,1.0
gaussian-5-noOverlap,30000.0,20.0,0.0048,10.0,50.0,55.62404751777649,33.96897649765015,1.0,32.0,21.42483639717102,33.98327326774597,1.0,20.0,21.087692737579346,34.14151906967163,1.0,10.0,22.496170043945312,33.878901958465576,1.0
gaussian-5-noOverlap,30000.0,50.0,0.012,1.0,50.0,67.87773895263672,34.31981348991394,1.0,32.0,24.046854972839355,33.977744340896606,1.0,20.0,24.720982313156128,33.62572503089905,1.0,10.0,24.60194420814514,33.38875460624695,1.0
gaussian-5-noOverlap,30000.0,50.0,0.012,2.0,50.0,65.81649732589722,35.09438252449036,0.6896328320522224,32.0,24.62298083305359,34.99136972427368,0.6896328320522224,20.0,26.277181386947632,35.18943667411804,0.6896328320522224,10.0,25.978048086166385,34.842623710632324,0.6896328320522224
gaussian-5-noOverlap,30000.0,50.0,0.012,3.0,50.0,62.48433518409729,33.84681820869446,1.0,32.0,23.24181866645813,34.61179494857788,1.0,20.0,23.785755157470703,34.099753856658936,1.0,10.0,24.01018452644348,34.50870704650879,1.0
gaussian-5-noOverlap,30000.0,50.0,0.012,4.0,50.0,62.05091691017151,34.68354845046997,1.0,32.0,23.10064721107483,34.51445508003235,1.0,20.0,24.678829193115234,34.4815456867218,1.0,10.0,24.499229431152344,34.554863929748535,1.0
gaussian-5-noOverlap,30000.0,50.0,0.012,5.0,50.0,63.79247760772705,34.1844744682312,1.0,32.0,22.76631188392639,34.23614478111267,1.0,20.0,24.236265420913696,35.21968483924866,1.0,10.0,25.2632474899292,34.36442756652832,1.0
gaussian-5-noOverlap,30000.0,50.0,0.012,6.0,50.0,62.18978452682495,34.205997705459595,1.0,32.0,23.05134153366089,33.9475474357605,1.0,20.0,23.45270824432373,34.41266131401062,1.0,10.0,23.58885169029236,34.69065976142883,1.0
gaussian-5-noOverlap,30000.0,50.0,0.012,7.0,50.0,63.69556784629822,34.767754793167114,1.0,32.0,24.26291036605835,35.03823018074036,1.0,20.0,24.62836456298828,35.10421586036682,1.0,10.0,24.101742029190063,34.8839750289917,1.0
gaussian-5-noOverlap,30000.0,50.0,0.012,8.0,50.0,63.77824592590332,33.56422138214111,1.0,32.0,23.55549454689026,33.83613657951355,1.0,20.0,23.558315992355347,33.606736183166504,1.0,10.0,24.72697424888611,33.709744691848755,1.0
gaussian-5-noOverlap,30000.0,50.0,0.012,9.0,50.0,62.75548195838928,34.31819486618042,1.0,32.0,22.258878707885746,33.57021141052246,1.0,20.0,23.002349138259888,33.632429122924805,1.0,10.0,24.59877634048462,33.43925857543945,1.0
gaussian-5-noOverlap,30000.0,50.0,0.012,10.0,50.0,60.784783601760864,32.84981155395508,1.0,32.0,22.938268423080444,32.772589921951294,1.0,20.0,22.177451372146606,32.89327788352966,1.0,10.0,23.6221616268158,32.73439931869507,1.0
gaussian-5-noOverlap,30000.0,100.0,0.024,1.0,50.0,66.27949595451355,34.06006336212158,1.0,32.0,23.7642924785614,34.51990818977356,1.0,20.0,24.078850269317627,33.35348892211914,1.0,10.0,24.15723657608032,34.317866563797,1.0
gaussian-5-noOverlap,30000.0,100.0,0.024,2.0,50.0,63.48226833343506,34.004295110702515,1.0,32.0,23.25668478012085,35.058589220047,1.0,20.0,23.511489152908325,34.602680921554565,1.0,10.0,23.50647759437561,34.770753622055054,1.0
gaussian-5-noOverlap,30000.0,100.0,0.024,3.0,50.0,64.280100107193,34.81865692138672,1.0,32.0,23.153454780578613,34.59115958213806,1.0,20.0,23.32571911811829,34.52015256881714,1.0,10.0,24.77379250526428,34.61590528488159,1.0
gaussian-5-noOverlap,30000.0,100.0,0.024,4.0,50.0,67.83089184761047,35.27689981460571,1.0,32.0,23.471028804779053,35.94906306266785,1.0,20.0,33.77002000808716,34.914666414260864,1.0,10.0,28.510666847229004,35.188632011413574,1.0
gaussian-5-noOverlap,30000.0,100.0,0.024,5.0,50.0,63.958685874938965,34.133814096450806,1.0,32.0,24.00787210464477,34.10108160972595,1.0,20.0,23.640564918518063,34.14634156227112,1.0,10.0,23.485296964645386,34.75439095497131,1.0
gaussian-5-noOverlap,30000.0,100.0,0.024,6.0,50.0,67.63156604766846,34.060532569885254,1.0,32.0,23.232677221298218,33.8675971031189,1.0,20.0,23.244190454483032,33.77460312843323,1.0,10.0,24.422488689422607,33.69616961479187,1.0
gaussian-5-noOverlap,30000.0,100.0,0.024,7.0,50.0,71.2926025390625,35.57720875740051,1.0,32.0,25.010597467422485,36.76142597198486,1.0,20.0,26.988457918167114,35.69549536705017,1.0,10.0,26.57225728034973,35.131784200668335,1.0
gaussian-5-noOverlap,30000.0,100.0,0.024,8.0,50.0,67.44397211074829,34.20583724975586,1.0,32.0,23.30413031578064,33.81234359741211,1.0,20.0,23.46075415611267,33.79991340637207,1.0,10.0,24.44271492958069,34.00230026245117,1.0
gaussian-5-noOverlap,30000.0,100.0,0.024,9.0,50.0,65.84865307807922,34.152098417282104,0.6896281133566259,32.0,23.23302412033081,34.03125858306885,0.6896281133566259,20.0,23.529237508773804,34.025702238082886,0.6896281133566259,10.0,23.37818026542664,33.58091473579407,0.6896281133566259
gaussian-5-noOverlap,30000.0,100.0,0.024,10.0,50.0,65.13713383674622,35.376729249954224,1.0,32.0,22.521034240722656,35.77261471748352,1.0,20.0,23.891447067260746,35.70294904708862,1.0,10.0,24.543396472930908,35.95034146308899,1.0
gaussian-5-noOverlap,30000.0,200.0,0.048,1.0,50.0,77.30981755256653,34.776644468307495,1.0,32.0,23.393611669540405,34.6223201751709,1.0,20.0,23.848705053329468,34.808565855026245,1.0,10.0,23.89946222305298,38.3353385925293,1.0
gaussian-5-noOverlap,30000.0,200.0,0.048,2.0,50.0,76.70485472679138,34.71453905105591,1.0,32.0,23.76378583908081,34.34636855125427,1.0,20.0,25.002472639083862,34.27768659591675,1.0,10.0,25.332210540771484,34.365195512771606,1.0
gaussian-5-noOverlap,30000.0,200.0,0.048,3.0,50.0,78.97109150886536,34.08881640434265,1.0,32.0,23.803156852722168,33.75507354736328,1.0,20.0,25.1511652469635,34.2806499004364,1.0,10.0,25.20940327644348,34.10640501976013,1.0
gaussian-5-noOverlap,30000.0,200.0,0.048,4.0,50.0,77.1985251903534,34.10950684547424,1.0,32.0,23.689075231552124,34.61879587173462,1.0,20.0,24.84068250656128,34.355117082595825,1.0,10.0,23.505587339401245,34.379632234573364,1.0
gaussian-5-noOverlap,30000.0,200.0,0.048,5.0,50.0,76.68733263015747,34.66708040237427,1.0,32.0,23.65131664276123,34.44404983520508,1.0,20.0,24.203211069107056,34.264211893081665,1.0,10.0,25.15886092185974,34.17060923576355,1.0
gaussian-5-noOverlap,30000.0,200.0,0.048,6.0,50.0,74.94790077209473,34.79507517814636,1.0,32.0,23.479143857955933,34.40270662307739,1.0,20.0,23.544225931167603,34.7680926322937,1.0,10.0,24.79316020011902,34.18293356895447,1.0
gaussian-5-noOverlap,30000.0,200.0,0.048,7.0,50.0,74.17729759216309,34.477046728134155,1.0,32.0,24.57976627349853,34.64413332939148,1.0,20.0,23.865416765213013,34.38855004310608,1.0,10.0,24.598350763320923,34.575780153274536,1.0
gaussian-5-noOverlap,30000.0,200.0,0.048,8.0,50.0,76.11089015007019,34.9510760307312,1.0,32.0,23.88126397132873,34.75124502182007,1.0,20.0,25.050211668014526,34.606778383255005,1.0,10.0,25.19165349006653,34.54297113418579,1.0
gaussian-5-noOverlap,30000.0,200.0,0.048,9.0,50.0,76.46717715263367,34.10964608192444,1.0,32.0,23.35926842689514,33.6519455909729,1.0,20.0,23.59516286849976,34.165143966674805,1.0,10.0,24.374422550201416,33.61749529838562,1.0
gaussian-5-noOverlap,30000.0,200.0,0.048,10.0,50.0,80.56465458869934,34.93633770942688,1.0,32.0,25.18879771232605,34.561177492141724,1.0,20.0,29.069132804870605,35.2446825504303,1.0,10.0,26.117507696151733,35.15630221366882,1.0
gaussian-5-noOverlap,40000.0,10.0,0.0032,1.0,50.0,72.78713035583496,78.07636141777039,1.0,32.0,29.118714094161987,79.67014980316162,1.0,20.0,30.55508613586425,90.39345598220824,1.0,10.0,31.172436237335205,79.21099257469177,1.0
gaussian-5-noOverlap,40000.0,10.0,0.0032,2.0,50.0,72.90503239631653,80.21498775482178,1.0,32.0,27.879239797592163,79.89362001419067,1.0,20.0,29.5703763961792,78.77804446220398,1.0,10.0,31.035695791244507,78.59416127204895,1.0
gaussian-5-noOverlap,40000.0,10.0,0.0032,3.0,50.0,77.16211009025574,82.14558577537537,1.0,32.0,31.053629875183105,81.06043815612793,1.0,20.0,31.95538640022278,82.50385856628418,1.0,10.0,33.37171196937561,77.06315040588379,1.0
gaussian-5-noOverlap,40000.0,10.0,0.0032,4.0,50.0,73.08944630622864,80.5198438167572,1.0,32.0,29.393802881240845,81.7168481349945,1.0,20.0,31.220818042755127,82.59402561187744,1.0,10.0,31.30655765533448,83.58571577072144,1.0
gaussian-5-noOverlap,40000.0,10.0,0.0032,5.0,50.0,74.269207239151,81.01933431625366,1.0,32.0,29.59919905662537,81.78437185287476,1.0,20.0,30.17524743080139,79.53244614601135,1.0,10.0,30.254144191741943,80.58883213996887,1.0
gaussian-5-noOverlap,40000.0,10.0,0.0032,6.0,50.0,74.45859599113464,78.35998702049255,1.0,32.0,28.20701575279236,78.3494803905487,1.0,20.0,30.91803622245789,78.92662215232849,1.0,10.0,30.9318208694458,79.16964530944824,1.0
gaussian-5-noOverlap,40000.0,10.0,0.0032,7.0,50.0,73.51256608963013,79.33811044692993,1.0,32.0,28.29854917526245,79.37477993965149,1.0,20.0,30.82426881790161,79.72127985954285,1.0,10.0,29.899863243103027,80.47407793998718,1.0
gaussian-5-noOverlap,40000.0,10.0,0.0032,8.0,50.0,73.91826629638672,79.9926609992981,1.0,32.0,27.84735608100891,78.77036690711975,1.0,20.0,30.37635397911072,80.88722896575928,1.0,10.0,31.026020765304565,81.6350028514862,1.0
gaussian-5-noOverlap,40000.0,10.0,0.0032,9.0,50.0,72.4815354347229,78.60519289970398,1.0,32.0,28.88148784637451,77.45168161392212,1.0,20.0,30.621214866638184,77.37051248550415,1.0,10.0,29.88767552375793,77.39698600769043,1.0
gaussian-5-noOverlap,40000.0,10.0,0.0032,10.0,50.0,76.56625890731812,80.2580406665802,1.0,32.0,31.56781435012817,81.03257060050964,1.0,20.0,30.35471749305725,80.50856232643127,1.0,10.0,32.03411078453064,80.23488640785217,1.0
gaussian-5-noOverlap,40000.0,20.0,0.0064,1.0,50.0,86.17160367965698,81.21950268745422,1.0,32.0,33.832674980163574,83.4599883556366,1.0,20.0,32.77288269996643,81.20379853248596,1.0,10.0,33.660749197006226,80.13806533813477,1.0
gaussian-5-noOverlap,40000.0,20.0,0.0064,2.0,50.0,83.96998906135559,77.84919905662537,1.0,32.0,31.655492544174194,78.69420719146729,1.0,20.0,32.61618685722351,83.19118118286133,1.0,10.0,34.24725580215454,79.28049945831299,1.0
gaussian-5-noOverlap,40000.0,20.0,0.0064,3.0,50.0,78.82277393341064,77.93966126441956,1.0,32.0,32.523842573165894,77.09839057922363,1.0,20.0,31.58115839958191,77.9543764591217,1.0,10.0,33.63628697395325,78.24106311798096,1.0
gaussian-5-noOverlap,40000.0,20.0,0.0064,4.0,50.0,83.51821112632751,82.33512306213379,1.0,32.0,33.0101375579834,82.03082847595215,1.0,20.0,33.1971538066864,82.76249885559082,1.0,10.0,34.34713840484619,93.82242679595949,1.0
gaussian-5-noOverlap,40000.0,20.0,0.0064,5.0,50.0,80.536297082901,81.25117826461792,1.0,32.0,33.87979769706726,80.39747500419617,1.0,20.0,34.03036594390869,82.06368470191956,1.0,10.0,35.783933877944946,80.6031084060669,1.0
gaussian-5-noOverlap,40000.0,20.0,0.0064,6.0,50.0,83.99796152114868,81.25590085983276,1.0,32.0,32.33360290527344,95.75140357017516,1.0,20.0,47.6391990184784,87.324467420578,1.0,10.0,38.47140884399414,79.71817970275879,1.0
gaussian-5-noOverlap,40000.0,20.0,0.0064,7.0,50.0,84.4673068523407,78.75803256034851,1.0,32.0,32.30567145347595,79.36669588088989,1.0,20.0,34.54451823234558,78.33194828033447,1.0,10.0,33.94471311569214,80.30916833877563,1.0
gaussian-5-noOverlap,40000.0,20.0,0.0064,8.0,50.0,85.04444241523743,80.16692328453064,1.0,32.0,31.90462207794189,80.07868528366089,1.0,20.0,34.714438915252686,81.11730408668518,1.0,10.0,34.9495530128479,80.42033123970032,1.0
gaussian-5-noOverlap,40000.0,20.0,0.0064,9.0,50.0,80.99738717079163,79.55693936347961,1.0,32.0,33.26067399978638,79.64399909973145,1.0,20.0,33.39884090423584,88.64814591407776,1.0,10.0,42.39886140823364,86.72276210784912,1.0
gaussian-5-noOverlap,40000.0,20.0,0.0064,10.0,50.0,82.3065505027771,78.7010612487793,1.0,32.0,33.423807859420776,78.8910322189331,1.0,20.0,39.65045189857483,79.93681001663208,1.0,10.0,35.84228491783142,93.99257850646973,1.0
gaussian-5-noOverlap,40000.0,50.0,0.016,1.0,50.0,88.32972764968872,78.93171048164368,1.0,32.0,36.05060267448425,79.53886985778809,1.0,20.0,35.550633907318115,82.66911435127258,1.0,10.0,36.94138860702515,78.23606061935425,1.0
gaussian-5-noOverlap,40000.0,50.0,0.016,2.0,50.0,91.426931142807,78.38257241249084,1.0,32.0,35.38654661178589,85.97468304634094,1.0,20.0,50.58031272888184,94.3948745727539,1.0,10.0,47.29420351982117,94.8486225605011,1.0
gaussian-5-noOverlap,40000.0,50.0,0.016,3.0,50.0,94.8892023563385,79.43966054916382,1.0,32.0,35.10979199409485,79.1161732673645,1.0,20.0,37.91114830970764,78.87333559989929,1.0,10.0,36.34732222557068,79.31310868263245,1.0
gaussian-5-noOverlap,40000.0,50.0,0.016,4.0,50.0,89.24487805366516,80.15219354629517,1.0,32.0,39.42907071113586,83.46319770812988,1.0,20.0,40.46589136123657,88.66340327262878,1.0,10.0,45.54200315475464,94.55695104599,1.0
gaussian-5-noOverlap,40000.0,50.0,0.016,5.0,50.0,88.86782336235046,79.26076817512512,1.0,32.0,40.94438576698303,94.05324268341064,1.0,20.0,47.96052765846253,96.9058713912964,1.0,10.0,44.576998233795166,98.13665866851808,1.0
gaussian-5-noOverlap,40000.0,50.0,0.016,6.0,50.0,91.34606862068176,77.52172780036926,1.0,32.0,35.41443181037903,77.42939043045044,1.0,20.0,35.99274253845215,85.96173334121704,1.0,10.0,48.18845820426941,94.802579164505,1.0
gaussian-5-noOverlap,40000.0,50.0,0.016,7.0,50.0,89.75438117980957,78.94244313240051,1.0,32.0,36.116812229156494,78.93500590324402,1.0,20.0,36.50954031944275,81.19253730773926,1.0,10.0,37.67190504074097,80.58514046669006,1.0
gaussian-5-noOverlap,40000.0,50.0,0.016,8.0,50.0,88.41799831390381,78.83928608894348,1.0,32.0,35.19877862930298,78.04545307159424,1.0,20.0,34.51272749900818,78.25203776359558,1.0,10.0,37.30848431587219,77.31176543235779,1.0
gaussian-5-noOverlap,40000.0,50.0,0.016,9.0,50.0,90.5915937423706,79.27209830284119,1.0,32.0,34.832592725753784,78.47124099731445,1.0,20.0,45.14993667602539,79.94112205505371,1.0,10.0,37.76646971702576,78.79192280769348,1.0
gaussian-5-noOverlap,40000.0,50.0,0.016,10.0,50.0,91.75344800949097,81.4246027469635,1.0,32.0,35.897907972335815,83.54259490966797,1.0,20.0,36.344931840896606,83.76066613197327,1.0,10.0,37.93048715591431,82.05523610115051,1.0
gaussian-5-noOverlap,40000.0,100.0,0.032,1.0,50.0,98.09393501281738,77.5027801990509,1.0,32.0,45.08637857437134,79.56756043434143,1.0,20.0,38.71139550209045,80.05705714225769,1.0,10.0,37.237770557403564,79.38387799263,1.0
gaussian-5-noOverlap,40000.0,100.0,0.032,2.0,50.0,97.23144054412842,79.72333359718323,1.0,32.0,50.52239203453064,97.54286289215088,1.0,20.0,46.77421402931213,84.40222144126892,1.0,10.0,41.84048533439636,79.6389172077179,1.0
gaussian-5-noOverlap,40000.0,100.0,0.032,3.0,50.0,96.20759892463684,80.61136245727539,1.0,32.0,35.70325994491577,83.88442015647888,1.0,20.0,36.23004221916199,80.15770936012268,1.0,10.0,34.905983448028564,87.32570028305054,1.0
gaussian-5-noOverlap,40000.0,100.0,0.032,4.0,50.0,95.58567452430724,81.55156993865967,1.0,32.0,36.19562554359436,82.56646633148193,1.0,20.0,37.58894491195679,80.5467140674591,1.0,10.0,37.49160480499268,81.04018664360046,1.0
gaussian-5-noOverlap,40000.0,100.0,0.032,5.0,50.0,96.79529523849487,80.94124603271484,1.0,32.0,35.59171485900879,82.65949058532715,1.0,20.0,35.796825647354126,78.78565120697021,1.0,10.0,38.16022038459778,78.57052516937256,1.0
gaussian-5-noOverlap,40000.0,100.0,0.032,6.0,50.0,95.33725833892822,81.8665988445282,1.0,32.0,37.014089584350586,80.99871277809143,1.0,20.0,36.88434386253357,95.39261102676392,1.0,10.0,53.08922243118286,102.5407738685608,1.0
gaussian-5-noOverlap,40000.0,100.0,0.032,7.0,50.0,122.41690683364868,100.11698055267334,1.0,32.0,44.18964505195618,98.30989718437196,1.0,20.0,45.58475708961487,92.607412815094,1.0,10.0,46.03332471847534,91.99487257003784,1.0
gaussian-5-noOverlap,40000.0,100.0,0.032,8.0,50.0,100.41692972183228,78.51355314254761,1.0,32.0,43.37581372261048,85.48158025741577,1.0,20.0,39.29598593711853,79.18709897994995,1.0,10.0,38.451802015304565,79.82955241203308,1.0
gaussian-5-noOverlap,40000.0,100.0,0.032,9.0,50.0,94.23392701148988,79.43929266929626,1.0,32.0,35.699817180633545,80.51672077178955,1.0,20.0,37.310731172561646,79.56922698020935,1.0,10.0,39.16138935089111,79.4213273525238,1.0
gaussian-5-noOverlap,40000.0,100.0,0.032,10.0,50.0,94.1324746608734,78.40367794036865,1.0,32.0,37.08724021911621,78.8619875907898,1.0,20.0,35.39944124221802,79.06115007400513,1.0,10.0,37.37330651283264,79.93493938446045,1.0
gaussian-5-noOverlap,40000.0,200.0,0.064,1.0,50.0,121.18215990066528,86.04510164260864,1.0,32.0,36.13186144828797,84.13935589790344,1.0,20.0,39.08565640449524,80.93579626083374,1.0,10.0,38.04596519470215,84.75865244865417,1.0
gaussian-5-noOverlap,40000.0,200.0,0.064,2.0,50.0,115.24264407157898,79.10301947593689,1.0,32.0,33.973562717437744,80.52691125869751,1.0,20.0,36.71897959709168,84.17604899406433,1.0,10.0,37.01228213310242,80.51280498504639,1.0
gaussian-5-noOverlap,40000.0,200.0,0.064,3.0,50.0,120.26294016838074,83.55332350730896,1.0,32.0,38.08392596244812,82.61345410346985,1.0,20.0,37.70487546920776,82.48808908462524,1.0,10.0,37.954047441482544,82.59353613853455,1.0
gaussian-5-noOverlap,40000.0,200.0,0.064,4.0,50.0,130.46172380447388,83.01284694671631,1.0,32.0,35.58357286453247,81.49088048934937,1.0,20.0,37.75602006912232,98.10775566101074,1.0,10.0,51.94661641120911,84.44306540489197,1.0
gaussian-5-noOverlap,40000.0,200.0,0.064,5.0,50.0,121.5200252532959,80.48840093612671,1.0,32.0,37.40661597251892,81.31984877586365,1.0,20.0,37.86803317070007,81.33245515823364,1.0,10.0,38.07173156738281,81.84308218955994,1.0
gaussian-5-noOverlap,40000.0,200.0,0.064,6.0,50.0,145.03882431983948,93.3013789653778,1.0,32.0,44.725714921951294,92.99908566474916,1.0,20.0,44.88227725028992,87.07964730262756,1.0,10.0,45.62020206451416,86.5459623336792,1.0
gaussian-5-noOverlap,40000.0,200.0,0.064,7.0,50.0,121.7596080303192,80.08647727966309,0.689663198225916,32.0,36.61698031425476,80.91448855400085,0.689663198225916,20.0,37.5255012512207,81.02918434143066,0.689663198225916,10.0,37.507059812545776,80.64426779747009,0.689663198225916
gaussian-5-noOverlap,40000.0,200.0,0.064,8.0,50.0,128.15813851356506,81.04051733016968,1.0,32.0,37.48296689987183,84.21243691444397,1.0,20.0,38.43491721153259,81.11157155036926,1.0,10.0,38.50133562088013,80.39382481575012,1.0
gaussian-5-noOverlap,40000.0,200.0,0.064,9.0,50.0,116.6371750831604,79.18580794334412,1.0,32.0,36.31968832015991,81.30363297462463,1.0,20.0,36.9735107421875,81.48404693603516,1.0,10.0,37.0816330909729,81.29878258705139,1.0
gaussian-5-noOverlap,40000.0,200.0,0.064,10.0,50.0,123.46510529518127,80.68622589111328,1.0,32.0,35.59932851791382,80.78457117080688,1.0,20.0,43.86885714530945,80.79551243782043,1.0,10.0,38.68380856513977,79.96423363685608,1.0
gaussian-7-Overlap,5000.0,10.0,0.0004,1.0,50.0,8.16800570487976,1.0363752841949463,0.95632292747076,32.0,2.136747360229492,1.037337303161621,0.9916019532621396,20.0,2.1766934394836426,1.0400707721710205,0.9941486796974456,10.0,2.39140248298645,1.050832986831665,0.994601590360872
gaussian-7-Overlap,5000.0,10.0,0.0004,2.0,50.0,8.242788791656494,1.14062237739563,1.0,32.0,2.250006914138794,1.1313984394073486,1.0,20.0,2.0823917388916016,1.125293493270874,1.0,10.0,2.080461025238037,1.111053466796875,1.0
gaussian-7-Overlap,5000.0,10.0,0.0004,3.0,50.0,7.884767532348633,1.0660297870635986,0.9940410198027522,32.0,2.081627368927002,1.0819242000579834,0.997182538214934,20.0,2.1285531520843506,1.066835641860962,0.9988281169227708,10.0,2.075847148895264,1.0681030750274658,0.9991608307668194
gaussian-7-Overlap,5000.0,10.0,0.0004,4.0,50.0,7.791927576065063,1.049560546875,0.987830006159096,32.0,2.0745675563812256,1.080017328262329,0.994375783235822,20.0,2.129643678665161,1.0536415576934814,0.9971300129671136,10.0,2.091395139694214,1.0328757762908936,0.9984462401436958
gaussian-7-Overlap,5000.0,10.0,0.0004,5.0,50.0,7.962824583053589,1.0552864074707031,0.9982245468922843,32.0,2.023547649383545,1.0336635112762451,0.999174086165494,20.0,2.081904888153076,1.0482902526855469,0.999585074104594,10.0,2.036405563354492,1.053070306777954,1.0
gaussian-7-Overlap,5000.0,10.0,0.0004,6.0,50.0,7.882947683334351,1.0459229946136477,0.9934050968033934,32.0,2.0626659393310547,1.038517951965332,0.9035650072761904,20.0,2.2144923210144043,1.0330383777618408,0.9954164359456312,10.0,2.1101019382476807,1.0357303619384766,0.9966888995738652
gaussian-7-Overlap,5000.0,10.0,0.0004,7.0,50.0,8.014837741851807,1.0843186378479004,0.9711726015147034,32.0,2.12367844581604,1.088791847229004,0.9772678516119476,20.0,2.092150449752808,1.0774221420288086,0.9883910661478632,10.0,2.0853590965271,1.060824632644653,0.9939957507773972
gaussian-7-Overlap,5000.0,10.0,0.0004,8.0,50.0,8.070712804794312,1.0764856338500977,0.989561373939888,32.0,2.134068727493286,1.0804665088653564,0.9968007615334584,20.0,2.371568202972412,1.0516595840454102,0.9935276282405816,10.0,2.144292116165161,1.0577099323272705,0.914416138771326
gaussian-7-Overlap,5000.0,10.0,0.0004,9.0,50.0,7.995967149734497,1.0293724536895752,0.8366061506386189,32.0,2.1686606407165527,1.0233628749847412,0.7772928120183933,20.0,2.1563737392425537,1.0431222915649414,0.8511879284962861,10.0,2.1618309020996094,1.0399649143218994,0.7880598846254909
gaussian-7-Overlap,5000.0,10.0,0.0004,10.0,50.0,9.1759352684021,1.122384548187256,0.9093650791652026,32.0,2.2062816619873047,1.0427255630493164,0.919574761417033,20.0,2.252784490585327,1.0316755771636963,0.925594882132016,10.0,2.248793840408325,1.0181949138641355,0.927135498979804
gaussian-7-Overlap,5000.0,20.0,0.0008,1.0,50.0,8.170214891433716,1.0960693359375,0.9997237706495868,32.0,2.110668182373047,1.0970900058746338,0.9998616203895218,20.0,2.162905693054199,1.0742905139923096,0.9998616203895218,10.0,2.3310487270355225,1.0835280418395996,1.0
gaussian-7-Overlap,5000.0,20.0,0.0008,2.0,50.0,9.431363582611084,1.029104471206665,0.9997237454356798,32.0,2.470036745071411,1.048198938369751,0.9998616077602897,20.0,2.341730833053589,1.0366530418395996,0.9998616077602897,10.0,2.287482976913452,1.0301330089569092,1.0
gaussian-7-Overlap,5000.0,20.0,0.0008,3.0,50.0,8.18875765800476,1.112992763519287,1.0,32.0,2.1051547527313232,1.1046299934387207,1.0,20.0,2.2926321029663086,1.0838253498077393,1.0,10.0,2.0868403911590576,1.134545087814331,1.0
gaussian-7-Overlap,5000.0,20.0,0.0008,4.0,50.0,8.52498722076416,1.1532883644104004,0.999723850336757,32.0,2.14861273765564,1.063180446624756,0.9998616603035186,20.0,2.439305067062378,1.1212408542633057,1.0,10.0,2.1964571475982666,1.0373482704162598,1.0
gaussian-7-Overlap,5000.0,20.0,0.0008,5.0,50.0,9.056144714355469,1.158071756362915,0.999861627975558,32.0,2.579412937164306,1.1669766902923584,1.0,20.0,2.696774482727051,1.1261825561523438,1.0,10.0,2.9111247062683105,1.1234748363494873,1.0
gaussian-7-Overlap,5000.0,20.0,0.0008,6.0,50.0,8.366790771484375,1.126331806182861,1.0,32.0,2.1172995567321777,1.129453182220459,1.0,20.0,2.114189386367798,1.0910398960113523,1.0,10.0,2.143045663833618,1.1505939960479736,1.0
gaussian-7-Overlap,5000.0,20.0,0.0008,7.0,50.0,9.288041114807127,1.2301149368286133,0.9336765499088048,32.0,2.545433282852173,1.1892471313476562,0.9995848447059138,20.0,2.6418068408966064,1.2355122566223145,1.0,10.0,2.622556686401367,1.1856927871704102,1.0
gaussian-7-Overlap,5000.0,20.0,0.0008,8.0,50.0,8.991482257843018,1.065131664276123,0.9950729291770972,32.0,2.2203969955444336,1.0553855895996094,0.998642548048384,20.0,2.205916166305542,1.0415480136871338,0.9993812692230214,10.0,2.3226656913757324,1.0412626266479492,0.9990168362897806
gaussian-7-Overlap,5000.0,20.0,0.0008,9.0,50.0,8.167340517044067,1.086000680923462,0.999861627975558,32.0,2.1698734760284424,1.106659173965454,1.0,20.0,2.2337331771850586,1.0580451488494873,1.0,10.0,2.390256643295288,1.0644917488098145,1.0
gaussian-7-Overlap,5000.0,20.0,0.0008,10.0,50.0,7.95211386680603,1.1238040924072266,1.0,32.0,2.115239381790161,1.1335697174072266,1.0,20.0,2.4002432823181152,1.115863561630249,1.0,10.0,2.1487905979156494,1.119816780090332,1.0
gaussian-7-Overlap,5000.0,50.0,0.002,1.0,50.0,8.858783483505249,1.044365644454956,1.0,32.0,2.177709579467773,1.0458626747131348,1.0,20.0,2.2754549980163574,1.0367214679718018,1.0,10.0,2.225191831588745,1.070021390914917,1.0
gaussian-7-Overlap,5000.0,50.0,0.002,2.0,50.0,8.5236234664917,1.091198444366455,1.0,32.0,2.169642448425293,1.0513780117034912,1.0,20.0,2.463085174560547,1.0688486099243164,1.0,10.0,2.2220447063446045,1.0540084838867188,1.0
gaussian-7-Overlap,5000.0,50.0,0.002,3.0,50.0,8.843382835388184,1.095865249633789,1.0,32.0,2.1300320625305176,1.0875484943389893,1.0,20.0,2.3946352005004883,1.1021559238433838,1.0,10.0,2.1788432598114014,1.1070258617401123,1.0
gaussian-7-Overlap,5000.0,50.0,0.002,4.0,50.0,9.93382167816162,1.161395788192749,1.0,32.0,2.664237260818481,1.1787230968475342,1.0,20.0,2.745156764984131,1.1505534648895264,1.0,10.0,2.7876691818237305,1.128765344619751,1.0
gaussian-7-Overlap,5000.0,50.0,0.002,5.0,50.0,8.616109848022461,1.1097071170806885,1.0,32.0,2.392857074737549,1.041111707687378,1.0,20.0,2.258904933929444,1.0537257194519043,1.0,10.0,2.2430953979492188,1.0601818561553955,1.0
gaussian-7-Overlap,5000.0,50.0,0.002,6.0,50.0,8.830593824386597,1.093193531036377,1.0,32.0,2.424611568450928,1.035243272781372,1.0,20.0,2.24579119682312,1.0362839698791504,1.0,10.0,2.48537826538086,1.0606014728546145,1.0
gaussian-7-Overlap,5000.0,50.0,0.002,7.0,50.0,8.905706644058228,1.0390210151672363,1.0,32.0,2.244983434677124,1.0504653453826904,1.0,20.0,2.3262784481048584,1.0365443229675293,1.0,10.0,2.288167953491211,1.0470383167266846,1.0
gaussian-7-Overlap,5000.0,50.0,0.002,8.0,50.0,9.133419275283812,1.0802695751190186,1.0,32.0,2.3770134449005127,1.0571997165679932,1.0,20.0,2.2430992126464844,1.0520830154418943,1.0,10.0,2.230705499649048,1.0501885414123535,1.0
gaussian-7-Overlap,5000.0,50.0,0.002,9.0,50.0,8.50961685180664,1.0669944286346436,1.0,32.0,2.2068395614624023,1.049830198287964,1.0,20.0,2.243088483810425,1.0489623546600342,1.0,10.0,2.228205919265747,1.0518393516540527,1.0
gaussian-7-Overlap,5000.0,50.0,0.002,10.0,50.0,9.758832216262816,1.1530895233154297,1.0,32.0,2.6129000186920166,1.1204819679260254,1.0,20.0,2.6297709941864014,1.1143879890441897,1.0,10.0,2.9007058143615723,1.115882158279419,1.0
gaussian-7-Overlap,5000.0,100.0,0.004,1.0,50.0,8.626445770263672,1.0647249221801758,1.0,32.0,2.230637788772583,1.056084394454956,1.0,20.0,2.3114113807678223,1.049973726272583,1.0,10.0,2.459641456604004,1.0700139999389648,1.0
gaussian-7-Overlap,5000.0,100.0,0.004,2.0,50.0,9.060858011245728,1.1033430099487305,1.0,32.0,2.200633764266968,1.068645477294922,1.0,20.0,2.258731842041016,1.0545423030853271,1.0,10.0,2.5375030040740967,1.0644853115081787,1.0
gaussian-7-Overlap,5000.0,100.0,0.004,3.0,50.0,9.553988218307495,1.187232255935669,1.0,32.0,2.6221251487731934,1.172839641571045,1.0,20.0,2.71667742729187,1.1862671375274658,1.0,10.0,2.9568517208099365,1.1727986335754397,1.0
gaussian-7-Overlap,5000.0,100.0,0.004,4.0,50.0,8.566638708114624,1.0632383823394775,1.0,32.0,2.268620491027832,1.0330348014831543,1.0,20.0,2.308327436447144,1.2615439891815186,1.0,10.0,3.2983646392822266,1.2117319107055664,1.0
gaussian-7-Overlap,5000.0,100.0,0.004,5.0,50.0,8.572301626205444,1.0588083267211914,1.0,32.0,2.2399792671203613,1.074307203292847,1.0,20.0,2.3428709506988525,1.0394296646118164,1.0,10.0,2.502347230911255,1.0541565418243408,1.0
gaussian-7-Overlap,5000.0,100.0,0.004,6.0,50.0,9.548835039138794,1.071190357208252,1.0,32.0,2.35762619972229,1.0470128059387207,1.0,20.0,2.482114553451538,1.0562894344329834,1.0,10.0,2.4161641597747803,1.0447747707366943,1.0
gaussian-7-Overlap,5000.0,100.0,0.004,7.0,50.0,8.99419641494751,1.0665607452392578,1.0,32.0,2.285975456237793,1.050105094909668,1.0,20.0,2.333819627761841,1.040605545043945,1.0,10.0,2.518014430999756,1.0490808486938477,1.0
gaussian-7-Overlap,5000.0,100.0,0.004,8.0,50.0,9.157450914382936,1.0919432640075684,1.0,32.0,2.228205680847168,1.1065623760223389,1.0,20.0,2.3064982891082764,1.1103649139404297,1.0,10.0,2.523068189620972,1.1101062297821045,1.0
gaussian-7-Overlap,5000.0,100.0,0.004,9.0,50.0,8.610957145690918,1.1168832778930664,1.0,32.0,2.224311351776123,1.0370304584503174,1.0,20.0,2.2484538555145264,1.0872583389282229,1.0,10.0,2.429681301116944,1.0533626079559326,1.0
gaussian-7-Overlap,5000.0,100.0,0.004,10.0,50.0,8.59809136390686,1.049307346343994,1.0,32.0,2.253694772720337,1.0665216445922852,1.0,20.0,2.309265375137329,1.0608141422271729,1.0,10.0,2.4782776832580566,1.0556340217590332,1.0
gaussian-7-Overlap,5000.0,200.0,0.008,1.0,50.0,9.456808805465698,1.0812835693359375,1.0,32.0,2.279529094696045,1.063615798950195,1.0,20.0,2.295423746109009,1.058889389038086,1.0,10.0,2.520963430404663,1.0779991149902344,1.0
gaussian-7-Overlap,5000.0,200.0,0.008,2.0,50.0,8.805833101272583,1.1222224235534668,1.0,32.0,2.3308842182159424,1.090925693511963,1.0,20.0,2.3078088760375977,1.0854270458221436,1.0,10.0,2.466624975204468,1.0869524478912354,1.0
gaussian-7-Overlap,5000.0,200.0,0.008,3.0,50.0,8.74692678451538,1.0669567584991455,1.0,32.0,2.2751829624176025,1.0322062969207764,1.0,20.0,2.451275587081909,1.06451153755188,1.0,10.0,2.3001813888549805,1.059769868850708,1.0
gaussian-7-Overlap,5000.0,200.0,0.008,4.0,50.0,9.363272905349731,1.074610471725464,1.0,32.0,2.3385071754455566,1.0585172176361084,1.0,20.0,2.372580051422119,1.0632696151733398,1.0,10.0,2.553607225418091,1.0592806339263916,1.0
gaussian-7-Overlap,5000.0,200.0,0.008,5.0,50.0,8.552840948104858,1.0484213829040527,1.0,32.0,2.2284929752349854,1.034698247909546,1.0,20.0,2.3046875,1.0629568099975586,1.0,10.0,2.47534728050232,1.063870191574097,1.0
gaussian-7-Overlap,5000.0,200.0,0.008,6.0,50.0,9.035711526870728,1.1248047351837158,1.0,32.0,2.205334424972534,1.1250367164611816,1.0,20.0,2.238929748535156,1.151211500167847,1.0,10.0,2.2514488697052,1.1237289905548096,1.0
gaussian-7-Overlap,5000.0,200.0,0.008,7.0,50.0,9.27770209312439,1.073441982269287,1.0,32.0,2.280107259750366,1.0765314102172852,1.0,20.0,2.367529392242432,1.0731751918792725,1.0,10.0,2.47884464263916,1.0769331455230713,1.0
gaussian-7-Overlap,5000.0,200.0,0.008,8.0,50.0,9.183462619781494,1.1131713390350342,1.0,32.0,2.2597005367279053,1.0860722064971924,1.0,20.0,2.3061556816101074,1.0841975212097168,1.0,10.0,2.465128183364868,1.1045756340026855,1.0
gaussian-7-Overlap,5000.0,200.0,0.008,9.0,50.0,9.066094875335692,1.054452419281006,1.0,32.0,2.254702091217041,1.0527074337005615,1.0,20.0,2.3136250972747803,1.050487995147705,1.0,10.0,2.4854533672332764,1.1057522296905518,1.0
gaussian-7-Overlap,5000.0,200.0,0.008,10.0,50.0,9.090538024902344,1.089613437652588,1.0,32.0,2.237506866455078,1.0439629554748535,1.0,20.0,2.269282341003418,1.056386947631836,1.0,10.0,2.464876651763916,1.0537643432617188,1.0
gaussian-7-Overlap,10000.0,10.0,0.0008,1.0,50.0,16.288813591003418,3.9432060718536377,0.98398725198317,32.0,4.770087718963623,3.9948554039001465,0.9868739471198652,20.0,4.836267709732056,4.00767183303833,0.9924713097718216,10.0,5.124447822570801,4.031094789505005,0.988516147512729
gaussian-7-Overlap,10000.0,10.0,0.0008,2.0,50.0,17.87596321105957,4.096137046813965,0.9996110203792172,32.0,5.350383520126343,4.032092094421387,0.9257020455657856,20.0,5.874178647994995,4.035858154296875,0.9320671145953004,10.0,5.55630898475647,4.083315372467041,0.9351168384891888
gaussian-7-Overlap,10000.0,10.0,0.0008,3.0,50.0,16.186988353729248,3.8810203075408936,0.99860929331584,32.0,4.656917333602905,3.861299514770508,0.9994994691368548,20.0,4.793555498123169,3.8926455974578857,0.9998331116262106,10.0,5.048243522644043,3.894565343856812,1.0
gaussian-7-Overlap,10000.0,10.0,0.0008,4.0,50.0,15.53618049621582,3.7599165439605713,0.996482934317546,32.0,4.768218278884888,3.78531265258789,0.9979993160326496,20.0,4.952942371368408,3.739978551864624,0.9992379164291592,10.0,5.224709272384644,3.766819477081299,0.9997927246424952
gaussian-7-Overlap,10000.0,10.0,0.0008,5.0,50.0,15.596115350723268,3.72316837310791,0.9791536109584724,32.0,4.838466167449951,3.706844806671143,0.988464173025224,20.0,5.221126317977905,3.720957517623901,0.9942186337722532,10.0,4.852430582046509,3.7100272178649902,0.997860358732303
gaussian-7-Overlap,10000.0,10.0,0.0008,6.0,50.0,16.462316751480103,3.733764410018921,0.9257858800866609,32.0,4.851122617721558,3.738490581512451,0.9281851333502628,20.0,5.229145765304565,3.7272019386291504,0.9333389603588518,10.0,4.880282402038574,3.7465877532958975,0.9991558376711572
gaussian-7-Overlap,10000.0,10.0,0.0008,7.0,50.0,15.762070178985596,3.766802310943604,0.9906103835130532,32.0,4.871197462081909,3.8425793647766113,0.9948898967974232,20.0,4.983796834945679,3.835317373275757,0.9972657981913506,10.0,5.194150686264038,3.8548431396484375,0.9987653019199682
gaussian-7-Overlap,10000.0,10.0,0.0008,8.0,50.0,16.059532165527344,3.809015035629273,0.9984395452175612,32.0,4.787262439727783,3.815423250198364,0.9983347202944864,20.0,4.834420204162598,3.839474678039551,0.9976969507810194,10.0,4.822890520095825,3.850788116455078,0.9987766194318892
gaussian-7-Overlap,10000.0,10.0,0.0008,9.0,50.0,16.88818049430847,3.888956308364868,0.8285251929526568,32.0,4.790655136108398,3.906797170639038,0.8283583050839888,20.0,4.945273160934448,3.8922393321990967,0.82317306789002,10.0,5.203802824020386,3.866534471511841,0.8369085905856077
gaussian-7-Overlap,10000.0,10.0,0.0008,10.0,50.0,15.912005186080933,3.7503349781036377,0.9863432155287126,32.0,4.778101205825806,3.7659480571746826,0.9933602164867606,20.0,4.91348671913147,3.7719709873199454,0.9954722066117772,10.0,5.149645805358887,3.7659616470336914,0.9973001240904112
gaussian-7-Overlap,10000.0,20.0,0.0016,1.0,50.0,16.03119206428528,3.815666437149048,1.0,32.0,5.261653423309326,3.807709217071533,1.0,20.0,4.954891681671143,3.818214893341065,1.0,10.0,5.209755897521973,3.817526340484619,1.0
gaussian-7-Overlap,10000.0,20.0,0.0016,2.0,50.0,19.04098081588745,4.282723426818848,1.0,32.0,6.160881280899048,4.197547912597656,1.0,20.0,6.092338562011719,4.195922136306763,1.0,10.0,6.498889684677124,4.194654941558838,1.0
gaussian-7-Overlap,10000.0,20.0,0.0016,3.0,50.0,16.65500020980835,3.8803772926330566,1.0,32.0,5.35796856880188,3.8194873332977295,1.0,20.0,5.024736881256104,3.861126661300659,0.9313590321156694,10.0,5.434911727905273,3.834181547164917,0.9324874989698784
gaussian-7-Overlap,10000.0,20.0,0.0016,4.0,50.0,16.131625175476074,3.842365741729736,1.0,32.0,5.200537204742432,3.8049509525299072,1.0,20.0,4.932349443435669,3.788902759552002,1.0,10.0,5.213311433792114,3.7820968627929688,1.0
gaussian-7-Overlap,10000.0,20.0,0.0016,5.0,50.0,16.62894868850708,3.790194749832153,1.0,32.0,4.996491432189941,3.7506513595581055,1.0,20.0,5.117736577987671,3.740570068359375,1.0,10.0,5.6308434009552,3.754485607147217,1.0
gaussian-7-Overlap,10000.0,20.0,0.0016,6.0,50.0,16.397493362426758,3.753992080688477,1.0,32.0,4.968854665756226,3.738646268844605,1.0,20.0,5.303112030029297,3.783557415008545,1.0,10.0,4.976989269256592,3.7642393112182617,1.0
gaussian-7-Overlap,10000.0,20.0,0.0016,7.0,50.0,17.367031812667847,4.02355170249939,1.0,32.0,5.849988698959351,3.9953458309173584,1.0,20.0,5.644063711166382,4.010923624038696,1.0,10.0,5.911797523498535,4.077852487564087,1.0
gaussian-7-Overlap,10000.0,20.0,0.0016,8.0,50.0,17.036237955093384,4.110356330871582,0.9999307770810592,32.0,4.89045786857605,3.9985854625701904,1.0,20.0,4.912750244140625,3.9475719928741455,1.0,10.0,5.349032878875732,4.0431296825408936,1.0
gaussian-7-Overlap,10000.0,20.0,0.0016,9.0,50.0,16.609472274780273,3.857484817504883,0.9998616737086664,32.0,4.851076126098633,3.869967460632324,1.0,20.0,4.846405982971191,3.8925857543945312,1.0,10.0,5.150478839874268,3.865334510803223,1.0
gaussian-7-Overlap,10000.0,20.0,0.0016,10.0,50.0,16.73471188545227,4.125952959060669,0.9998616730604348,32.0,4.850722551345825,4.180568695068359,0.9999307703380932,20.0,4.954709768295288,4.124580144882202,1.0,10.0,5.236640930175781,4.1248438358306885,1.0
gaussian-7-Overlap,10000.0,50.0,0.004,1.0,50.0,17.066797018051147,3.789581060409546,1.0,32.0,5.525500535964966,3.78255558013916,1.0,20.0,5.583153247833252,3.8042171001434326,1.0,10.0,5.691256761550903,3.8113372325897217,1.0
gaussian-7-Overlap,10000.0,50.0,0.004,2.0,50.0,16.83162546157837,3.83436131477356,1.0,32.0,5.43099308013916,3.802391767501831,1.0,20.0,5.462430953979492,3.831834554672241,1.0,10.0,5.415693998336792,3.8018057346344,1.0
gaussian-7-Overlap,10000.0,50.0,0.004,3.0,50.0,16.99351215362549,3.8814001083374015,1.0,32.0,5.39940357208252,3.882229804992676,1.0,20.0,5.501735687255859,3.8753879070281982,1.0,10.0,5.461907625198364,3.848514080047608,1.0
gaussian-7-Overlap,10000.0,50.0,0.004,4.0,50.0,18.364809036254883,3.9456593990325928,1.0,32.0,5.549043416976929,3.9674909114837646,1.0,20.0,5.20609712600708,3.889174461364746,1.0,10.0,5.457919597625732,3.969296455383301,1.0
gaussian-7-Overlap,10000.0,50.0,0.004,5.0,50.0,17.783397674560547,3.700660467147827,1.0,32.0,5.200929164886475,3.724101066589356,1.0,20.0,5.623383045196533,3.716405153274536,1.0,10.0,5.582833528518677,3.74032998085022,1.0
gaussian-7-Overlap,10000.0,50.0,0.004,6.0,50.0,16.827653646469116,3.846070051193237,1.0,32.0,5.24252462387085,3.825841903686523,1.0,20.0,5.307321071624756,3.817572116851807,1.0,10.0,4.9467527866363525,3.837370872497559,1.0
gaussian-7-Overlap,10000.0,50.0,0.004,7.0,50.0,17.824848413467407,3.8336472511291504,1.0,32.0,5.442718029022217,3.829647064208984,1.0,20.0,5.469170570373535,3.7936818599700928,1.0,10.0,5.422478914260864,3.803753137588501,1.0
gaussian-7-Overlap,10000.0,50.0,0.004,8.0,50.0,17.224698305130005,4.091854333877564,1.0,32.0,5.444497585296631,4.036247730255127,1.0,20.0,5.421274423599243,4.025869607925415,1.0,10.0,5.383737564086914,4.024019241333008,1.0
gaussian-7-Overlap,10000.0,50.0,0.004,9.0,50.0,17.108025550842285,3.705964088439941,1.0,32.0,5.504384756088257,3.6565074920654297,1.0,20.0,5.278902530670166,3.656737804412842,1.0,10.0,5.857321500778198,3.671720027923584,1.0
gaussian-7-Overlap,10000.0,50.0,0.004,10.0,50.0,16.987705945968628,3.850400447845459,1.0,32.0,5.431057691574097,3.910398244857788,1.0,20.0,5.492931842803955,3.8690245151519775,1.0,10.0,5.447563648223877,3.888538599014282,1.0
gaussian-7-Overlap,10000.0,100.0,0.008,1.0,50.0,17.9175705909729,3.7339348793029785,1.0,32.0,5.211153745651245,3.706236124038696,1.0,20.0,5.608647584915161,3.750401496887207,1.0,10.0,5.968826055526733,3.7391958236694336,1.0
gaussian-7-Overlap,10000.0,100.0,0.008,2.0,50.0,18.379162073135376,4.069524526596069,1.0,32.0,5.513394117355347,3.99312973022461,1.0,20.0,5.699233055114746,4.003789186477661,1.0,10.0,5.638248682022095,3.7850170135498047,1.0
gaussian-7-Overlap,10000.0,100.0,0.008,3.0,50.0,17.430352210998535,3.8499755859375,1.0,32.0,5.5803062915802,3.834132671356201,1.0,20.0,5.488312482833862,3.855196952819824,1.0,10.0,5.489164113998413,3.8498127460479736,1.0
gaussian-7-Overlap,10000.0,100.0,0.008,4.0,50.0,22.07374596595764,4.043946266174316,1.0,32.0,6.509685754776001,4.03270411491394,1.0,20.0,6.91657280921936,4.090327024459839,1.0,10.0,6.876626491546631,4.075770616531372,1.0
gaussian-7-Overlap,10000.0,100.0,0.008,5.0,50.0,17.416646003723145,3.926261425018311,1.0,32.0,5.029906511306763,3.91669511795044,1.0,20.0,5.332144975662232,3.9038496017456055,1.0,10.0,5.276447296142578,3.902323246002197,1.0
gaussian-7-Overlap,10000.0,100.0,0.008,6.0,50.0,17.757710933685303,3.8898866176605225,1.0,32.0,5.202712535858154,3.7977700233459473,1.0,20.0,5.635051727294922,3.826803207397461,1.0,10.0,5.59558892250061,4.321870088577271,1.0
gaussian-7-Overlap,10000.0,100.0,0.008,7.0,50.0,17.260547876358032,3.769739627838135,1.0,32.0,5.583223342895508,3.806436777114868,1.0,20.0,5.6755547523498535,3.799877166748047,1.0,10.0,5.663862943649292,3.8212037086486816,1.0
gaussian-7-Overlap,10000.0,100.0,0.008,8.0,50.0,17.945321559906006,3.747183322906494,1.0,32.0,5.277811288833618,3.787512063980103,1.0,20.0,5.7222819328308105,3.816058158874512,1.0,10.0,5.771843194961548,3.762248992919922,1.0
gaussian-7-Overlap,10000.0,100.0,0.008,9.0,50.0,20.107637643814087,4.275467395782471,1.0,32.0,6.423632860183716,4.200722217559815,1.0,20.0,6.691098213195801,4.219762563705444,1.0,10.0,6.75345778465271,4.236167907714844,1.0
gaussian-7-Overlap,10000.0,100.0,0.008,10.0,50.0,18.649364471435547,3.742018461227417,1.0,32.0,5.392971992492676,3.713716745376587,1.0,20.0,5.684676170349121,3.847299814224243,1.0,10.0,5.61862325668335,3.7623291015625,1.0
gaussian-7-Overlap,10000.0,200.0,0.016,1.0,50.0,18.242703676223755,3.812642097473145,1.0,32.0,5.707956075668335,3.8070104122161865,1.0,20.0,5.393962621688843,3.83561635017395,1.0,10.0,5.933437824249268,3.858723402023315,1.0
gaussian-7-Overlap,10000.0,200.0,0.016,2.0,50.0,18.30238938331604,3.745587348937988,1.0,32.0,5.3248796463012695,3.765660285949707,1.0,20.0,5.830216884613037,3.76830005645752,1.0,10.0,5.645846366882324,3.806785821914673,1.0
gaussian-7-Overlap,10000.0,200.0,0.016,3.0,50.0,18.87342524528504,3.859132766723633,1.0,32.0,5.604236602783203,3.853107213973999,1.0,20.0,5.765812635421753,3.8662667274475098,1.0,10.0,5.68341064453125,3.917992830276489,1.0
gaussian-7-Overlap,10000.0,200.0,0.016,4.0,50.0,18.079841375350952,4.236511707305908,1.0,32.0,5.603592872619629,4.236060380935669,1.0,20.0,5.7638914585113525,4.258354663848877,1.0,10.0,5.703875303268433,4.233531713485718,1.0
gaussian-7-Overlap,10000.0,200.0,0.016,5.0,50.0,22.19582319259644,4.333231925964356,1.0,32.0,6.996765613555908,4.183486700057983,1.0,20.0,7.15054726600647,4.213794231414795,1.0,10.0,7.05292272567749,4.114446640014648,1.0
gaussian-7-Overlap,10000.0,200.0,0.016,6.0,50.0,18.581228494644165,3.874656200408936,1.0,32.0,5.23783016204834,3.874000310897827,1.0,20.0,5.625637531280518,3.9110629558563232,1.0,10.0,5.628459930419922,3.874977350234986,1.0
gaussian-7-Overlap,10000.0,200.0,0.016,7.0,50.0,19.046170473098755,3.790890455245972,0.6620616304742075,32.0,5.67927622795105,3.793543815612793,0.6620616304742075,20.0,5.8541247844696045,3.80466365814209,0.6620616304742075,10.0,5.77233362197876,3.8093228340148926,1.0
gaussian-7-Overlap,10000.0,200.0,0.016,8.0,50.0,20.319905996322632,3.8016374111175537,1.0,32.0,5.74721884727478,3.809443473815918,1.0,20.0,5.761255979537964,3.812753915786743,1.0,10.0,5.802515268325806,3.811375379562378,1.0
gaussian-7-Overlap,10000.0,200.0,0.016,10.0,50.0,18.33073663711548,3.987573385238648,1.0,32.0,5.616268634796143,3.926785707473755,1.0,20.0,5.6859540939331055,3.913942813873291,1.0,10.0,5.719515085220337,3.9138498306274414,1.0
gaussian-7-Overlap,15000.0,10.0,0.0012,1.0,50.0,25.240006923675537,8.458252429962158,0.9998151442713812,32.0,7.948115348815918,8.542308568954468,0.9999259136794404,20.0,8.03714919090271,8.56885576248169,0.9999259136794404,10.0,8.368134260177612,8.605193614959717,0.9999629328386908
gaussian-7-Overlap,15000.0,10.0,0.0012,2.0,50.0,23.6369411945343,8.259795188903809,0.999888744195083,32.0,8.001309156417847,8.208430290222168,1.0,20.0,8.034955263137817,8.230095148086548,1.0,10.0,8.420672416687012,8.25775408744812,1.0
gaussian-7-Overlap,15000.0,10.0,0.0012,3.0,50.0,23.915356397628784,8.896462440490723,0.9995383578895188,32.0,7.504260778427124,8.917884588241577,0.9997230847248204,20.0,8.363510131835938,8.638359546661377,0.9998154316507024,10.0,8.155773162841797,8.93690800666809,0.999907736749164
gaussian-7-Overlap,15000.0,10.0,0.0012,4.0,50.0,24.218921184539795,8.102556705474854,0.9871567337251668,32.0,7.931597471237183,8.167913675308228,0.9933722817759876,20.0,7.920995235443115,8.350813865661621,0.9965871011529596,10.0,8.383683681488037,8.425845623016357,0.9986034178819532
gaussian-7-Overlap,15000.0,10.0,0.0012,5.0,50.0,24.2070541381836,8.382238864898682,0.7669136151735514,32.0,8.020326852798462,8.370493173599243,0.7937460630512518,20.0,8.030468940734863,8.350044012069702,0.8154471006011044,10.0,8.41818618774414,8.375336647033691,0.8220928094901053
gaussian-7-Overlap,15000.0,10.0,0.0012,6.0,50.0,26.01628279685974,8.393413782119751,0.9842112378218204,32.0,8.020519733428955,8.399376392364502,0.9917425690998236,20.0,8.465317487716675,8.385590553283691,0.9960383390610786,10.0,8.13991928100586,8.383977890014648,0.9984258751667584
gaussian-7-Overlap,15000.0,10.0,0.0012,7.0,50.0,24.756460428237915,8.275957822799683,0.7826843001937936,32.0,8.07056212425232,8.215418100357056,0.7876212647139933,20.0,8.195979595184326,8.22855257987976,0.7934518330811438,10.0,8.32999324798584,8.200867414474487,0.8019532817865036
gaussian-7-Overlap,15000.0,10.0,0.0012,8.0,50.0,24.25306224822998,8.393402338027954,0.7860212101556153,32.0,7.920807123184204,8.364020586013794,0.7944272564699092,20.0,8.169899225234985,8.469335079193115,0.7993485013952956,10.0,8.32785177230835,8.44162917137146,0.7999669994472972
gaussian-7-Overlap,15000.0,10.0,0.0012,9.0,50.0,25.207029581069943,8.088011741638184,0.6109618349389327,32.0,8.124832391738892,8.123516082763672,0.6135546202802113,20.0,8.593135833740234,8.28389835357666,0.6223947479903447,10.0,8.560237407684326,8.088429927825928,0.6325805410821093
gaussian-7-Overlap,15000.0,10.0,0.0012,10.0,50.0,24.196448802948,8.520941019058228,0.9299745034096194,32.0,8.490023136138916,8.76832914352417,0.93052231785895,20.0,10.72076678276062,8.98512578010559,0.9316615182730746,10.0,9.975949048995972,9.062585592269896,0.9331529960422628
gaussian-7-Overlap,15000.0,20.0,0.0024,1.0,50.0,25.20136404037476,8.385828495025635,0.992441632321815,32.0,8.92618203163147,8.317281723022461,0.995865034325323,20.0,8.988964796066284,8.1823890209198,0.9980667582902216,10.0,8.72207760810852,8.269865989685059,0.999262691295176
gaussian-7-Overlap,15000.0,20.0,0.0024,2.0,50.0,25.05537962913513,8.490309476852417,0.9998617063122468,32.0,8.73620343208313,8.484464883804321,0.9999538432815314,20.0,8.29206895828247,8.456196784973145,1.0,10.0,9.170611143112184,8.460247278213501,1.0
gaussian-7-Overlap,15000.0,20.0,0.0024,3.0,50.0,25.604687452316284,8.665535926818848,1.0,32.0,8.976942539215088,8.283532857894897,1.0,20.0,8.908109188079834,8.794042587280273,1.0,10.0,9.155275344848633,8.363167762756348,1.0
gaussian-7-Overlap,15000.0,20.0,0.0024,4.0,50.0,27.16785717010498,8.540473222732544,1.0,32.0,9.02346920967102,8.479163408279419,1.0,20.0,8.721606731414795,8.483292579650879,1.0,10.0,9.676659107208252,8.488791704177856,1.0
gaussian-7-Overlap,15000.0,20.0,0.0024,5.0,50.0,24.93656110763549,8.30038571357727,0.9337013073221228,32.0,8.744316339492798,8.237315654754639,0.9987120183281546,20.0,8.692504167556763,8.266778230667114,0.9994006221135986,10.0,8.841033220291138,8.307066917419434,0.9998153411777176
gaussian-7-Overlap,15000.0,20.0,0.0024,6.0,50.0,24.877232551574707,8.56433653831482,0.99990773660508,32.0,8.40278697013855,8.701770544052124,0.9999538388904924,20.0,8.690189838409424,8.62255311012268,1.0,10.0,8.84641170501709,8.54132604598999,1.0
gaussian-7-Overlap,15000.0,20.0,0.0024,7.0,50.0,30.295623779296875,8.934287309646606,0.9335633057220968,32.0,10.434935092926024,9.023830652236938,0.9335633057220968,20.0,11.422003746032717,8.972890853881836,0.9336091763831206,10.0,11.361815929412842,9.095897912979126,0.9337010635936356
gaussian-7-Overlap,15000.0,20.0,0.0024,8.0,50.0,25.959716796875,8.375216245651245,1.0,32.0,8.937215328216553,8.22610354423523,1.0,20.0,8.944304704666138,8.320717334747314,1.0,10.0,8.904519319534302,8.244410514831543,1.0
gaussian-7-Overlap,15000.0,20.0,0.0024,9.0,50.0,24.399209022521973,8.840666055679321,0.9998616930161296,32.0,8.397066116333008,8.66148567199707,0.9999538388442842,20.0,8.178207635879517,8.593897104263306,0.9999538388442842,10.0,8.8744797706604,8.647366046905518,1.0
gaussian-7-Overlap,15000.0,20.0,0.0024,10.0,50.0,24.784539222717285,8.288220882415771,0.9098509525271198,32.0,8.701932668685913,8.362759828567505,0.9101736444551416,20.0,8.861016511917114,8.394306898117065,0.9103885221112328,10.0,8.870452642440796,8.441084384918213,0.9857537806479368
gaussian-7-Overlap,15000.0,50.0,0.006,1.0,50.0,27.60445070266724,8.223687171936035,1.0,32.0,8.960527658462524,8.336812496185303,1.0,20.0,9.47757887840271,8.31456971168518,1.0,10.0,9.720608711242676,8.308720111846924,1.0
gaussian-7-Overlap,15000.0,50.0,0.006,2.0,50.0,27.97495484352112,8.265317678451538,1.0,32.0,8.705606698989868,8.32515025138855,1.0,20.0,9.486034393310549,8.349124431610107,1.0,10.0,9.27329444885254,8.427642345428467,1.0
gaussian-7-Overlap,15000.0,50.0,0.006,3.0,50.0,28.126616716384888,8.274611234664917,1.0,32.0,9.19711184501648,8.263490438461304,1.0,20.0,9.31248664855957,8.215778112411499,1.0,10.0,9.446646928787231,8.243984937667847,1.0
gaussian-7-Overlap,15000.0,50.0,0.006,4.0,50.0,28.36606311798096,8.197136163711548,1.0,32.0,9.228359460830688,8.216198444366455,1.0,20.0,9.356247901916504,8.300768613815308,1.0,10.0,9.517560005187988,8.250391483306885,1.0
gaussian-7-Overlap,15000.0,50.0,0.006,5.0,50.0,28.35537028312683,8.34133243560791,1.0,32.0,8.872230052947998,8.267313241958618,1.0,20.0,9.672861576080322,8.40419864654541,1.0,10.0,9.389793872833252,8.348172187805176,1.0
gaussian-7-Overlap,15000.0,50.0,0.006,6.0,50.0,26.80347752571106,8.138742923736572,1.0,32.0,9.138541460037231,8.218628168106079,1.0,20.0,9.313263177871704,8.227088451385498,1.0,10.0,9.36843729019165,8.21604037284851,1.0
gaussian-7-Overlap,15000.0,50.0,0.006,7.0,50.0,32.46129035949707,9.32421374320984,1.0,32.0,11.457852840423584,9.210502862930298,1.0,20.0,11.597243547439575,9.234220266342165,1.0,10.0,11.777790069580078,9.25029468536377,1.0
gaussian-7-Overlap,15000.0,50.0,0.006,8.0,50.0,30.71137642860413,9.218857049942017,1.0,32.0,10.16265630722046,9.027202367782593,1.0,20.0,10.38377809524536,8.983561515808105,1.0,10.0,10.946163177490234,8.785940885543823,1.0
gaussian-7-Overlap,15000.0,50.0,0.006,9.0,50.0,28.932043075561523,8.595343589782715,1.0,32.0,9.120131731033323,8.509362936019897,1.0,20.0,9.285576581954956,8.527295112609863,1.0,10.0,9.384134531021118,8.51963472366333,1.0
gaussian-7-Overlap,15000.0,50.0,0.006,10.0,50.0,29.55693554878235,8.28776240348816,1.0,32.0,8.842884302139282,8.234843730926514,1.0,20.0,9.573196411132812,8.34861159324646,1.0,10.0,9.920978307724,8.354544639587402,1.0
gaussian-7-Overlap,15000.0,100.0,0.012,1.0,50.0,30.194377183914185,8.520344257354736,1.0,32.0,9.47672963142395,8.485340118408203,1.0,20.0,9.672664403915403,8.408381938934326,1.0,10.0,10.065742254257202,8.444456100463867,1.0
gaussian-7-Overlap,15000.0,100.0,0.012,2.0,50.0,27.877625465393063,8.360597848892212,1.0,32.0,9.271742105484009,8.28544545173645,1.0,20.0,9.212218761444092,8.355988264083862,1.0,10.0,9.823204278945925,8.369156122207642,1.0
gaussian-7-Overlap,15000.0,100.0,0.012,3.0,50.0,29.05238342285156,8.283184289932251,1.0,32.0,9.408321619033812,8.273802757263184,1.0,20.0,9.76115894317627,8.26960277557373,1.0,10.0,9.146062850952148,8.206453084945679,1.0
gaussian-7-Overlap,15000.0,100.0,0.012,4.0,50.0,27.725837469100952,8.531667232513428,0.6621006739678027,32.0,9.270746231079102,8.519327640533447,0.6621006739678027,20.0,9.215121030807495,8.479372262954712,0.6621006739678027,10.0,9.44658899307251,8.557851791381836,0.6621006739678027
gaussian-7-Overlap,15000.0,100.0,0.012,5.0,50.0,28.62542724609375,8.193763732910156,1.0,32.0,9.511183500289915,8.297889471054077,1.0,20.0,9.07081389427185,8.362398147583008,1.0,10.0,9.232511520385742,8.374016046524048,1.0
gaussian-7-Overlap,15000.0,100.0,0.012,6.0,50.0,28.10845971107483,8.664220571517944,1.0,32.0,9.042978286743164,8.337170362472534,1.0,20.0,9.474007844924929,8.274917364120483,1.0,10.0,9.245834827423096,8.419488430023193,1.0
gaussian-7-Overlap,15000.0,100.0,0.012,7.0,50.0,27.483139514923096,8.374413967132568,1.0,32.0,9.163432121276855,8.272871255874634,1.0,20.0,9.415311813354492,8.240659713745117,1.0,10.0,9.261685848236084,8.328504085540771,1.0
gaussian-7-Overlap,15000.0,100.0,0.012,8.0,50.0,29.33637642860413,8.637885093688965,1.0,32.0,9.278592348098757,8.384011030197144,1.0,20.0,9.328824281692505,8.513229608535767,1.0,10.0,9.814486980438232,8.477212905883789,1.0
gaussian-7-Overlap,15000.0,100.0,0.012,9.0,50.0,28.31776237487793,8.370944499969482,1.0,32.0,9.123404264450071,8.341816663742065,1.0,20.0,9.08988070487976,8.31556749343872,1.0,10.0,9.602285861968994,8.424492359161377,1.0
gaussian-7-Overlap,15000.0,100.0,0.012,10.0,50.0,32.51873779296875,8.986045598983765,1.0,32.0,11.45766544342041,9.05228590965271,1.0,20.0,10.705889225006104,8.987861633300781,1.0,10.0,10.583478927612305,9.093246698379517,1.0
gaussian-7-Overlap,15000.0,200.0,0.024,1.0,50.0,31.02296733856201,8.532946109771729,1.0,32.0,9.34990119934082,8.546460628509521,1.0,20.0,9.54816746711731,8.482269763946533,1.0,10.0,9.959106922149658,8.435418605804443,1.0
gaussian-7-Overlap,15000.0,200.0,0.024,2.0,50.0,29.348862409591675,8.454614877700806,1.0,32.0,9.658734321594238,8.462002754211426,1.0,20.0,9.2520272731781,8.486212253570557,1.0,10.0,9.18268609046936,8.511824369430542,1.0
gaussian-7-Overlap,15000.0,200.0,0.024,3.0,50.0,29.24656701087952,8.231819152832031,1.0,32.0,9.225071907043455,8.233012914657593,1.0,20.0,9.3018479347229,8.289577722549438,1.0,10.0,9.656255722045898,8.373992204666138,1.0
gaussian-7-Overlap,15000.0,200.0,0.024,4.0,50.0,29.73890280723572,8.376641988754272,1.0,32.0,9.661067485809326,8.418767213821411,1.0,20.0,9.222388505935667,8.440082311630249,1.0,10.0,9.291889667510986,8.43241000175476,1.0
gaussian-7-Overlap,15000.0,200.0,0.024,5.0,50.0,35.39796233177185,9.349985122680664,1.0,32.0,11.80384635925293,9.361109256744385,1.0,20.0,11.394935369491575,9.41423773765564,1.0,10.0,11.505343198776243,9.437300205230711,1.0
gaussian-7-Overlap,15000.0,200.0,0.024,6.0,50.0,28.65622591972351,8.488005876541138,1.0,32.0,9.596253395080566,8.350757122039795,1.0,20.0,9.283599615097046,8.399939060211182,1.0,10.0,9.21852707862854,8.498753309249878,1.0
gaussian-7-Overlap,15000.0,200.0,0.024,7.0,50.0,30.322147607803345,8.630883693695068,1.0,32.0,9.29075813293457,8.620380878448486,1.0,20.0,9.345445156097412,8.610599756240845,1.0,10.0,9.33930492401123,8.603839874267578,1.0
gaussian-7-Overlap,15000.0,200.0,0.024,8.0,50.0,29.337722778320312,8.440132141113281,1.0,32.0,9.781997919082642,8.449551820755005,1.0,20.0,9.194971084594728,8.385183572769165,1.0,10.0,9.214147806167604,8.431212663650513,1.0
gaussian-7-Overlap,15000.0,200.0,0.024,9.0,50.0,34.21626877784729,9.130208015441896,1.0,32.0,10.665168046951294,9.13318920135498,1.0,20.0,10.780780792236328,8.89457082748413,1.0,10.0,10.954458236694336,9.101004600524902,1.0
gaussian-7-Overlap,15000.0,200.0,0.024,10.0,50.0,34.31352353096008,8.550390005111694,1.0,32.0,9.66721248626709,8.555562019348145,1.0,20.0,9.479232549667358,8.577529907226562,1.0,10.0,9.38134217262268,8.555445671081543,1.0
gaussian-7-Overlap,20000.0,10.0,0.0016,1.0,50.0,33.67575788497925,14.901694774627686,0.9927141664017264,32.0,11.298028707504272,14.85693383216858,0.9949604778023547,20.0,11.346890687942505,14.938714027404783,0.9975621918324348,10.0,11.989336013793944,14.789252996444702,0.9968317455754464
gaussian-7-Overlap,20000.0,10.0,0.0016,2.0,50.0,35.15911555290222,14.83005166053772,0.9872264758318308,32.0,11.76998519897461,15.029381275177002,0.991760102760404,20.0,11.98495388031006,14.67578101158142,0.9924957376691615,10.0,12.392067432403564,14.640093088150024,0.9952145347115632
gaussian-7-Overlap,20000.0,10.0,0.0016,3.0,50.0,33.087109088897705,15.39626121520996,0.985133449747668,32.0,11.31273627281189,15.335865259170532,0.9916621498888776,20.0,11.49990463256836,15.574615716934204,0.9952253372707895,10.0,12.079440593719482,15.37776255607605,0.997825195482784
gaussian-7-Overlap,20000.0,10.0,0.0016,4.0,50.0,33.722332239151,14.412498950958252,0.9966175594491592,32.0,11.561124801635742,14.479395866394045,0.9984510386812124,20.0,11.75179934501648,14.478946208953856,0.9978941507428116,10.0,11.918810844421388,14.557629823684692,0.997788885547962
gaussian-7-Overlap,20000.0,10.0,0.0016,5.0,50.0,33.040560483932495,14.782409906387327,0.9930555516223392,32.0,11.58713150024414,14.821820974349976,0.9968557205684124,20.0,11.720885992050173,14.729588508605955,0.9986543906560428,10.0,12.315838813781738,14.98303723335266,0.9998076805101708
gaussian-7-Overlap,20000.0,10.0,0.0016,6.0,50.0,32.89397954940796,15.525911808013916,0.998949623989002,32.0,11.394798278808594,15.86213207244873,0.9990179013977564,20.0,11.626033544540403,15.665212392807009,0.9993489376264728,10.0,12.217321634292604,15.925723314285278,0.9993380027081444
gaussian-7-Overlap,20000.0,10.0,0.0016,7.0,50.0,33.68096923828125,14.635480403900146,0.9821339859569028,32.0,11.794854879379272,14.57083821296692,0.9978479331489606,20.0,11.769792318344116,14.5068621635437,0.9962305550893112,10.0,12.408236742019652,15.032779216766356,0.9971017141670624
gaussian-7-Overlap,20000.0,10.0,0.0016,8.0,50.0,33.56439137458801,14.357264995574951,0.965083459288467,32.0,11.741673231124878,14.386849164962769,0.9801416937459206,20.0,11.821495294570925,14.446531772613524,0.9899027421241564,10.0,12.362804412841797,14.500792980194092,0.9900094297648232
gaussian-7-Overlap,20000.0,10.0,0.0016,9.0,50.0,33.13742661476135,14.887545347213743,0.7320293399389031,32.0,11.761573791503906,14.543026685714722,0.9836583177994576,20.0,12.339197397232056,14.881335496902466,0.9921264772703676,10.0,11.890611410140991,14.77221703529358,0.9973236244664488
gaussian-7-Overlap,20000.0,10.0,0.0016,10.0,50.0,33.592286586761475,14.302663803100586,0.9646437196266652,32.0,11.557244777679443,14.321580410003662,0.9786069999816824,20.0,12.081186771392822,14.310761213302612,0.9870971948883588,10.0,12.50237226486206,14.5182683467865,0.9954587712117912
gaussian-7-Overlap,20000.0,20.0,0.0032,1.0,50.0,38.55879187583923,14.94952940940857,0.9999761993774752,32.0,13.00891137123108,14.918208599090576,0.9999761993774752,20.0,13.389463424682615,14.86473298072815,0.9999761993774752,10.0,13.517643451690674,14.840555906295776,1.0
gaussian-7-Overlap,20000.0,20.0,0.0032,2.0,50.0,35.85193395614624,14.513871431350708,1.0,32.0,13.129615783691406,14.49944305419922,1.0,20.0,13.048892736434937,14.464258909225464,1.0,10.0,13.30281138420105,14.658658981323242,1.0
gaussian-7-Overlap,20000.0,20.0,0.0032,3.0,50.0,34.463648319244385,15.450368404388428,1.0,32.0,13.015685081481934,15.430191278457642,1.0,20.0,12.818918704986572,14.647345781326294,1.0,10.0,13.70468258857727,14.892582178115845,1.0
gaussian-7-Overlap,20000.0,20.0,0.0032,4.0,50.0,35.24950289726257,14.812286853790283,1.0,32.0,12.40814971923828,14.796555519104004,1.0,20.0,12.255431413650513,14.710765361785889,1.0,10.0,12.821833372116089,14.743566989898682,1.0
gaussian-7-Overlap,20000.0,20.0,0.0032,5.0,50.0,36.81008434295654,15.300617694854736,0.9992379047077958,32.0,11.966741561889648,15.330414056777954,0.999584276632113,20.0,12.354586362838743,15.25293517112732,0.9998268047495424,10.0,13.182629823684692,15.183019876480104,0.9998961290873494
gaussian-7-Overlap,20000.0,20.0,0.0032,6.0,50.0,37.19629049301148,15.23418378829956,0.9993468864921036,32.0,12.491029739379885,15.17394471168518,0.9997235777502972,20.0,12.958106756210327,15.128210067749023,0.9998617059939752,10.0,13.07105278968811,15.11312460899353,0.9999653768676492
gaussian-7-Overlap,20000.0,20.0,0.0032,7.0,50.0,36.31254243850708,15.162734746932983,0.9944928915572836,32.0,12.154732942581177,15.152807235717772,0.9971584538107954,20.0,12.892030000686646,15.130119562149048,0.9984145128744968,10.0,13.065418243408203,15.178165197372437,0.9993962208249574
gaussian-7-Overlap,20000.0,20.0,0.0032,8.0,50.0,35.280192852020264,15.099055528640749,0.9999653783684604,32.0,11.848989963531494,15.13062071800232,0.9999653783684604,20.0,12.709479570388794,15.086770296096802,1.0,10.0,12.744617462158203,15.102384090423584,1.0
gaussian-7-Overlap,20000.0,20.0,0.0032,9.0,50.0,34.42594790458679,14.90813684463501,0.9273247506351736,32.0,12.417499780654907,14.96007251739502,0.92765121435116,20.0,12.708232879638672,15.021611213684082,0.9299348525765644,10.0,12.855186700820925,15.233999490737917,0.9997545705629194
gaussian-7-Overlap,20000.0,20.0,0.0032,10.0,50.0,35.58110284805298,14.608863830566406,1.0,32.0,11.97222638130188,14.890629768371582,1.0,20.0,12.864203691482544,15.076010704040527,1.0,10.0,12.741621732711792,14.912732124328612,1.0
gaussian-7-Overlap,20000.0,50.0,0.008,1.0,50.0,37.73199033737183,14.952694654464722,1.0,32.0,12.967050313949583,14.980538368225098,1.0,20.0,12.975762844085692,14.975031852722168,1.0,10.0,13.278063297271729,14.99121904373169,1.0
gaussian-7-Overlap,20000.0,50.0,0.008,2.0,50.0,38.18660068511963,14.956344842910768,1.0,32.0,12.702431917190552,14.849334239959717,1.0,20.0,12.888831615447998,14.922202587127686,1.0,10.0,12.869112968444824,14.932697772979736,1.0
gaussian-7-Overlap,20000.0,50.0,0.008,3.0,50.0,38.289302349090576,15.105190753936768,1.0,32.0,12.884819984436035,15.533640623092651,1.0,20.0,13.281389236450195,15.687981605529783,1.0,10.0,12.988118171691896,15.602786302566528,1.0
gaussian-7-Overlap,20000.0,50.0,0.008,4.0,50.0,38.405776500701904,15.69409680366516,1.0,32.0,13.424773693084717,15.710708141326904,1.0,20.0,14.126522541046144,15.668752193450928,1.0,10.0,14.273916959762571,15.636472225189207,1.0
gaussian-7-Overlap,20000.0,50.0,0.008,5.0,50.0,39.85456562042236,15.304933786392212,1.0,32.0,12.90911102294922,15.237198114395142,1.0,20.0,13.17295265197754,15.219754457473757,1.0,10.0,13.65585207939148,15.362480640411375,1.0
gaussian-7-Overlap,20000.0,50.0,0.008,6.0,50.0,37.08706569671631,14.855505466461182,1.0,32.0,12.837387084960938,14.907371282577516,1.0,20.0,12.794540882110596,15.004048585891724,1.0,10.0,12.937201976776125,14.95484185218811,1.0
gaussian-7-Overlap,20000.0,50.0,0.008,7.0,50.0,36.82037854194641,15.210712909698486,1.0,32.0,12.351274967193604,15.085835933685305,1.0,20.0,13.17604923248291,15.01866102218628,1.0,10.0,13.422577857971191,15.254010915756226,1.0
gaussian-7-Overlap,20000.0,50.0,0.008,8.0,50.0,36.78537464141846,14.985634565353394,1.0,32.0,12.716801643371582,14.94207239151001,1.0,20.0,12.952365398406982,14.966969728469849,1.0,10.0,13.373000144958496,14.928941249847412,1.0
gaussian-7-Overlap,20000.0,50.0,0.008,9.0,50.0,36.896766662597656,15.087658405303957,1.0,32.0,12.820765972137451,15.156672239303589,1.0,20.0,12.956883192062378,15.150958776474,1.0,10.0,13.53016996383667,15.173496007919312,1.0
gaussian-7-Overlap,20000.0,50.0,0.008,10.0,50.0,36.87247061729431,14.926186800003052,1.0,32.0,13.30314874649048,14.800332307815552,1.0,20.0,12.7973952293396,14.905885457992554,1.0,10.0,13.492684364318848,14.907313108444214,1.0
gaussian-7-Overlap,20000.0,100.0,0.016,1.0,50.0,41.452778816223145,15.497279405593872,1.0,32.0,13.234498977661133,15.594433069229126,1.0,20.0,14.017540216445925,15.544336080551147,1.0,10.0,13.51061511039734,15.30059814453125,1.0
gaussian-7-Overlap,20000.0,100.0,0.016,2.0,50.0,38.446722984313965,15.28769588470459,1.0,32.0,12.93887734413147,15.07781744003296,1.0,20.0,13.150047779083252,15.124890565872192,1.0,10.0,13.551870107650757,15.04702353477478,1.0
gaussian-7-Overlap,20000.0,100.0,0.016,3.0,50.0,39.44472885131836,14.880780458450316,1.0,32.0,13.147068977355955,14.880589723587036,1.0,20.0,13.423948764801024,15.076629877090454,1.0,10.0,14.0520281791687,15.13050937652588,1.0
gaussian-7-Overlap,20000.0,100.0,0.016,4.0,50.0,37.66514754295349,15.4810631275177,1.0,32.0,12.98915982246399,15.469567775726318,1.0,20.0,13.279510974884031,15.362177848815918,1.0,10.0,13.121191024780272,17.038763999938965,1.0
gaussian-7-Overlap,20000.0,100.0,0.016,5.0,50.0,39.243650913238525,15.262726545333862,1.0,32.0,13.106424570083618,15.265032768249512,1.0,20.0,13.38347339630127,15.235146045684814,1.0,10.0,13.989418506622314,15.169155359268188,1.0
gaussian-7-Overlap,20000.0,100.0,0.016,6.0,50.0,38.153481245040894,15.071724891662598,1.0,32.0,13.153965950012209,14.915380239486694,1.0,20.0,13.48933172225952,15.113638639450071,1.0,10.0,13.035990715026855,15.154415130615234,1.0
gaussian-7-Overlap,20000.0,100.0,0.016,7.0,50.0,38.93403363227844,15.284423112869264,1.0,32.0,13.656465530395508,15.323639392852783,1.0,20.0,13.30392837524414,15.400238275527954,1.0,10.0,13.881218671798706,15.350441217422484,1.0
gaussian-7-Overlap,20000.0,100.0,0.016,8.0,50.0,38.74641227722168,15.027162790298462,1.0,32.0,13.62417697906494,14.911218881607056,1.0,20.0,12.789075374603271,15.1043062210083,1.0,10.0,13.817841529846191,15.088212251663208,1.0
gaussian-7-Overlap,20000.0,100.0,0.016,9.0,50.0,39.61326003074646,15.44066834449768,1.0,32.0,13.226894617080688,15.574116706848145,1.0,20.0,13.85060214996338,15.492785930633543,1.0,10.0,14.008697748184204,15.547352075576782,1.0
gaussian-7-Overlap,20000.0,100.0,0.016,10.0,50.0,40.421080589294434,14.88840651512146,1.0,32.0,13.069276571273804,14.748133182525637,1.0,20.0,13.625949144363403,14.766175031661987,1.0,10.0,14.108077049255373,14.740853071212769,1.0
gaussian-7-Overlap,20000.0,200.0,0.032,1.0,50.0,44.99150466918945,15.569892406463625,1.0,32.0,14.02271318435669,15.467334985733032,1.0,20.0,13.85628628730774,15.364370822906494,1.0,10.0,14.363747596740724,15.400416612625122,1.0
gaussian-7-Overlap,20000.0,200.0,0.032,2.0,50.0,44.51880097389221,16.14127254486084,1.0,32.0,14.09945583343506,15.938580513000488,1.0,20.0,13.790910005569458,15.929327487945557,1.0,10.0,14.016855478286743,15.847871780395508,1.0
gaussian-7-Overlap,20000.0,200.0,0.032,3.0,50.0,41.185269594192505,15.48801326751709,0.6621541596997496,32.0,13.512050867080688,15.381094694137571,0.6621541596997496,20.0,13.122954368591309,15.40134072303772,0.6621541596997496,10.0,13.362202644348145,15.337454080581663,0.6621541596997496
gaussian-7-Overlap,20000.0,200.0,0.032,4.0,50.0,41.17950129508972,15.50825309753418,1.0,32.0,13.16796612739563,15.623196840286257,1.0,20.0,12.957839250564575,15.709898948669434,1.0,10.0,13.521887063980104,15.708295345306396,1.0
gaussian-7-Overlap,20000.0,200.0,0.032,5.0,50.0,41.75605797767639,15.06964945793152,1.0,32.0,13.196308612823486,15.26991844177246,1.0,20.0,13.458916902542114,15.33278775215149,1.0,10.0,14.33297085762024,15.471177577972412,1.0
gaussian-7-Overlap,20000.0,200.0,0.032,6.0,50.0,42.6096932888031,15.697518587112429,1.0,32.0,13.312265396118164,15.88654899597168,1.0,20.0,13.732286214828491,15.90676498413086,1.0,10.0,14.034501552581789,15.85616683959961,1.0
gaussian-7-Overlap,20000.0,200.0,0.032,7.0,50.0,42.44634795188904,15.379639148712158,1.0,32.0,14.148412704467772,15.138576745986938,1.0,20.0,13.717846393585203,15.192438840866089,1.0,10.0,14.306782484054564,15.570245504379272,1.0
gaussian-7-Overlap,20000.0,200.0,0.032,8.0,50.0,41.40953683853149,15.414284467697144,1.0,32.0,13.131783485412598,15.394713640213013,1.0,20.0,13.489534378051758,15.417020320892334,1.0,10.0,14.1401629447937,15.55152416229248,1.0
gaussian-7-Overlap,20000.0,200.0,0.032,9.0,50.0,42.296661376953125,15.74492621421814,1.0,32.0,13.746407985687256,15.640881299972534,1.0,20.0,13.407909393310549,15.538570880889893,1.0,10.0,14.106900930404665,15.557424068450928,1.0
gaussian-7-Overlap,20000.0,200.0,0.032,10.0,50.0,42.47700595855713,15.70808744430542,1.0,32.0,13.856142282485962,15.52635383605957,1.0,20.0,13.484610795974731,15.608714580535889,1.0,10.0,13.913199424743652,15.631820917129517,1.0
gaussian-7-Overlap,30000.0,10.0,0.0024,1.0,50.0,50.79348635673523,33.52462887763977,0.9747112632008756,32.0,19.43211555480957,33.27540850639343,0.9917961022601356,20.0,19.93595242500305,33.19298434257507,0.9933061875781478,10.0,20.338976860046387,32.68171668052673,0.9941536000413358
gaussian-7-Overlap,30000.0,10.0,0.0024,2.0,50.0,52.08894038200378,33.175342082977295,0.9907817374496884,32.0,19.172361850738525,33.127649784088135,0.9940868621917476,20.0,20.877814054489136,33.13048315048218,0.9945325686200244,10.0,20.691383123397827,33.291388273239136,0.994045124900878
gaussian-7-Overlap,30000.0,10.0,0.0024,3.0,50.0,52.99992203712464,34.51124596595764,0.9979678532696518,32.0,20.075846672058105,34.23112416267395,0.999263429792517,20.0,20.595983743667603,34.13587594032288,0.999631725685812,10.0,20.535568475723267,34.12409520149231,0.8785680511522705
gaussian-7-Overlap,30000.0,10.0,0.0024,4.0,50.0,50.618122816085815,33.920971632003784,0.6753864501684066,32.0,19.26655650138855,33.98050284385681,0.6774060269931526,20.0,19.51511526107788,33.96995568275452,0.6784010528603576,10.0,20.23965549468994,33.956849575042725,0.9988830348921032
gaussian-7-Overlap,30000.0,10.0,0.0024,5.0,50.0,51.19411039352417,33.41513442993164,0.9976379567926628,32.0,19.2576231956482,33.81733274459839,0.9983551119300322,20.0,19.248974800109863,33.695666790008545,0.9986744957935854,10.0,20.98429846763611,33.50825119018555,0.9983056400646292
gaussian-7-Overlap,30000.0,10.0,0.0024,6.0,50.0,52.00204110145569,33.59685444831848,0.9984251627644332,32.0,19.808488607406616,33.58212876319885,0.9990362294632418,20.0,19.856144189834595,33.497217655181885,0.9994809521920064,10.0,20.878040313720703,33.78974962234497,0.8653645911756083
gaussian-7-Overlap,30000.0,10.0,0.0024,7.0,50.0,56.04823327064514,34.218207359313965,0.9993705987066313,32.0,20.02718162536621,34.2460732460022,0.9990842894519832,20.0,20.323830604553223,34.42874383926392,0.9982226318365024,10.0,20.571784734725952,34.245001792907715,0.998548452288864
gaussian-7-Overlap,30000.0,10.0,0.0024,8.0,50.0,56.53572916984558,34.015567779541016,0.9956267056161352,32.0,19.282427072525024,34.10501217842102,0.9948865416408156,20.0,20.58911657333374,34.219611167907715,0.994355984177798,10.0,20.911951303482056,34.36911153793335,0.9934603371319348
gaussian-7-Overlap,30000.0,10.0,0.0024,9.0,50.0,56.710203647613525,33.853912353515625,0.9950693713451956,32.0,19.10708975791931,33.85073113441467,0.9976838233646792,20.0,20.156264781951904,34.008183002471924,0.9987911649677844,10.0,21.17175364494324,33.91660261154175,0.999554105007562
gaussian-7-Overlap,30000.0,10.0,0.0024,10.0,50.0,49.39030361175537,33.870092153549194,0.998236539775202,32.0,19.414974451065063,33.70720028877258,0.999236589469571,20.0,18.952695846557617,33.773380756378174,0.9998152305889096,10.0,20.161667108535767,35.6715521812439,0.9999538233446924
gaussian-7-Overlap,30000.0,20.0,0.0048,1.0,50.0,54.22619962692261,33.62352752685547,1.0,32.0,20.610801458358765,33.765331745147705,1.0,20.0,21.3007709980011,34.5230917930603,1.0,10.0,21.62134003639221,33.608487129211426,1.0
gaussian-7-Overlap,30000.0,20.0,0.0048,2.0,50.0,54.84355115890503,34.42631959915161,0.9999769161064228,32.0,21.04494857788086,34.29667830467224,1.0,20.0,20.74796843528748,34.2929151058197,1.0,10.0,21.634117364883423,34.328229904174805,1.0
gaussian-7-Overlap,30000.0,20.0,0.0048,3.0,50.0,54.9726243019104,33.172935247421265,1.0,32.0,21.00715923309326,33.18423390388489,1.0,20.0,20.93764615058899,33.19545078277588,1.0,10.0,22.51154375076294,33.09988594055176,1.0
gaussian-7-Overlap,30000.0,20.0,0.0048,4.0,50.0,54.73217439651489,34.111687660217285,1.0,32.0,20.50009512901306,33.525386810302734,1.0,20.0,21.32499051094055,33.391804695129395,1.0,10.0,21.70868730545044,34.22218298912048,1.0
gaussian-7-Overlap,30000.0,20.0,0.0048,5.0,50.0,54.34288382530213,33.538296937942505,0.9999769159504934,32.0,20.53605818748474,33.27379870414734,1.0,20.0,20.502387046813965,33.46286964416504,1.0,10.0,22.275941848754883,33.64851760864258,1.0
gaussian-7-Overlap,30000.0,20.0,0.0048,6.0,50.0,56.22473907470703,33.45764470100403,0.9999769158800352,32.0,21.5129828453064,33.68188667297363,0.9999769158800352,20.0,21.427257776260376,34.01681733131409,1.0,10.0,22.2510244846344,33.967901945114136,1.0
gaussian-7-Overlap,30000.0,20.0,0.0048,7.0,50.0,56.2118558883667,34.20537734031677,0.9992008232308563,32.0,20.8531506061554,34.126439809799194,0.9996095756166544,20.0,21.7237606048584,34.12623953819275,0.9998157412407248,10.0,21.73248219490052,34.256566524505615,0.999884727974741
gaussian-7-Overlap,30000.0,20.0,0.0048,8.0,50.0,53.71385002136231,34.99290204048157,0.9999538465733556,32.0,21.359408855438232,33.65983057022095,0.9999769159354776,20.0,20.71328639984131,34.56657671928406,1.0,10.0,22.256024837493896,34.57254147529602,1.0
gaussian-7-Overlap,30000.0,20.0,0.0048,9.0,50.0,55.298211097717285,34.728363275527954,1.0,32.0,20.63975596427917,34.996262550354004,1.0,20.0,21.469627380371094,34.456300258636475,1.0,10.0,21.61800765991211,33.991942167282104,1.0
gaussian-7-Overlap,30000.0,20.0,0.0048,10.0,50.0,55.43651843070984,34.36326789855957,0.99348951373173,32.0,21.27640008926392,34.0281503200531,0.9960961337847802,20.0,21.590139627456665,34.135825872421265,0.9976234832803588,10.0,21.93592143058777,33.90372323989868,0.9989953860717792
gaussian-7-Overlap,30000.0,50.0,0.012,1.0,50.0,64.71668457984924,34.524468183517456,1.0,32.0,23.326505422592163,34.87140512466431,1.0,20.0,22.883171796798703,34.05126976966858,1.0,10.0,23.091764211654663,34.19966006278992,1.0
gaussian-7-Overlap,30000.0,50.0,0.012,2.0,50.0,61.18794655799866,34.38733458518982,1.0,32.0,22.509432315826416,36.17783069610596,1.0,20.0,22.59883451461792,35.72011756896973,1.0,10.0,22.845240116119385,34.17490243911743,1.0
gaussian-7-Overlap,30000.0,50.0,0.012,3.0,50.0,62.5807671546936,33.8552622795105,1.0,32.0,22.41408038139344,33.7405059337616,1.0,20.0,22.754632234573364,33.95100378990173,1.0,10.0,23.47399473190308,33.57957720756531,1.0
gaussian-7-Overlap,30000.0,50.0,0.012,4.0,50.0,62.27531456947327,34.48914408683777,1.0,32.0,22.637611150741577,34.36736559867859,1.0,20.0,23.67387723922729,34.34201407432556,1.0,10.0,24.36568689346313,34.37830352783203,1.0
gaussian-7-Overlap,30000.0,50.0,0.012,5.0,50.0,60.79738211631775,35.732242822647095,1.0,32.0,22.183433771133423,35.69407343864441,1.0,20.0,22.06782078742981,35.56081819534302,1.0,10.0,21.564175367355347,34.895689249038696,1.0
gaussian-7-Overlap,30000.0,50.0,0.012,6.0,50.0,63.768481492996216,34.00696039199829,1.0,32.0,22.34580159187317,34.40795564651489,1.0,20.0,23.22148942947388,33.96916842460632,1.0,10.0,22.959909915924072,34.06688070297241,1.0
gaussian-7-Overlap,30000.0,50.0,0.012,7.0,50.0,60.786311626434326,34.303974866867065,1.0,32.0,21.45986104011536,33.726818799972534,1.0,20.0,22.92530298233032,33.832788944244385,1.0,10.0,22.39998817443848,33.74138927459717,1.0
gaussian-7-Overlap,30000.0,50.0,0.012,8.0,50.0,58.58545732498169,33.80681347846985,1.0,32.0,22.67839407920837,34.2142915725708,1.0,20.0,22.3662703037262,34.041213274002075,1.0,10.0,22.3178927898407,34.36264252662659,1.0
gaussian-7-Overlap,30000.0,50.0,0.012,9.0,50.0,60.97285389900208,34.219831705093384,1.0,32.0,21.30640316009521,34.041579484939575,1.0,20.0,22.30363202095032,34.16733956336975,1.0,10.0,22.90183901786804,34.34560561180115,1.0
gaussian-7-Overlap,30000.0,50.0,0.012,10.0,50.0,65.75450372695923,34.54503035545349,1.0,32.0,22.27240347862244,34.725157499313354,1.0,20.0,22.295381784439087,34.53994655609131,1.0,10.0,22.562934398651123,34.52104473114014,1.0
gaussian-7-Overlap,30000.0,100.0,0.024,1.0,50.0,65.60450792312622,33.823408126831055,1.0,32.0,23.550781965255737,34.37844729423523,1.0,20.0,22.88190650939941,34.52901911735535,1.0,10.0,23.668591737747192,34.18924403190613,1.0
gaussian-7-Overlap,30000.0,100.0,0.024,2.0,50.0,63.47765684127808,33.57640838623047,1.0,32.0,22.567995309829712,33.50166583061218,1.0,20.0,22.61639308929444,33.676417112350464,1.0,10.0,23.99461579322815,33.84707832336426,1.0
gaussian-7-Overlap,30000.0,100.0,0.024,3.0,50.0,63.00813961029053,34.68507695198059,1.0,32.0,23.651076316833496,34.54226016998291,1.0,20.0,23.21376585960388,34.61363244056702,1.0,10.0,24.28437757492065,35.134557008743286,1.0
gaussian-7-Overlap,30000.0,100.0,0.024,4.0,50.0,61.325244665145874,33.645710945129395,1.0,32.0,23.211934566497803,33.99708676338196,1.0,20.0,22.6131374835968,33.31201791763306,1.0,10.0,23.323952674865723,33.313241958618164,1.0
gaussian-7-Overlap,30000.0,100.0,0.024,5.0,50.0,65.23143100738525,34.10250949859619,1.0,32.0,22.474610567092896,34.55340075492859,1.0,20.0,23.200745820999146,34.09602355957031,1.0,10.0,22.896931648254395,34.668673515319824,1.0
gaussian-7-Overlap,30000.0,100.0,0.024,6.0,50.0,62.37217164039612,33.32780575752258,1.0,32.0,22.38804316520691,35.54224419593811,1.0,20.0,23.188864707946777,34.70518636703491,1.0,10.0,23.32324981689453,32.87582874298096,1.0
gaussian-7-Overlap,30000.0,100.0,0.024,7.0,50.0,61.55593371391296,33.66837859153748,1.0,32.0,22.45791459083557,33.25070858001709,1.0,20.0,23.20753812789917,33.19466471672058,1.0,10.0,23.578798294067383,33.109529972076416,1.0
gaussian-7-Overlap,30000.0,100.0,0.024,8.0,50.0,63.11524820327759,34.514143228530884,1.0,32.0,22.650632858276367,34.41060996055603,1.0,20.0,23.69068050384521,34.295549154281616,1.0,10.0,22.94688129425049,34.4294490814209,1.0
gaussian-7-Overlap,30000.0,100.0,0.024,9.0,50.0,62.140538692474365,33.823084115982056,1.0,32.0,22.556978225708008,34.0134973526001,1.0,20.0,22.643268823623657,33.5667986869812,1.0,10.0,23.38052988052368,34.295210123062134,1.0
gaussian-7-Overlap,30000.0,100.0,0.024,10.0,50.0,64.51308536529541,33.764464378356934,1.0,32.0,23.184033155441284,33.731555223464966,1.0,20.0,23.595738887786865,33.72382211685181,1.0,10.0,24.43604302406311,33.6935818195343,1.0
gaussian-7-Overlap,30000.0,200.0,0.048,1.0,50.0,73.10455918312073,34.68392372131348,1.0,32.0,22.969885110855103,34.466535329818726,1.0,20.0,24.221281051635746,35.02422285079956,1.0,10.0,24.001608848571777,34.69218587875366,1.0
gaussian-7-Overlap,30000.0,200.0,0.048,2.0,50.0,70.72933959960938,35.19467329978943,1.0,32.0,23.813100814819336,34.8492796421051,1.0,20.0,22.983537435531616,35.19275879859924,1.0,10.0,24.00189518928528,35.01615786552429,1.0
gaussian-7-Overlap,30000.0,200.0,0.048,3.0,50.0,73.7769980430603,34.59958100318909,1.0,32.0,23.09261918067932,34.39251494407654,1.0,20.0,24.45674204826355,34.714235067367554,1.0,10.0,23.83099246025085,34.24248051643372,1.0
gaussian-7-Overlap,30000.0,200.0,0.048,4.0,50.0,69.75427508354187,34.46164560317993,1.0,32.0,22.82393264770508,34.21514296531677,1.0,20.0,23.48157358169556,34.355695962905884,1.0,10.0,23.9099440574646,34.68265914916992,1.0
gaussian-7-Overlap,30000.0,200.0,0.048,5.0,50.0,70.47941613197327,34.41668391227722,1.0,32.0,22.883192777633667,34.29080677032471,1.0,20.0,23.55132913589477,33.954732179641724,1.0,10.0,24.31765508651733,33.935593128204346,1.0
gaussian-7-Overlap,30000.0,200.0,0.048,6.0,50.0,77.6396255493164,34.72604179382324,1.0,32.0,24.642736673355103,35.00053572654724,1.0,20.0,25.31562829017639,34.58140063285828,1.0,10.0,26.089269161224365,34.63548684120178,1.0
gaussian-7-Overlap,30000.0,200.0,0.048,7.0,50.0,75.78935027122498,36.17569017410278,1.0,32.0,23.82883667945861,35.65036988258362,1.0,20.0,24.086143493652344,35.53457307815552,1.0,10.0,23.443655490875244,36.70759081840515,1.0
gaussian-7-Overlap,30000.0,200.0,0.048,8.0,50.0,75.81068110466003,35.40449333190918,1.0,32.0,23.25406074523925,35.005167722702026,1.0,20.0,23.80151963233948,36.54640483856201,1.0,10.0,24.00118088722229,35.42844223976135,1.0
gaussian-7-Overlap,30000.0,200.0,0.048,9.0,50.0,76.68667697906494,33.91727113723755,1.0,32.0,24.41220116615296,34.72569441795349,1.0,20.0,26.10015082359314,34.23979496955872,1.0,10.0,27.05000615119934,34.2987904548645,1.0
gaussian-7-Overlap,30000.0,200.0,0.048,10.0,50.0,79.87419533729553,33.957679271698,1.0,32.0,24.76732707023621,33.90920615196228,1.0,20.0,25.40369462966919,33.83712291717529,1.0,10.0,26.436298608779907,33.92535901069641,1.0
gaussian-7-Overlap,40000.0,10.0,0.0032,1.0,50.0,75.42040777206421,84.15392708778381,0.7520115403242378,32.0,30.93020796775818,81.28327941894531,0.7639698754881024,20.0,31.53505563735962,84.13891863822937,0.7740716467567118,10.0,33.42167925834656,84.09294772148132,0.783374996657669
gaussian-7-Overlap,40000.0,10.0,0.0032,2.0,50.0,75.08819675445557,80.8360652923584,0.9948367937920828,32.0,31.007307052612305,81.19425559043884,0.9975138745053108,20.0,31.380505800247192,81.50853252410889,0.99881576670092,10.0,30.38322257995605,78.33307099342346,0.999824226634912
gaussian-7-Overlap,40000.0,10.0,0.0032,3.0,50.0,72.53605961799622,78.20662021636963,0.9932553690429105,32.0,29.118849992752075,79.66786432266235,0.9961918820581424,20.0,30.08273911476136,78.70605182647705,0.998083127507811,10.0,30.98454999923706,78.76129198074341,0.9994048308911598
gaussian-7-Overlap,40000.0,10.0,0.0032,4.0,50.0,74.72686171531677,77.28571557998657,0.9997659418446452,32.0,29.479618310928345,77.05236840248108,0.9998038072023064,20.0,30.53787088394165,77.76338768005371,0.9997729244936782,10.0,32.07636785507202,76.77058935165405,0.9999131636720514
gaussian-7-Overlap,40000.0,10.0,0.0032,5.0,50.0,73.60569357872009,79.23722171783447,0.9986233311836362,32.0,29.43341588973999,89.10936403274536,0.9986412568128192,20.0,33.89072942733765,77.89533281326294,0.9987284111878656,10.0,32.38837552070618,78.62922024726868,0.9981746033639198
gaussian-7-Overlap,40000.0,10.0,0.0032,6.0,50.0,74.61379861831665,78.78703498840332,0.9988626159912256,32.0,29.88864088058472,78.53141355514526,0.9995908429174926,20.0,30.02392888069153,78.67966604232788,0.999399891021809,10.0,31.609193801879883,79.59237432479858,0.9994486323585452
gaussian-7-Overlap,40000.0,10.0,0.0032,7.0,50.0,76.08534216880798,78.16792678833008,0.8692139157080877,32.0,29.9716317653656,79.1702709197998,0.7823034525160953,20.0,31.701416730880737,78.98083329200745,0.7930627846306114,10.0,31.968708276748657,78.61981201171875,0.7950675551058262
gaussian-7-Overlap,40000.0,10.0,0.0032,8.0,50.0,71.11175513267517,78.36877465248108,0.9895622280898576,32.0,28.562535762786865,79.44091486930847,0.990843828534481,20.0,29.24777603149414,80.33048486709595,0.9929705043824216,10.0,29.904574632644653,94.53963851928712,0.9186086520481136
gaussian-7-Overlap,40000.0,10.0,0.0032,9.0,50.0,71.94627976417542,78.10313272476196,0.9909702106655238,32.0,27.985949516296387,77.3613166809082,0.9940250770966388,20.0,29.58479166030884,77.37166213989258,0.9943330871265392,10.0,30.62861967086792,77.1767909526825,0.9939207692932456
gaussian-7-Overlap,40000.0,10.0,0.0032,10.0,50.0,74.56533360481262,77.62786960601807,0.9979361324784584,32.0,30.098086833953857,77.92282176017761,0.9990871176070129,20.0,30.321397304534912,78.74665856361389,0.999519350169111,10.0,31.223516702651978,80.52887392044067,0.9999038370985632
gaussian-7-Overlap,40000.0,20.0,0.0064,1.0,50.0,86.22807717323303,82.4310290813446,0.9999826877740992,32.0,33.60718107223511,82.13118052482605,1.0,20.0,32.90603685379028,81.98207926750183,1.0,10.0,34.6889431476593,82.89398646354675,1.0
gaussian-7-Overlap,40000.0,20.0,0.0064,2.0,50.0,78.54952669143677,79.12579107284546,0.9996381626152316,32.0,31.78504467010498,80.5609700679779,0.9998272413785104,20.0,31.900134801864624,80.38696885108948,0.9998962455656412,10.0,32.541439056396484,79.8575541973114,0.9999653821074772
gaussian-7-Overlap,40000.0,20.0,0.0064,3.0,50.0,81.80934834480286,81.12283539772034,0.9998442128613372,32.0,31.83970618247986,81.55459904670715,0.999965367483116,20.0,34.25835156440735,81.94575905799866,0.9999826861011776,10.0,34.04778170585632,82.08399033546448,1.0
gaussian-7-Overlap,40000.0,20.0,0.0064,4.0,50.0,78.07638025283813,78.12125897407532,0.998932980230478,32.0,31.30483675003052,77.46626329421997,0.9995860396457206,20.0,32.04830265045166,77.52000451087952,0.9999203828710778,10.0,32.7557532787323,79.17568278312683,1.0
gaussian-7-Overlap,40000.0,20.0,0.0064,5.0,50.0,77.1052303314209,77.67483568191528,0.9998097706105638,32.0,30.561480045318604,80.78451728820801,0.99994808376891,20.0,31.900726795196533,77.189368724823,1.0,10.0,32.96794676780701,77.58565855026245,1.0
gaussian-7-Overlap,40000.0,20.0,0.0064,6.0,50.0,81.35575866699219,82.24901175498962,1.0,32.0,32.92680525779724,82.53186511993408,1.0,20.0,34.56382727622986,81.45059108734131,1.0,10.0,34.049479961395264,81.55565166473389,1.0
gaussian-7-Overlap,40000.0,20.0,0.0064,7.0,50.0,80.2320454120636,81.08830451965332,1.0,32.0,32.69961977005005,82.56935739517212,1.0,20.0,32.343189001083374,80.9905858039856,1.0,10.0,33.47561955451965,81.0291473865509,1.0
gaussian-7-Overlap,40000.0,20.0,0.0064,8.0,50.0,80.37452554702759,80.57793831825256,0.9998788468526444,32.0,31.63745307922364,81.37306237220764,0.999965367586046,20.0,32.11923360824585,81.91363048553467,0.999965367586046,10.0,32.59003233909607,82.51841521263123,0.9999826861526347
gaussian-7-Overlap,40000.0,20.0,0.0064,9.0,50.0,80.7132408618927,82.94024968147278,1.0,32.0,31.825665712356567,81.29527258872986,1.0,20.0,32.987621545791626,81.59943532943726,1.0,10.0,33.51543140411377,86.13549399375916,1.0
gaussian-7-Overlap,40000.0,20.0,0.0064,10.0,50.0,82.00551652908325,82.64513754844666,0.999965367685856,32.0,32.28062438964844,82.80917239189148,0.999982686202532,20.0,31.457637071609497,82.81737947463989,1.0,10.0,32.28988456726074,82.16475224494934,1.0
gaussian-7-Overlap,40000.0,50.0,0.016,1.0,50.0,93.4712691307068,78.9302613735199,1.0,32.0,34.76922631263733,79.46125102043152,1.0,20.0,36.39039993286133,79.26608633995056,1.0,10.0,37.926058530807495,80.212975025177,1.0
gaussian-7-Overlap,40000.0,50.0,0.016,2.0,50.0,92.4231960773468,79.39680886268616,1.0,32.0,35.38623285293579,94.28065752983092,1.0,20.0,49.05667185783386,101.99427485466003,1.0,10.0,42.24603223800659,98.87007999420166,1.0
gaussian-7-Overlap,40000.0,50.0,0.016,3.0,50.0,86.79534602165222,81.01284599304199,1.0,32.0,33.02061581611633,81.23717617988586,1.0,20.0,33.507747650146484,80.96962451934814,1.0,10.0,35.800586462020874,80.36458563804626,1.0
gaussian-7-Overlap,40000.0,50.0,0.016,4.0,50.0,88.09057068824768,81.28011274337769,1.0,32.0,32.695046186447144,107.47946095466614,1.0,20.0,36.11043429374695,80.792564868927,1.0,10.0,34.66599726676941,82.29325413703918,1.0
gaussian-7-Overlap,40000.0,50.0,0.016,5.0,50.0,90.05370378494263,82.08017897605896,1.0,32.0,34.34067153930664,78.90569353103638,1.0,20.0,35.87587261199951,77.42394876480103,1.0,10.0,36.069491147995,96.61673426628111,1.0
gaussian-7-Overlap,40000.0,50.0,0.016,6.0,50.0,93.05915999412537,84.76978659629822,1.0,32.0,37.334389209747314,84.80207395553589,1.0,20.0,39.61014103889465,80.58007097244263,1.0,10.0,34.78434205055237,80.3385055065155,1.0
gaussian-7-Overlap,40000.0,50.0,0.016,7.0,50.0,90.78732872009276,79.15256643295288,1.0,32.0,35.11784553527832,77.91065001487732,1.0,20.0,36.05136394500733,80.15570139884949,1.0,10.0,36.08517646789551,79.13724994659424,1.0
gaussian-7-Overlap,40000.0,50.0,0.016,8.0,50.0,87.61983275413513,76.56932091712952,1.0,32.0,35.14943218231201,78.13149833679199,1.0,20.0,35.90041470527649,82.04782485961914,1.0,10.0,37.91561770439148,88.05283308029175,1.0
gaussian-7-Overlap,40000.0,50.0,0.016,9.0,50.0,86.84244894981384,78.18306684494019,1.0,32.0,35.83373761177063,78.42660617828369,1.0,20.0,34.10099172592163,78.13509726524353,1.0,10.0,36.329113721847534,93.87730884552002,1.0
gaussian-7-Overlap,40000.0,50.0,0.016,10.0,50.0,90.90995740890504,78.9672908782959,1.0,32.0,34.36829137802124,79.17456936836243,1.0,20.0,35.3889479637146,77.88637137413025,1.0,10.0,35.96202540397644,79.26243305206299,1.0
gaussian-7-Overlap,40000.0,100.0,0.032,1.0,50.0,105.41547799110413,85.65759778022766,1.0,32.0,40.08103680610657,102.74409866333008,1.0,20.0,39.68989229202271,107.27126812934875,1.0,10.0,41.10532522201538,80.87835812568665,1.0
gaussian-7-Overlap,40000.0,100.0,0.032,2.0,50.0,96.31615495681764,79.58597445487976,1.0,32.0,35.77390384674072,80.16306686401367,1.0,20.0,36.93867516517639,98.44194960594176,1.0,10.0,51.55265974998474,104.65726137161256,1.0
gaussian-7-Overlap,40000.0,100.0,0.032,3.0,50.0,93.13847303390504,80.39694356918335,1.0,32.0,35.96452975273132,80.10644221305847,1.0,20.0,35.07736325263977,79.2765109539032,1.0,10.0,35.02616763114929,78.65507507324219,1.0
gaussian-7-Overlap,40000.0,100.0,0.032,4.0,50.0,94.3367931842804,81.16976237297058,1.0,32.0,33.921966791152954,80.18178868293762,1.0,20.0,36.15862631797791,81.3632824420929,1.0,10.0,36.90935158729553,82.42941355705261,1.0
gaussian-7-Overlap,40000.0,100.0,0.032,5.0,50.0,91.15869975090028,83.56910181045532,1.0,32.0,35.32665801048279,93.9824995994568,1.0,20.0,34.74931836128235,83.15723705291748,1.0,10.0,35.9292938709259,86.10198998451233,1.0
gaussian-7-Overlap,40000.0,100.0,0.032,6.0,50.0,92.79989743232728,77.90097498893738,1.0,32.0,36.22722935676575,77.28483581542969,1.0,20.0,34.58253240585327,92.4505364894867,1.0,10.0,44.31278562545776,91.63894319534302,1.0
gaussian-7-Overlap,40000.0,100.0,0.032,7.0,50.0,92.5597803592682,78.39018988609314,1.0,32.0,34.428539991378784,78.89048910140991,1.0,20.0,36.21813416481018,79.59971642494202,1.0,10.0,36.96132969856262,78.87394428253174,1.0
gaussian-7-Overlap,40000.0,100.0,0.032,8.0,50.0,98.69798707962036,83.84946179389954,1.0,32.0,34.78877401351929,81.2201042175293,1.0,20.0,34.09557271003723,81.6366331577301,1.0,10.0,35.71690511703491,90.25780868530272,1.0
gaussian-7-Overlap,40000.0,100.0,0.032,9.0,50.0,93.7424840927124,84.08783388137817,1.0,32.0,35.011621713638306,84.04680490493774,1.0,20.0,35.153812885284424,111.4312174320221,1.0,10.0,40.96161079406738,100.71271109580994,1.0
gaussian-7-Overlap,40000.0,100.0,0.032,10.0,50.0,99.01178979873656,80.09173703193665,1.0,32.0,35.56012511253357,79.1319727897644,1.0,20.0,36.58764886856079,80.90074968338013,1.0,10.0,38.859017848968506,78.92167925834656,1.0
gaussian-7-Overlap,40000.0,200.0,0.064,1.0,50.0,116.13138031959534,77.81293201446533,1.0,32.0,35.56956338882446,79.08056092262268,1.0,20.0,38.48862552642822,79.11804819107056,1.0,10.0,37.983917236328125,77.67650508880615,1.0
gaussian-7-Overlap,40000.0,200.0,0.064,2.0,50.0,115.56400847434998,78.63077306747437,1.0,32.0,36.14823579788208,78.32870244979858,1.0,20.0,36.355916261672974,78.75485873222351,1.0,10.0,37.38465046882629,78.045654296875,1.0
gaussian-7-Overlap,40000.0,200.0,0.064,3.0,50.0,111.56611776351927,76.93792033195496,1.0,32.0,35.42603826522827,85.39219546318054,1.0,20.0,45.93439245223999,93.66617679595949,1.0,10.0,44.7669038772583,95.30937957763672,1.0
gaussian-7-Overlap,40000.0,200.0,0.064,4.0,50.0,114.42074847221376,84.49934792518616,1.0,32.0,36.4497754573822,92.80185794830322,1.0,20.0,45.22154474258423,93.9161298274994,1.0,10.0,46.33152651786804,96.8607542514801,1.0
gaussian-7-Overlap,40000.0,200.0,0.064,5.0,50.0,112.18149948120116,77.95268225669861,1.0,32.0,35.32927966117859,78.12763118743896,1.0,20.0,37.292540073394775,78.1137146949768,1.0,10.0,39.389639377594,77.40820479393005,1.0
gaussian-7-Overlap,40000.0,200.0,0.064,6.0,50.0,112.82775330543518,78.30202341079712,1.0,32.0,36.08376383781433,77.51980113983154,1.0,20.0,37.66653084754944,78.73037457466125,1.0,10.0,37.59090662002564,78.36011505126953,1.0
gaussian-7-Overlap,40000.0,200.0,0.064,7.0,50.0,120.85496425628662,78.93044829368591,1.0,32.0,35.84755992889404,78.573486328125,1.0,20.0,37.807883977890015,91.65852189064026,1.0,10.0,49.25730991363525,84.2333116531372,1.0
gaussian-7-Overlap,40000.0,200.0,0.064,8.0,50.0,113.03415489196776,77.45787262916565,1.0,32.0,36.07057070732117,77.62418985366821,1.0,20.0,36.45909857749939,78.77893924713135,1.0,10.0,36.21704936027527,77.87096953392029,1.0
gaussian-7-Overlap,40000.0,200.0,0.064,9.0,50.0,132.17650246620178,88.587641954422,1.0,32.0,39.89318346977234,88.3563768863678,1.0,20.0,40.91339540481568,88.14227986335754,1.0,10.0,46.2795889377594,95.24932670593262,1.0
gaussian-7-Overlap,40000.0,200.0,0.064,10,50.0,111.22061491012573,78.18987369537354,1.0,32.0,35.68268394470215,78.54128289222717,1.0,20.0,37.38304281234741,77.82610058784485,1.0,10.0,36.94631481170654,78.09152245521545,1.0
