Name,N_sample,Dim,Size (GB),id,mpts_Iter-0,Time_Iter-0_coresg,Time_Iter-0_hdbscan,ARI_Iter-0,TED_Iter-0,mpts_Iter-1,Time_Iter-1_coresg,Time_Iter-1_hdbscan,ARI_Iter-1,TED_Iter-1,mpts_Iter-2,Time_Iter-2_coresg,Time_Iter-2_hdbscan,ARI_Iter-2,TED_Iter-2,mpts_Iter-3,Time_Iter-3_coresg,Time_Iter-3_hdbscan,ARI_Iter-3,TED_Iter-3
gaussian-7-noOverlap,5000.0,10.0,0.0004,1.0,50.0,12.87878704071045,1.4148154258728027,1.0,164.0,32.0,3.300224542617798,1.433253288269043,1.0,140.0,20.0,3.587437391281128,1.4149038791656494,1.0,136.0,10.0,3.7228071689605713,1.4198393821716309,1.0,124.0
gaussian-7-noOverlap,5000.0,10.0,0.0004,2.0,50.0,14.21078896522522,1.523017406463623,1.0,327.0,32.0,5.087388277053833,1.6012609004974363,1.0,367.0,20.0,4.092616558074951,1.5608127117156982,1.0,364.0,10.0,4.3337767124176025,1.533205509185791,1.0,364.0
gaussian-7-noOverlap,5000.0,10.0,0.0004,3.0,50.0,12.647021293640137,1.4629404544830322,1.0,211.0,32.0,3.3801543712615967,1.4353797435760498,1.0,205.0,20.0,3.73649001121521,1.471017837524414,1.0,247.0,10.0,3.81041955947876,1.4513881206512451,1.0,223.0
gaussian-7-noOverlap,5000.0,10.0,0.0004,4.0,50.0,12.611465215682983,1.4463777542114258,1.0,74.0,32.0,3.71624755859375,1.4502921104431152,1.0,76.0,20.0,3.83498215675354,1.4299581050872805,1.0,47.0,10.0,4.004707336425781,1.4325971603393557,1.0,69.0
gaussian-7-noOverlap,5000.0,10.0,0.0004,5.0,50.0,13.102838039398192,1.4521870613098145,1.0,195.0,32.0,3.375159502029419,1.4181764125823977,1.0,181.0,20.0,3.690773248672485,1.41650390625,1.0,277.0,10.0,3.764560461044312,1.469505786895752,1.0,135.0
gaussian-7-noOverlap,5000.0,10.0,0.0004,6.0,50.0,13.153053760528564,1.480978012084961,1.0,457.0,32.0,3.386785984039306,1.4133245944976809,1.0,278.0,20.0,3.763207674026489,1.3950088024139404,1.0,161.0,10.0,3.829487562179565,1.4034461975097656,1.0,134.0
gaussian-7-noOverlap,5000.0,10.0,0.0004,7.0,50.0,12.342533111572266,1.4321579933166504,1.0,77.0,32.0,3.7100441455841056,1.4351081848144531,1.0,83.0,20.0,3.725407361984253,1.430176019668579,1.0,78.0,10.0,3.795409440994263,1.4304170608520508,1.0,87.0
gaussian-7-noOverlap,5000.0,10.0,0.0004,8.0,50.0,12.528078079223633,1.4032299518585205,1.0,230.0,32.0,3.353748321533203,1.4235448837280271,1.0,222.0,20.0,3.690905570983887,1.4301702976226809,1.0,232.0,10.0,3.77755618095398,1.4049296379089355,1.0,172.0
gaussian-7-noOverlap,5000.0,10.0,0.0004,9.0,50.0,12.526442050933838,1.383347988128662,1.0,404.0,32.0,3.3833298683166504,1.4253580570220947,1.0,245.0,20.0,3.774058103561402,1.4429473876953125,1.0,243.0,10.0,3.7758281230926514,1.3894281387329102,1.0,203.0
gaussian-7-noOverlap,5000.0,10.0,0.0004,10.0,50.0,12.568992614746094,1.4236571788787842,1.0,168.0,32.0,3.62187385559082,1.4108381271362305,1.0,104.0,20.0,3.6554787158966064,1.4092724323272705,1.0,118.0,10.0,3.720349550247192,1.4234569072723389,1.0,80.0
gaussian-7-noOverlap,5000.0,20.0,0.0008,1.0,50.0,14.620958805084229,1.5396957397460938,0.6634831961242581,106.0,32.0,4.170993089675903,1.510608434677124,1.0,98.0,20.0,4.158396482467651,1.5133028030395508,1.0,102.0,10.0,4.249208688735962,1.5384652614593506,1.0,192.0
gaussian-7-noOverlap,5000.0,20.0,0.0008,2.0,50.0,13.202012300491331,1.430788278579712,1.0,457.0,32.0,3.896023750305176,1.4363131523132324,1.0,260.0,20.0,3.8803560733795166,1.4478542804718018,1.0,490.0,10.0,4.233697175979614,1.4393315315246582,1.0,510.0
gaussian-7-noOverlap,5000.0,20.0,0.0008,3.0,50.0,14.619215965270996,1.5026142597198486,1.0,344.0,32.0,4.1313252449035645,1.497560739517212,1.0,357.0,20.0,4.1716084480285645,1.5171406269073486,1.0,343.0,10.0,4.1753010749816895,1.4753639698028564,1.0,135.0
gaussian-7-noOverlap,5000.0,20.0,0.0008,4.0,50.0,12.822166919708252,1.418497085571289,1.0,370.0,32.0,3.8779163360595694,1.428013801574707,1.0,380.0,20.0,3.933110237121582,1.42069411277771,1.0,426.0,10.0,3.990021228790283,1.42252779006958,1.0,240.0
gaussian-7-noOverlap,5000.0,20.0,0.0008,5.0,50.0,12.914411783218384,1.4680547714233398,1.0,184.0,32.0,3.776722192764282,1.3868916034698486,1.0,153.0,20.0,3.809396982192993,1.4176015853881836,1.0,145.0,10.0,3.861268758773804,1.4168133735656738,1.0,164.0
gaussian-7-noOverlap,5000.0,20.0,0.0008,6.0,50.0,15.061221361160278,1.59322190284729,1.0,125.0,32.0,4.19927453994751,1.510145902633667,1.0,435.0,20.0,3.78090500831604,1.5261270999908447,1.0,247.0,10.0,4.5320446491241455,1.738987684249878,1.0,413.0
gaussian-7-noOverlap,5000.0,20.0,0.0008,7.0,50.0,13.498782634735107,1.4384617805480957,1.0,552.0,32.0,3.849526643753052,1.4245812892913818,1.0,487.0,20.0,3.912778377532959,1.425467014312744,1.0,344.0,10.0,3.93906044960022,1.4023406505584717,1.0,261.0
gaussian-7-noOverlap,5000.0,20.0,0.0008,8.0,50.0,13.087222337722778,1.462550401687622,1.0,568.0,32.0,3.551970958709717,1.4361913204193115,1.0,394.0,20.0,3.900457620620728,1.4484186172485352,1.0,648.0,10.0,3.946489572525024,1.4820146560668943,1.0,354.0
gaussian-7-noOverlap,5000.0,20.0,0.0008,9.0,50.0,14.26802897453308,1.5415287017822266,1.0,177.0,32.0,4.128815174102783,1.5229167938232422,1.0,188.0,20.0,4.150204658508301,1.5480449199676514,1.0,221.0,10.0,4.205570459365845,1.5621299743652344,1.0,229.0
gaussian-7-noOverlap,5000.0,20.0,0.0008,10.0,50.0,13.032404661178589,1.470583438873291,1.0,306.0,32.0,3.803574562072754,1.4589550495147705,1.0,280.0,20.0,3.9386990070343018,1.4123857021331787,1.0,334.0,10.0,4.214083909988403,1.4221653938293457,1.0,120.0
gaussian-7-noOverlap,5000.0,50.0,0.002,1.0,50.0,13.653965950012209,1.430516481399536,1.0,815.0,32.0,3.903463363647461,1.431351900100708,1.0,591.0,20.0,4.092341423034668,1.4656696319580078,1.0,254.0,10.0,4.015176057815552,1.4531800746917725,1.0,317.0
gaussian-7-noOverlap,5000.0,50.0,0.002,2.0,50.0,13.556159973144531,1.4125893115997314,1.0,337.0,32.0,3.90846848487854,1.4462080001831057,1.0,202.0,20.0,3.906230926513672,1.449460744857788,1.0,370.0,10.0,3.9635009765625,1.4269351959228516,1.0,209.0
gaussian-7-noOverlap,5000.0,50.0,0.002,3.0,50.0,13.943063735961914,1.4104225635528564,1.0,1115.0,32.0,4.104898452758789,1.4216182231903076,1.0,1036.0,20.0,4.064305543899536,1.421701431274414,1.0,702.0,10.0,4.327287673950195,1.4651708602905271,1.0,701.0
gaussian-7-noOverlap,5000.0,50.0,0.002,4.0,50.0,14.505782842636108,1.4798932075500488,1.0,1129.0,32.0,4.037631511688232,1.457019329071045,1.0,855.0,20.0,4.005682229995728,1.4458396434783936,1.0,572.0,10.0,4.0165441036224365,1.437781572341919,1.0,460.0
gaussian-7-noOverlap,5000.0,50.0,0.002,5.0,50.0,14.049641609191896,1.4381563663482666,1.0,110.0,32.0,3.9989285469055176,1.4626686573028564,1.0,144.0,20.0,4.269129037857056,1.4948723316192627,1.0,334.0,10.0,4.345262050628662,1.5016884803771973,1.0,181.0
gaussian-7-noOverlap,5000.0,50.0,0.002,6.0,50.0,13.729307413101196,1.5004677772521973,1.0,168.0,32.0,3.9714043140411377,1.4317080974578855,1.0,207.0,20.0,4.013570785522461,1.4092414379119873,1.0,148.0,10.0,4.095896005630493,1.4066100120544434,1.0,148.0
gaussian-7-noOverlap,5000.0,50.0,0.002,7.0,50.0,13.729084730148315,1.4534430503845217,1.0,250.0,32.0,3.997782230377197,1.4109983444213867,1.0,254.0,20.0,3.993992567062378,1.4045546054840088,1.0,120.0,10.0,4.0207507610321045,1.4162235260009766,1.0,314.0
gaussian-7-noOverlap,5000.0,50.0,0.002,8.0,50.0,15.605795860290527,1.5372097492218018,1.0,94.0,32.0,4.3840765953063965,1.551764965057373,1.0,91.0,20.0,4.6369829177856445,1.5180799961090088,1.0,105.0,10.0,4.331789493560791,1.5035669803619385,1.0,254.0
gaussian-7-noOverlap,5000.0,50.0,0.002,9.0,50.0,13.609838485717772,1.4165170192718506,1.0,388.0,32.0,3.870623826980591,1.4263267517089844,1.0,309.0,20.0,4.225393533706665,1.5185775756835938,1.0,215.0,10.0,4.531399726867676,1.463625431060791,1.0,224.0
gaussian-7-noOverlap,5000.0,50.0,0.002,10.0,50.0,13.652326345443726,1.440605640411377,1.0,144.0,32.0,4.14908504486084,1.4164390563964844,1.0,543.0,20.0,4.226503133773804,1.4646031856536863,1.0,393.0,10.0,4.077714681625366,1.393561601638794,1.0,343.0
gaussian-7-noOverlap,5000.0,100.0,0.004,1.0,50.0,13.74811625480652,1.467139720916748,1.0,352.0,32.0,4.002073526382446,1.4571244716644287,1.0,361.0,20.0,4.551431179046631,1.5597903728485107,1.0,269.0,10.0,4.335203409194946,1.5031499862670898,1.0,325.0
gaussian-7-noOverlap,5000.0,100.0,0.004,2.0,50.0,13.481876850128174,1.459664821624756,1.0,191.0,32.0,4.194568872451782,1.4053101539611816,1.0,192.0,20.0,4.05183744430542,1.4354140758514404,1.0,166.0,10.0,4.150679588317871,1.3683359622955322,1.0,274.0
gaussian-7-noOverlap,5000.0,100.0,0.004,3.0,50.0,13.196352005004885,1.4745445251464844,1.0,346.0,32.0,3.84654688835144,1.435861587524414,1.0,288.0,20.0,3.8498997688293457,1.4336979389190674,1.0,274.0,10.0,3.921099185943604,1.405811071395874,1.0,296.0
gaussian-7-noOverlap,5000.0,100.0,0.004,4.0,50.0,13.274811267852783,1.4465172290802002,1.0,330.0,32.0,3.828876495361328,1.4258568286895752,1.0,444.0,20.0,3.9258062839508057,1.388793706893921,1.0,457.0,10.0,3.874356746673584,1.4011051654815674,1.0,379.0
gaussian-7-noOverlap,5000.0,100.0,0.004,5.0,50.0,13.667874336242676,1.3839643001556396,1.0,1196.0,32.0,3.935106039047241,1.4419968128204346,1.0,860.0,20.0,3.991256475448608,1.402886152267456,1.0,600.0,10.0,4.285954475402832,1.4174566268920898,1.0,326.0
gaussian-7-noOverlap,5000.0,100.0,0.004,6.0,50.0,13.76256513595581,1.46946120262146,1.0,248.0,32.0,4.182335138320923,1.4727463722229004,1.0,262.0,20.0,4.102530956268311,1.426260471343994,1.0,172.0,10.0,3.885342597961426,1.4179134368896484,1.0,158.0
gaussian-7-noOverlap,5000.0,100.0,0.004,7.0,50.0,13.986490964889526,1.471393346786499,1.0,808.0,32.0,4.004092693328857,1.397592067718506,1.0,791.0,20.0,4.0282745361328125,1.4038424491882324,1.0,652.0,10.0,4.1282360553741455,1.4784502983093262,1.0,695.0
gaussian-7-noOverlap,5000.0,100.0,0.004,8.0,50.0,14.17056369781494,1.491319179534912,1.0,538.0,32.0,4.073119640350342,1.4120278358459473,1.0,522.0,20.0,4.292135238647461,1.422170877456665,1.0,404.0,10.0,4.062010049819946,1.4315097332000732,1.0,454.0
gaussian-7-noOverlap,5000.0,100.0,0.004,9.0,50.0,13.860317945480348,1.559765338897705,1.0,781.0,32.0,4.058365106582642,1.4970064163208008,1.0,828.0,20.0,4.0410027503967285,1.3880269527435305,1.0,376.0,10.0,4.4474196434021,1.4233677387237549,1.0,262.0
gaussian-7-noOverlap,5000.0,100.0,0.004,10.0,50.0,13.936250925064089,1.4787111282348633,1.0,144.0,32.0,4.3146727085113525,1.415816307067871,1.0,138.0,20.0,4.154353380203247,1.388744592666626,1.0,154.0,10.0,4.383113384246826,1.4207360744476318,1.0,182.0
gaussian-7-noOverlap,5000.0,200.0,0.008,1.0,50.0,14.253254413604736,1.5283513069152832,1.0,334.0,32.0,4.135596752166748,1.421278715133667,1.0,870.0,20.0,4.37375545501709,1.4676806926727295,1.0,730.0,10.0,4.425440788269043,1.4885430335998535,1.0,995.0
gaussian-7-noOverlap,5000.0,200.0,0.008,2.0,50.0,14.36004900932312,1.4948186874389648,1.0,1089.0,32.0,4.150165557861328,1.3980026245117188,1.0,982.0,20.0,4.128965377807617,1.4711346626281738,1.0,885.0,10.0,4.096312522888184,1.4089038372039795,1.0,346.0
gaussian-7-noOverlap,5000.0,200.0,0.008,3.0,50.0,15.396666526794434,1.5524907112121582,1.0,304.0,32.0,4.27518892288208,1.443828582763672,1.0,318.0,20.0,4.089825868606567,1.3939776420593262,1.0,285.0,10.0,4.035131216049194,1.4647505283355713,1.0,331.0
gaussian-7-noOverlap,5000.0,200.0,0.008,4.0,50.0,14.35207462310791,1.5117411613464355,1.0,766.0,32.0,4.18735146522522,1.5223274230957031,1.0,816.0,20.0,4.691960573196411,1.5450963973999023,1.0,640.0,10.0,4.661026954650879,1.5699357986450195,1.0,588.0
gaussian-7-noOverlap,5000.0,200.0,0.008,5.0,50.0,15.218626976013184,1.5286104679107666,1.0,319.0,32.0,4.453942775726318,1.459552526473999,1.0,215.0,20.0,4.260155439376831,1.3844172954559326,1.0,230.0,10.0,4.986466884613037,1.521655797958374,1.0,260.0
gaussian-7-noOverlap,5000.0,200.0,0.008,6.0,50.0,14.226954460144045,1.4797277450561523,1.0,466.0,32.0,4.045509576797485,1.3785896301269531,1.0,334.0,20.0,4.349906921386719,1.4079277515411377,1.0,438.0,10.0,4.520425081253052,1.4265990257263184,1.0,342.0
gaussian-7-noOverlap,5000.0,200.0,0.008,7.0,50.0,14.353649854660034,1.4788012504577637,1.0,216.0,32.0,4.438342332839966,1.4095854759216309,1.0,252.0,20.0,4.098702907562256,1.4267611503601074,1.0,58.0,10.0,4.138406276702881,1.4183640480041504,1.0,202.0
gaussian-7-noOverlap,5000.0,200.0,0.008,8.0,50.0,14.03639554977417,1.496079444885254,1.0,550.0,32.0,4.069233179092407,1.427936553955078,1.0,404.0,20.0,4.388167858123779,1.399675369262695,1.0,459.0,10.0,4.391300201416016,1.4358983039855957,1.0,320.0
gaussian-7-noOverlap,5000.0,200.0,0.008,9.0,50.0,14.063872337341309,1.5199909210205078,1.0,703.0,32.0,4.101912260055542,1.4495816230773926,1.0,636.0,20.0,3.905555009841919,1.4093387126922607,1.0,436.0,10.0,4.374318361282349,1.4170958995819092,1.0,420.0
gaussian-7-noOverlap,5000.0,200.0,0.008,10.0,50.0,14.345016956329346,1.4560925960540771,1.0,487.0,32.0,4.026617765426636,1.407949447631836,1.0,335.0,20.0,3.881067276000977,1.3868250846862793,1.0,338.0,10.0,4.026333570480347,1.360321044921875,1.0,292.0
gaussian-7-noOverlap,10000.0,10.0,0.0008,1.0,50.0,24.64148092269897,4.954384326934815,1.0,144.0,32.0,7.997765779495239,4.9461095333099365,1.0,121.0,20.0,8.114012241363525,4.962378978729248,1.0,146.0,10.0,8.156510591506958,5.1796956062316895,1.0,142.0
gaussian-7-noOverlap,10000.0,10.0,0.0008,2.0,50.0,27.525580167770386,5.331026077270508,1.0,484.0,32.0,8.568803787231445,5.12719464302063,1.0,256.0,20.0,8.904707193374634,5.239859104156494,1.0,156.0,10.0,8.848644256591797,5.056078910827637,1.0,168.0
gaussian-7-noOverlap,10000.0,10.0,0.0008,3.0,50.0,24.076213359832764,5.159904479980469,1.0,58.0,32.0,8.076598405838013,5.342454195022583,1.0,28.0,20.0,8.811657428741455,5.244019746780396,1.0,26.0,10.0,8.822410106658936,5.28146505355835,1.0,36.0
gaussian-7-noOverlap,10000.0,10.0,0.0008,4.0,50.0,24.28303337097168,5.318826675415039,1.0,265.0,32.0,8.660644769668579,5.225446462631226,1.0,163.0,20.0,8.326322078704834,5.25033450126648,1.0,135.0,10.0,9.287461996078491,5.2310285568237305,1.0,113.0
gaussian-7-noOverlap,10000.0,10.0,0.0008,5.0,50.0,24.743702173233032,5.615291357040405,1.0,206.0,32.0,7.987952947616577,5.17313551902771,1.0,220.0,20.0,7.712007522583008,4.922117233276367,1.0,224.0,10.0,8.192035436630249,5.205519676208496,1.0,174.0
gaussian-7-noOverlap,10000.0,10.0,0.0008,6.0,50.0,24.725185871124268,4.971135854721069,1.0,64.0,32.0,7.963765144348144,4.761796236038208,1.0,130.0,20.0,8.564356088638306,4.874728202819824,1.0,128.0,10.0,8.173732280731201,4.9400811195373535,1.0,64.0
gaussian-7-noOverlap,10000.0,10.0,0.0008,7.0,50.0,23.833616971969604,4.982829809188843,1.0,609.0,32.0,8.001722812652588,5.028497695922852,1.0,235.0,20.0,8.144714117050171,4.908263921737671,1.0,130.0,10.0,8.158738374710083,4.949697256088257,1.0,156.0
gaussian-7-noOverlap,10000.0,10.0,0.0008,8.0,50.0,23.82245922088623,5.138827085494995,1.0,669.0,32.0,8.010767698287964,5.257673501968384,1.0,521.0,20.0,8.094265937805176,5.084650754928589,1.0,332.0,10.0,8.208859205245972,4.99680757522583,1.0,502.0
gaussian-7-noOverlap,10000.0,10.0,0.0008,9.0,50.0,23.985422372818,5.145269393920898,1.0,259.0,32.0,8.109901428222656,4.984780311584473,1.0,238.0,20.0,7.6806254386901855,4.916590452194214,1.0,209.0,10.0,8.259113073348999,4.916651010513306,1.0,180.0
gaussian-7-noOverlap,10000.0,10.0,0.0008,10.0,50.0,23.92726445198059,5.029294967651367,1.0,257.0,32.0,7.60141658782959,4.977351427078247,1.0,187.0,20.0,8.774632930755615,4.994196891784668,1.0,135.0,10.0,8.635434627532959,4.975288152694702,1.0,120.0
gaussian-7-noOverlap,10000.0,20.0,0.0016,1.0,50.0,26.625988245010376,5.16518759727478,1.0,345.0,32.0,8.764512300491333,5.073917388916016,1.0,411.0,20.0,9.027464151382446,5.1039135456085205,1.0,284.0,10.0,9.04195761680603,5.285431861877441,1.0,310.0
gaussian-7-noOverlap,10000.0,20.0,0.0016,2.0,50.0,26.871744871139526,4.888874053955078,1.0,403.0,32.0,8.833831548690796,4.6896514892578125,1.0,410.0,20.0,8.876376867294312,4.769834518432617,1.0,181.0,10.0,8.848608493804932,4.795984745025635,1.0,166.0
gaussian-7-noOverlap,10000.0,20.0,0.0016,3.0,50.0,26.00281381607056,5.258902549743652,1.0,492.0,32.0,8.779552936553955,4.947767734527588,1.0,284.0,20.0,8.745620012283325,4.97464656829834,1.0,350.0,10.0,8.713655948638916,4.88158655166626,1.0,357.0
gaussian-7-noOverlap,10000.0,20.0,0.0016,4.0,50.0,28.71017909049988,5.158003807067871,1.0,734.0,32.0,8.133675575256348,5.402776718139648,1.0,440.0,20.0,9.529586553573608,5.157644510269165,1.0,147.0,10.0,8.730822563171387,5.254024028778076,1.0,209.0
gaussian-7-noOverlap,10000.0,20.0,0.0016,5.0,50.0,29.6024169921875,5.316251516342163,1.0,345.0,32.0,9.577187061309814,4.945916891098023,1.0,241.0,20.0,9.438815116882324,5.028092384338379,1.0,218.0,10.0,9.614943742752075,5.203140735626221,1.0,217.0
gaussian-7-noOverlap,10000.0,20.0,0.0016,6.0,50.0,25.751595973968502,4.9563422203063965,1.0,310.0,32.0,8.751537799835205,5.155330657958984,1.0,313.0,20.0,9.887756109237673,5.144285440444946,1.0,305.0,10.0,9.628555297851562,4.95575737953186,1.0,279.0
gaussian-7-noOverlap,10000.0,20.0,0.0016,7.0,50.0,26.728331327438354,4.9257237911224365,1.0,218.0,32.0,8.677501440048218,4.999885320663452,1.0,174.0,20.0,9.453402280807495,4.855398178100586,1.0,214.0,10.0,8.868144750595093,4.8481104373931885,1.0,146.0
gaussian-7-noOverlap,10000.0,20.0,0.0016,8.0,50.0,27.940813779830933,4.923604249954224,1.0,468.0,32.0,8.321237802505493,4.781365871429443,1.0,531.0,20.0,8.955416440963745,4.801571130752564,1.0,482.0,10.0,9.04861330986023,4.943481206893921,1.0,212.0
gaussian-7-noOverlap,10000.0,20.0,0.0016,9.0,50.0,26.748491764068604,4.950164079666138,1.0,725.0,32.0,8.733223915100098,4.858939409255981,1.0,359.0,20.0,8.817238092422485,4.8543336391448975,1.0,430.0,10.0,8.866177797317505,4.919589042663574,1.0,299.0
gaussian-7-noOverlap,10000.0,20.0,0.0016,10.0,50.0,28.40743136405945,5.224494934082031,1.0,460.0,32.0,8.166712284088135,5.1534833908081055,1.0,346.0,20.0,8.88261604309082,5.165211200714111,1.0,226.0,10.0,8.694328308105469,4.894051790237427,1.0,234.0
gaussian-7-noOverlap,10000.0,50.0,0.004,1.0,50.0,27.07608413696289,4.849844932556152,1.0,241.0,32.0,9.076399564743042,4.856707572937012,1.0,226.0,20.0,8.875051736831665,4.869580507278442,1.0,249.0,10.0,9.073235273361206,4.8180131912231445,1.0,194.0
gaussian-7-noOverlap,10000.0,50.0,0.004,2.0,50.0,27.321839332580566,5.18605637550354,1.0,612.0,32.0,9.14634895324707,5.124598979949951,1.0,450.0,20.0,9.761488437652588,4.919793367385864,1.0,598.0,10.0,9.388218402862549,5.186398983001709,1.0,348.0
gaussian-7-noOverlap,10000.0,50.0,0.004,3.0,50.0,26.041834354400635,4.802511692047119,1.0,547.0,32.0,9.08509349822998,5.027744293212891,1.0,510.0,20.0,8.7310950756073,5.117021560668945,1.0,478.0,10.0,9.271026134490969,4.993716716766357,1.0,300.0
gaussian-7-noOverlap,10000.0,50.0,0.004,4.0,50.0,28.23941373825073,5.175335168838501,1.0,818.0,32.0,9.149529218673706,5.109373569488525,1.0,913.0,20.0,9.29885959625244,4.954443454742432,1.0,765.0,10.0,9.137253522872925,5.022359609603882,1.0,228.0
gaussian-7-noOverlap,10000.0,50.0,0.004,5.0,50.0,28.214853286743164,5.159197568893433,1.0,744.0,32.0,9.098535299301147,5.046342134475708,1.0,534.0,20.0,9.22130799293518,4.895868062973023,1.0,504.0,10.0,9.214409589767456,4.840762376785278,1.0,394.0
gaussian-7-noOverlap,10000.0,50.0,0.004,6.0,50.0,26.747570276260376,5.273250818252564,1.0,308.0,32.0,8.549479484558105,4.8973822593688965,1.0,289.0,20.0,9.12038516998291,4.94985556602478,1.0,334.0,10.0,9.640000581741331,4.895017385482788,1.0,327.0
gaussian-7-noOverlap,10000.0,50.0,0.004,7.0,50.0,28.651228427886963,4.843045949935913,1.0,558.0,32.0,9.189770460128784,4.822026252746582,1.0,646.0,20.0,9.202629089355469,4.831966161727905,1.0,432.0,10.0,9.301085233688354,4.90636157989502,1.0,584.0
gaussian-7-noOverlap,10000.0,50.0,0.004,8.0,50.0,27.971824645996094,4.974592208862305,1.0,456.0,32.0,9.308374881744385,4.829297780990601,1.0,234.0,20.0,9.120205163955688,4.8908851146698,1.0,196.0,10.0,9.207550525665283,4.805560111999512,1.0,400.0
gaussian-7-noOverlap,10000.0,50.0,0.004,9.0,50.0,28.15039968490601,4.947230577468872,1.0,424.0,32.0,9.562565803527832,4.915725946426392,1.0,421.0,20.0,9.254773378372192,4.954938650131226,1.0,403.0,10.0,9.58933162689209,4.865784168243408,1.0,395.0
gaussian-7-noOverlap,10000.0,50.0,0.004,10.0,50.0,27.335925102233887,4.883039951324463,1.0,767.0,32.0,8.745123147964478,4.810844659805298,1.0,502.0,20.0,8.976274490356445,5.001911401748657,1.0,607.0,10.0,9.051276922225952,4.851127624511719,1.0,559.0
gaussian-7-noOverlap,10000.0,100.0,0.008,1.0,50.0,29.307599544525143,5.003094434738159,1.0,1198.0,32.0,9.559219360351562,5.01114821434021,1.0,419.0,20.0,9.663374900817873,5.010307788848877,1.0,444.0,10.0,9.245820045471191,4.980771541595459,1.0,285.0
gaussian-7-noOverlap,10000.0,100.0,0.008,2.0,50.0,27.56870198249817,4.985807418823242,1.0,866.0,32.0,9.252651453018188,5.0920250415802,1.0,735.0,20.0,9.366307973861694,4.945613622665405,1.0,456.0,10.0,9.412161350250244,5.028095483779907,1.0,547.0
gaussian-7-noOverlap,10000.0,100.0,0.008,3.0,50.0,27.487223148345947,4.992426633834839,1.0,1663.0,32.0,9.457764863967896,4.925260066986084,1.0,988.0,20.0,9.018320322036743,4.93032693862915,1.0,465.0,10.0,9.302111864089966,5.002352476119995,1.0,333.0
gaussian-7-noOverlap,10000.0,100.0,0.008,4.0,50.0,28.25446844100952,5.009447813034058,1.0,1076.0,32.0,9.272856950759888,5.008446931838989,1.0,646.0,20.0,9.784307479858398,5.018365383148193,1.0,761.0,10.0,9.26016926765442,4.997549533843994,1.0,963.0
gaussian-7-noOverlap,10000.0,100.0,0.008,5.0,50.0,28.73586082458496,4.930283784866333,1.0,240.0,32.0,9.327101945877075,4.910674333572388,1.0,192.0,20.0,9.818318843841553,4.980339765548706,1.0,198.0,10.0,9.540099620819092,4.8954737186431885,1.0,174.0
gaussian-7-noOverlap,10000.0,100.0,0.008,6.0,50.0,27.29904341697693,5.200448751449585,1.0,886.0,32.0,9.125603437423706,5.132466793060303,1.0,827.0,20.0,9.164204835891724,5.082315444946289,1.0,827.0,10.0,9.639131784439089,4.77057695388794,1.0,361.0
gaussian-7-noOverlap,10000.0,100.0,0.008,7.0,50.0,28.80344009399414,5.283514976501465,1.0,318.0,32.0,9.088767528533936,5.21834921836853,1.0,242.0,20.0,9.167994737625122,5.015243053436279,1.0,390.0,10.0,9.21827483177185,4.912053823471069,1.0,306.0
gaussian-7-noOverlap,10000.0,100.0,0.008,8.0,50.0,27.497275352478027,4.97977876663208,1.0,479.0,32.0,9.109798908233644,4.823538064956665,1.0,464.0,20.0,9.188708066940308,4.784510850906372,1.0,447.0,10.0,9.920625686645508,5.024290084838867,1.0,583.0
gaussian-7-noOverlap,10000.0,100.0,0.008,9.0,50.0,27.43080830574036,5.155433893203735,1.0,320.0,32.0,9.072243213653564,5.234131336212158,1.0,354.0,20.0,9.138928413391112,4.956379175186157,1.0,328.0,10.0,9.056051969528198,4.957082748413086,1.0,210.0
gaussian-7-noOverlap,10000.0,100.0,0.008,10.0,50.0,28.539474487304688,5.02474856376648,1.0,522.0,32.0,9.199060201644896,5.016512870788574,1.0,478.0,20.0,9.315810918807983,5.057679891586304,1.0,682.0,10.0,9.292509317398071,5.0201497077941895,1.0,466.0
gaussian-7-noOverlap,10000.0,200.0,0.016,1.0,50.0,30.48622941970825,5.030282497406006,1.0,2059.0,32.0,9.36521601676941,4.884489297866821,1.0,1166.0,20.0,9.497472047805786,4.795233488082886,1.0,1141.0,10.0,10.097245454788208,4.995763063430786,1.0,588.0
gaussian-7-noOverlap,10000.0,200.0,0.016,2.0,50.0,29.76203346252441,5.029998779296875,1.0,818.0,32.0,10.038727521896362,5.047669887542725,1.0,640.0,20.0,10.219251155853271,5.003671646118164,1.0,788.0,10.0,9.4491548538208,4.957127571105957,1.0,636.0
gaussian-7-noOverlap,10000.0,200.0,0.016,3.0,50.0,31.91188168525696,5.378629207611084,1.0,178.0,32.0,9.385401964187622,5.050846338272095,1.0,190.0,20.0,9.67593789100647,5.05200982093811,1.0,220.0,10.0,9.60298991203308,5.042342662811279,1.0,258.0
gaussian-7-noOverlap,10000.0,200.0,0.016,4.0,50.0,29.97625708580017,5.009230136871338,1.0,976.0,32.0,9.215904474258425,5.048510789871216,1.0,878.0,20.0,9.816379070281982,5.014203071594238,1.0,1068.0,10.0,9.484798669815063,5.0212483406066895,1.0,462.0
gaussian-7-noOverlap,10000.0,200.0,0.016,5.0,50.0,29.96593689918518,4.977209806442261,1.0,718.0,32.0,9.451207876205444,5.002846956253052,1.0,687.0,20.0,9.515410423278809,4.998778581619263,1.0,347.0,10.0,9.464760065078735,5.470708131790161,1.0,287.0
gaussian-7-noOverlap,10000.0,200.0,0.016,6.0,50.0,30.429509162902832,5.137647867202759,1.0,2501.0,32.0,9.429213762283323,4.921408891677856,1.0,1625.0,20.0,9.531066656112673,4.848457098007202,1.0,676.0,10.0,9.50977873802185,4.982905864715576,1.0,789.0
gaussian-7-noOverlap,10000.0,200.0,0.016,7.0,50.0,29.78997373580933,5.185069561004639,1.0,1257.0,32.0,10.03342866897583,4.928229808807373,1.0,1416.0,20.0,9.553181171417236,5.148778915405273,1.0,942.0,10.0,10.151902675628662,5.214452743530273,1.0,893.0
gaussian-7-noOverlap,10000.0,200.0,0.016,8.0,50.0,32.96673846244812,5.143127918243408,1.0,542.0,32.0,9.931291580200195,5.148818731307983,1.0,432.0,20.0,10.076257228851318,5.095592260360718,1.0,451.0,10.0,10.544718265533447,5.095803260803223,1.0,344.0
gaussian-7-noOverlap,10000.0,200.0,0.016,9.0,50.0,31.54289746284485,5.37002158164978,1.0,1193.0,32.0,9.685956001281738,4.940727233886719,1.0,1254.0,20.0,9.488950967788696,5.3713133335113525,1.0,1311.0,10.0,10.110608100891112,4.926344871520996,1.0,989.0
gaussian-7-noOverlap,10000.0,200.0,0.016,10.0,50.0,30.398690462112427,5.093276739120483,1.0,307.0,32.0,9.887315034866331,4.968492269515991,1.0,276.0,20.0,10.281984329223633,5.031688690185547,1.0,706.0,10.0,9.544620990753174,4.903836011886597,1.0,472.0
gaussian-7-noOverlap,15000.0,10.0,0.0012,1.0,50.0,39.6238865852356,10.866880416870115,1.0,110.0,32.0,13.17255187034607,10.554934740066528,1.0,106.0,20.0,13.490821361541748,10.46707534790039,1.0,134.0,10.0,14.741414070129396,10.997679948806764,1.0,242.0
gaussian-7-noOverlap,15000.0,10.0,0.0012,2.0,50.0,38.10711860656738,10.7464439868927,1.0,188.0,32.0,13.097117185592651,10.76018214225769,1.0,216.0,20.0,13.309518575668337,10.603113651275637,1.0,204.0,10.0,13.745179414749146,10.805991649627686,1.0,150.0
gaussian-7-noOverlap,15000.0,10.0,0.0012,3.0,50.0,37.266348361968994,10.743308782577516,1.0,231.0,32.0,13.242480993270874,10.545896291732788,1.0,88.0,20.0,15.314964532852173,11.455972909927368,1.0,143.0,10.0,15.193243741989136,11.089395999908447,1.0,175.0
gaussian-7-noOverlap,15000.0,10.0,0.0012,4.0,50.0,36.41731309890747,10.67233157157898,1.0,81.0,32.0,13.2019784450531,10.501676082611084,1.0,80.0,20.0,13.47238039970398,10.54565978050232,1.0,85.0,10.0,13.549285411834717,10.531991720199583,1.0,95.0
gaussian-7-noOverlap,15000.0,10.0,0.0012,5.0,50.0,40.73681402206421,11.101983785629272,1.0,228.0,32.0,13.516504287719728,10.759947538375854,1.0,241.0,20.0,14.353440761566162,11.067445516586304,1.0,282.0,10.0,14.783900260925291,10.84347414970398,1.0,156.0
gaussian-7-noOverlap,15000.0,10.0,0.0012,6.0,50.0,39.12902617454529,10.867942094802856,1.0,192.0,32.0,13.830254793167114,10.801398277282717,1.0,161.0,20.0,14.062687158584597,10.728342056274414,1.0,141.0,10.0,14.261244297027588,10.570860862731934,1.0,116.0
gaussian-7-noOverlap,15000.0,10.0,0.0012,7.0,50.0,39.02799224853516,10.452349185943604,1.0,136.0,32.0,14.596510410308838,10.798737287521362,1.0,130.0,20.0,13.943542957305908,10.467707872390749,1.0,148.0,10.0,13.81652045249939,10.41230821609497,1.0,118.0
gaussian-7-noOverlap,15000.0,10.0,0.0012,8.0,50.0,38.41751480102539,10.73096489906311,1.0,661.0,32.0,13.732998371124268,10.644390106201172,1.0,636.0,20.0,13.219056129455566,10.652903079986572,1.0,545.0,10.0,13.259288787841797,10.616127252578735,1.0,289.0
gaussian-7-noOverlap,15000.0,10.0,0.0012,9.0,50.0,38.11723184585571,10.581607818603516,1.0,196.0,32.0,13.225866794586182,10.675475835800173,1.0,187.0,20.0,13.30902647972107,10.558995485305786,1.0,286.0,10.0,14.265889406204224,10.95383358001709,1.0,196.0
gaussian-7-noOverlap,15000.0,10.0,0.0012,10.0,50.0,38.99470806121826,10.82173776626587,1.0,330.0,32.0,13.977266788482666,10.657185316085815,1.0,256.0,20.0,14.746600151062012,10.834314107894896,1.0,211.0,10.0,14.60936427116394,10.7358820438385,1.0,198.0
gaussian-7-noOverlap,15000.0,20.0,0.0024,1.0,50.0,41.87757444381714,11.01177453994751,1.0,553.0,32.0,13.87515377998352,10.64307713508606,1.0,370.0,20.0,14.695478439331056,10.66157865524292,1.0,374.0,10.0,14.645434379577637,10.673337459564207,1.0,180.0
gaussian-7-noOverlap,15000.0,20.0,0.0024,2.0,50.0,41.5796127319336,10.76141357421875,1.0,105.0,32.0,14.02339243888855,10.718995094299316,1.0,107.0,20.0,14.911534309387209,10.639257669448853,1.0,104.0,10.0,14.527529954910278,10.640924215316772,1.0,86.0
gaussian-7-noOverlap,15000.0,20.0,0.0024,3.0,50.0,40.6106059551239,11.118160247802734,1.0,194.0,32.0,13.958198070526125,10.72248363494873,1.0,114.0,20.0,14.664554357528688,10.994768142700195,1.0,137.0,10.0,14.64620590209961,10.906120777130129,1.0,108.0
gaussian-7-noOverlap,15000.0,20.0,0.0024,4.0,50.0,40.433926582336426,11.179845094680786,1.0,168.0,32.0,13.904715061187744,10.787180423736572,1.0,107.0,20.0,13.968202590942385,10.715075016021729,1.0,104.0,10.0,14.633787393569946,10.86520791053772,1.0,132.0
gaussian-7-noOverlap,15000.0,20.0,0.0024,5.0,50.0,44.76276588439941,11.671144247055054,1.0,324.0,32.0,14.873066663742064,10.732086896896362,1.0,298.0,20.0,14.10873556137085,11.088440418243408,1.0,341.0,10.0,14.529361248016356,11.29392910003662,1.0,288.0
gaussian-7-noOverlap,15000.0,20.0,0.0024,6.0,50.0,40.43485593795776,10.486825704574583,1.0,524.0,32.0,13.92244029045105,10.698002099990845,1.0,539.0,20.0,14.657283782958984,10.433441877365112,1.0,327.0,10.0,15.180660486221312,10.451480627059937,1.0,361.0
gaussian-7-noOverlap,15000.0,20.0,0.0024,7.0,50.0,42.12289905548096,10.651155948638916,1.0,374.0,32.0,13.656493425369264,10.735872507095335,1.0,218.0,20.0,15.83838438987732,11.041332721710203,1.0,254.0,10.0,14.46338963508606,10.74892234802246,1.0,296.0
gaussian-7-noOverlap,15000.0,20.0,0.0024,8.0,50.0,41.33257865905762,10.840489625930786,1.0,600.0,32.0,14.698272228240969,10.811421632766724,1.0,658.0,20.0,14.915698051452637,10.57968544960022,1.0,552.0,10.0,14.911144495010376,10.628196001052856,1.0,344.0
gaussian-7-noOverlap,15000.0,20.0,0.0024,9.0,50.0,39.87284016609192,10.547812223434448,1.0,264.0,32.0,13.601757049560549,10.495889902114868,1.0,253.0,20.0,14.059376239776611,10.678714275360107,1.0,271.0,10.0,14.720863819122314,10.50256085395813,1.0,309.0
gaussian-7-noOverlap,15000.0,20.0,0.0024,10.0,50.0,39.6019721031189,10.756613492965698,0.6621050383537975,808.0,32.0,14.45506501197815,10.688875436782835,0.6621050383537975,378.0,20.0,14.465664863586426,10.775431871414185,0.6621050383537975,565.0,10.0,14.57470154762268,10.653034448623655,0.6621050383537975,293.0
gaussian-7-noOverlap,15000.0,50.0,0.006,1.0,50.0,43.87078213691712,10.559661149978638,1.0,334.0,32.0,15.804306507110596,10.78831934928894,1.0,398.0,20.0,15.31901216506958,10.690365552902222,1.0,222.0,10.0,15.343448400497437,11.119866847991943,1.0,436.0
gaussian-7-noOverlap,15000.0,50.0,0.006,2.0,50.0,44.38642811775208,10.51815104484558,1.0,1059.0,32.0,14.28591012954712,10.546858549118042,1.0,379.0,20.0,15.144724607467651,10.985904455184937,1.0,601.0,10.0,15.401652574539185,10.551152229309082,1.0,495.0
gaussian-7-noOverlap,15000.0,50.0,0.006,3.0,50.0,43.38683462142944,11.238580465316772,1.0,559.0,32.0,15.239153623580933,10.79053235054016,1.0,518.0,20.0,16.296571254730225,10.84462833404541,1.0,195.0,10.0,15.941428661346436,10.5670964717865,1.0,154.0
gaussian-7-noOverlap,15000.0,50.0,0.006,4.0,50.0,43.61888694763184,10.67695164680481,1.0,2340.0,32.0,14.411964893341064,11.02167296409607,1.0,2234.0,20.0,14.850719690322876,10.715855836868286,1.0,2180.0,10.0,16.09485912322998,11.951626300811768,1.0,858.0
gaussian-7-noOverlap,15000.0,50.0,0.006,5.0,50.0,44.96696758270264,10.851233959197998,1.0,1060.0,32.0,15.194279670715332,10.710883617401125,1.0,774.0,20.0,15.335426568984984,10.84913730621338,1.0,329.0,10.0,15.863101720809937,10.827007055282593,1.0,1054.0
gaussian-7-noOverlap,15000.0,50.0,0.006,6.0,50.0,44.44832515716553,10.817188739776611,1.0,560.0,32.0,14.395055055618286,10.76220726966858,1.0,561.0,20.0,15.44212293624878,11.15788435935974,1.0,460.0,10.0,15.51593565940857,10.744705200195312,1.0,353.0
gaussian-7-noOverlap,15000.0,50.0,0.006,7.0,50.0,45.44496083259583,10.563966512680054,1.0,710.0,32.0,15.331703901290894,10.54664945602417,1.0,666.0,20.0,15.39054036140442,10.529483556747437,1.0,676.0,10.0,15.63176727294922,10.396716594696043,1.0,550.0
gaussian-7-noOverlap,15000.0,50.0,0.006,8.0,50.0,45.13520860671997,10.65636920928955,1.0,425.0,32.0,16.412883520126343,10.735479831695557,1.0,796.0,20.0,15.333280324935911,10.450303792953491,1.0,361.0,10.0,16.490434169769287,10.482052326202393,1.0,275.0
gaussian-7-noOverlap,15000.0,50.0,0.006,9.0,50.0,45.15308451652527,10.550906658172607,1.0,524.0,32.0,15.286107540130615,10.385080814361572,1.0,452.0,20.0,14.669036149978638,10.55962324142456,1.0,492.0,10.0,15.634973764419556,10.442477226257324,1.0,262.0
gaussian-7-noOverlap,15000.0,50.0,0.006,10.0,50.0,44.79930377006531,10.63938283920288,1.0,786.0,32.0,15.742616176605225,10.544503927230837,1.0,918.0,20.0,15.549888372421265,11.024644374847412,1.0,520.0,10.0,15.633023738861084,10.770711183547974,1.0,708.0
gaussian-7-noOverlap,15000.0,100.0,0.012,1.0,50.0,44.9578640460968,10.776014804840088,1.0,1022.0,32.0,15.18724799156189,10.664892673492432,1.0,924.0,20.0,16.92195224761963,11.078901290893556,1.0,703.0,10.0,16.521441221237183,10.669979095458984,1.0,538.0
gaussian-7-noOverlap,15000.0,100.0,0.012,2.0,50.0,46.035189390182495,10.705763339996338,1.0,714.0,32.0,15.314836502075195,10.772696018218994,1.0,894.0,20.0,15.622374534606934,10.589788675308228,1.0,50.0,10.0,15.495677709579468,10.627585887908936,1.0,642.0
gaussian-7-noOverlap,15000.0,100.0,0.012,3.0,50.0,43.90346026420593,11.118232250213625,1.0,1272.0,32.0,14.976993322372437,10.723138570785522,1.0,1935.0,20.0,14.930660486221312,10.601237773895264,1.0,1551.0,10.0,16.269766807556152,10.641233205795288,1.0,828.0
gaussian-7-noOverlap,15000.0,100.0,0.012,4.0,50.0,45.9246609210968,11.170850038528442,1.0,637.0,32.0,15.242932319641112,10.800885677337646,1.0,441.0,20.0,15.837973833084106,10.571030616760254,1.0,450.0,10.0,15.882558584213257,10.62528681755066,1.0,534.0
gaussian-7-noOverlap,15000.0,100.0,0.012,5.0,50.0,43.99324703216553,10.528276443481444,1.0,1438.0,32.0,14.93608856201172,10.58351182937622,1.0,1413.0,20.0,15.305244207382202,10.367602825164797,1.0,977.0,10.0,15.045567989349363,10.41207504272461,1.0,870.0
gaussian-7-noOverlap,15000.0,100.0,0.012,6.0,50.0,44.50023102760315,10.978065490722656,1.0,932.0,32.0,15.42543911933899,10.725134134292604,1.0,359.0,20.0,15.810655355453491,10.77755045890808,1.0,221.0,10.0,15.312492847442629,10.622619152069092,1.0,254.0
gaussian-7-noOverlap,15000.0,100.0,0.012,7.0,50.0,45.70623469352722,10.589167356491089,1.0,551.0,32.0,15.690934419631958,10.487656116485596,1.0,227.0,20.0,15.502634286880491,10.969478845596312,1.0,188.0,10.0,15.778801679611206,10.629841804504396,1.0,522.0
gaussian-7-noOverlap,15000.0,100.0,0.012,8.0,50.0,43.65320944786072,10.382817268371582,1.0,851.0,32.0,15.06045913696289,10.369415044784546,1.0,1111.0,20.0,14.95777440071106,10.316619873046877,1.0,977.0,10.0,15.785178184509276,11.115347862243652,1.0,795.0
gaussian-7-noOverlap,15000.0,100.0,0.012,9.0,50.0,44.878963232040405,10.990696668624878,1.0,1853.0,32.0,16.34406328201294,11.190573692321776,1.0,1079.0,20.0,15.81503415107727,11.073681116104126,1.0,1041.0,10.0,17.553334712982178,10.952005624771118,1.0,1697.0
gaussian-7-noOverlap,15000.0,100.0,0.012,10.0,50.0,44.2796266078949,10.492573499679564,1.0,1705.0,32.0,15.246371030807495,10.5293390750885,1.0,1820.0,20.0,15.863073110580444,10.712724447250366,1.0,1278.0,10.0,15.621071815490724,10.601900577545166,1.0,1186.0
gaussian-7-noOverlap,15000.0,200.0,0.024,1.0,50.0,47.130876541137695,10.871905326843262,1.0,488.0,32.0,15.38679337501526,10.404824495315552,1.0,478.0,20.0,15.409934043884276,10.687442302703856,1.0,352.0,10.0,16.1994206905365,10.998478174209597,1.0,416.0
gaussian-7-noOverlap,15000.0,200.0,0.024,2.0,50.0,55.80699563026428,11.245670557022097,1.0,1737.0,32.0,16.450078010559082,10.754327058792114,1.0,1374.0,20.0,15.484314680099487,10.968957662582396,1.0,1739.0,10.0,15.67711591720581,10.707208395004272,1.0,1024.0
gaussian-7-noOverlap,15000.0,200.0,0.024,3.0,50.0,46.4086344242096,10.922351360321043,1.0,737.0,32.0,15.367162704467772,11.194124460220335,1.0,717.0,20.0,15.386484146118164,10.787465810775757,1.0,686.0,10.0,15.319786071777344,10.607251405715942,1.0,761.0
gaussian-7-noOverlap,15000.0,200.0,0.024,4.0,50.0,47.293508529663086,10.667900562286375,1.0,1343.0,32.0,16.329543113708496,10.92547869682312,1.0,1008.0,20.0,16.983403205871582,10.917511463165283,1.0,1102.0,10.0,17.060546398162842,10.845136165618896,1.0,1225.0
gaussian-7-noOverlap,15000.0,200.0,0.024,5.0,50.0,51.46354389190674,11.371190786361694,1.0,436.0,32.0,17.428344011306763,11.40259575843811,1.0,441.0,20.0,15.086946725845335,10.90206503868103,1.0,241.0,10.0,15.95758867263794,10.743706226348875,1.0,118.0
gaussian-7-noOverlap,15000.0,200.0,0.024,6.0,50.0,46.25155854225159,11.018868684768677,1.0,906.0,32.0,15.18494963645935,10.54583740234375,1.0,675.0,20.0,14.630624532699583,10.530853033065796,1.0,588.0,10.0,15.93908667564392,10.46727418899536,1.0,456.0
gaussian-7-noOverlap,15000.0,200.0,0.024,7.0,50.0,47.20021986961365,10.968286991119385,1.0,1543.0,32.0,14.959883451461792,10.89377784729004,1.0,975.0,20.0,15.509848594665527,11.059310674667358,1.0,611.0,10.0,15.621868133544922,11.058159351348875,1.0,595.0
gaussian-7-noOverlap,15000.0,200.0,0.024,8.0,50.0,47.8406069278717,10.870423078536987,1.0,1098.0,32.0,15.328893184661863,10.924551010131836,1.0,830.0,20.0,15.372911214828491,10.7795512676239,1.0,1282.0,10.0,15.316057443618774,10.733894348144531,1.0,1100.0
gaussian-7-noOverlap,15000.0,200.0,0.024,9.0,50.0,49.770551443099976,11.011108875274658,1.0,3187.0,32.0,15.29366374015808,10.866349697113035,1.0,3443.0,20.0,15.873387098312378,10.755733251571655,1.0,1686.0,10.0,15.40780258178711,10.821782112121582,1.0,1423.0
gaussian-7-noOverlap,15000.0,200.0,0.024,10.0,50.0,46.00170016288757,10.673007488250732,1.0,1433.0,32.0,14.373278379440308,10.78560996055603,1.0,1659.0,20.0,15.189225673675535,10.667192697525024,1.0,1422.0,10.0,15.722142219543455,10.817829370498655,1.0,994.0
gaussian-7-noOverlap,20000.0,10.0,0.0016,1.0,50.0,53.41964340209961,18.65911674499512,1.0,149.0,32.0,18.077892065048218,18.187700271606445,1.0,331.0,20.0,18.536768674850464,18.72920680046081,1.0,317.0,10.0,19.693056106567383,18.08867692947388,1.0,223.0
gaussian-7-noOverlap,20000.0,10.0,0.0016,2.0,50.0,50.49031853675842,18.386059284210205,1.0,69.0,32.0,18.13579583168029,18.465561389923096,1.0,62.0,20.0,18.535919666290283,18.465807914733887,1.0,72.0,10.0,18.76762652397156,18.410104990005493,1.0,76.0
gaussian-7-noOverlap,20000.0,10.0,0.0016,3.0,50.0,52.07917833328247,18.94386386871338,1.0,118.0,32.0,18.41067624092102,18.995954275131226,1.0,104.0,20.0,18.74942970275879,19.297103881835938,1.0,106.0,10.0,20.11204719543457,18.947152614593502,1.0,62.0
gaussian-7-noOverlap,20000.0,10.0,0.0016,4.0,50.0,50.359875440597534,18.36643528938293,1.0,228.0,32.0,19.339167833328247,18.57011675834656,1.0,210.0,20.0,19.91874051094055,18.70486354827881,1.0,228.0,10.0,19.914870977401733,18.74724268913269,1.0,188.0
gaussian-7-noOverlap,20000.0,10.0,0.0016,5.0,50.0,57.62866497039795,18.755855321884155,1.0,84.0,32.0,19.110762357711792,18.95875382423401,1.0,217.0,20.0,19.6343846321106,18.68541932106018,1.0,174.0,10.0,46.83873915672302,46.0706787109375,1.0,131.0
gaussian-7-noOverlap,20000.0,10.0,0.0016,6.0,50.0,102.2905969619751,33.853084325790405,1.0,143.0,32.0,26.76557731628418,22.639620065689087,1.0,139.0,20.0,19.22102832794189,18.718657970428467,1.0,205.0,10.0,18.774418354034424,19.45092988014221,1.0,175.0
gaussian-7-noOverlap,20000.0,10.0,0.0016,7.0,50.0,51.42821526527405,18.2879478931427,1.0,72.0,32.0,18.578091382980347,18.39286494255066,1.0,110.0,20.0,18.9423770904541,18.07809162139893,1.0,122.0,10.0,19.14270329475403,18.494340896606445,1.0,96.0
gaussian-7-noOverlap,20000.0,10.0,0.0016,8.0,50.0,53.9520115852356,18.969820737838745,1.0,189.0,32.0,19.207598447799683,18.615346431732178,1.0,383.0,20.0,19.721641063690186,19.18265724182129,1.0,210.0,10.0,20.29579710960388,19.47898554801941,1.0,165.0
gaussian-7-noOverlap,20000.0,10.0,0.0016,9.0,50.0,50.898165464401245,18.38972640037537,1.0,503.0,32.0,18.30747008323669,18.878989458084103,1.0,545.0,20.0,18.441194772720337,19.637328386306763,1.0,326.0,10.0,18.626271963119507,19.99132823944092,1.0,517.0
gaussian-7-noOverlap,20000.0,10.0,0.0016,10.0,50.0,51.00731015205383,18.27122211456299,1.0,82.0,32.0,18.44358229637146,18.404895782470703,1.0,187.0,20.0,18.856879472732544,18.516637325286865,1.0,106.0,10.0,19.08248519897461,18.233208656311035,1.0,154.0
gaussian-7-noOverlap,20000.0,20.0,0.0032,1.0,50.0,54.00482988357544,18.76589727401733,1.0,188.0,32.0,19.27777218818665,18.35577654838562,1.0,156.0,20.0,19.68155312538147,18.279949188232425,1.0,198.0,10.0,19.87119579315185,18.52509450912476,1.0,422.0
gaussian-7-noOverlap,20000.0,20.0,0.0032,2.0,50.0,57.348657846450806,19.98836088180542,1.0,550.0,32.0,20.56204342842102,18.446820497512817,1.0,522.0,20.0,22.115118265151978,18.990832805633545,1.0,663.0,10.0,21.577773571014404,18.589269876480103,1.0,372.0
gaussian-7-noOverlap,20000.0,20.0,0.0032,3.0,50.0,56.7365517616272,18.754631996154785,1.0,390.0,32.0,21.24666666984558,20.21228504180908,1.0,300.0,20.0,20.70154857635498,18.846660375595093,1.0,318.0,10.0,22.1084201335907,18.44432258605957,1.0,314.0
gaussian-7-noOverlap,20000.0,20.0,0.0032,4.0,50.0,172.6594398021698,30.753310680389404,1.0,368.0,32.0,29.18063187599182,23.114974975585938,1.0,470.0,20.0,19.91010785102844,18.43027210235596,1.0,307.0,10.0,21.42920446395874,18.106225728988647,1.0,288.0
gaussian-7-noOverlap,20000.0,20.0,0.0032,5.0,50.0,56.280908823013306,18.30824589729309,1.0,861.0,32.0,20.95604991912841,18.446803092956543,1.0,646.0,20.0,20.96330308914185,18.63243198394776,1.0,250.0,10.0,21.041072130203247,18.13056206703186,1.0,208.0
gaussian-7-noOverlap,20000.0,20.0,0.0032,6.0,50.0,61.942044734954834,18.75022602081299,1.0,288.0,32.0,21.288333654403687,18.68416237831116,1.0,216.0,20.0,21.682114124298096,19.09656929969788,1.0,162.0,10.0,20.705464601516724,18.006219387054443,1.0,152.0
gaussian-7-noOverlap,20000.0,20.0,0.0032,7.0,50.0,56.19648766517639,18.71575117111206,1.0,880.0,32.0,20.285217761993408,18.52739763259888,1.0,715.0,20.0,20.67354202270508,18.94624972343445,1.0,473.0,10.0,20.804668426513672,18.851683855056763,1.0,436.0
gaussian-7-noOverlap,20000.0,20.0,0.0032,8.0,50.0,56.60596966743469,18.41414523124695,1.0,459.0,32.0,20.762491464614868,18.38483452796936,1.0,363.0,20.0,20.343708992004395,18.076733827590942,1.0,398.0,10.0,21.46134734153748,18.392515420913696,1.0,239.0
gaussian-7-noOverlap,20000.0,20.0,0.0032,9.0,50.0,57.24575805664063,18.511512994766235,1.0,458.0,32.0,20.40522646903992,18.412758350372314,1.0,528.0,20.0,20.48534202575684,18.3982048034668,1.0,554.0,10.0,22.70811533927917,18.84018301963806,1.0,352.0
gaussian-7-noOverlap,20000.0,20.0,0.0032,10.0,50.0,55.36855840682984,18.04709553718567,1.0,48.0,32.0,20.1868257522583,18.188740015029907,1.0,58.0,20.0,21.20429420471192,18.43250012397766,1.0,50.0,10.0,20.604151248931885,18.39656472206116,1.0,52.0
gaussian-7-noOverlap,20000.0,50.0,0.008,1.0,50.0,60.40644860267639,19.00027585029602,1.0,1434.0,32.0,21.94623565673828,18.789109230041504,1.0,1541.0,20.0,21.894042015075684,18.592140913009644,1.0,1274.0,10.0,39.83722519874573,42.576472759246826,1.0,1046.0
gaussian-7-noOverlap,20000.0,50.0,0.008,2.0,50.0,62.38095951080322,19.09576416015625,1.0,681.0,32.0,21.008358001708984,18.83688163757324,1.0,567.0,20.0,21.17222571372986,18.578819513320923,1.0,447.0,10.0,23.25463104248047,19.02351236343384,1.0,427.0
gaussian-7-noOverlap,20000.0,50.0,0.008,3.0,50.0,61.6013171672821,19.16265034675598,1.0,762.0,32.0,22.193050146102905,18.37628483772278,1.0,504.0,20.0,21.4470694065094,18.182559967041016,1.0,553.0,10.0,22.053934812545776,18.212172269821167,1.0,226.0
gaussian-7-noOverlap,20000.0,50.0,0.008,4.0,50.0,58.333446741104126,18.192715644836422,1.0,564.0,32.0,21.0195095539093,18.69168376922608,1.0,391.0,20.0,20.404577493667603,18.41137099266052,1.0,654.0,10.0,20.426344633102417,18.269041299819943,1.0,571.0
gaussian-7-noOverlap,20000.0,50.0,0.008,5.0,50.0,59.11959838867188,18.61061978340149,1.0,346.0,32.0,20.70306611061096,18.30985188484192,1.0,310.0,20.0,21.376914024353027,18.12063789367676,1.0,754.0,10.0,22.31152606010437,18.38317465782165,1.0,328.0
gaussian-7-noOverlap,20000.0,50.0,0.008,6.0,50.0,63.23281931877136,19.207135677337646,1.0,437.0,32.0,19.83758306503296,18.47484421730041,1.0,480.0,20.0,21.289392232894897,19.93782353401184,1.0,766.0,10.0,21.992188215255737,18.71196460723877,1.0,355.0
gaussian-7-noOverlap,20000.0,50.0,0.008,7.0,50.0,59.65240859985352,18.700303316116333,1.0,1332.0,32.0,21.45635175704956,18.43420577049256,1.0,1195.0,20.0,22.319201469421387,18.37403178215027,1.0,580.0,10.0,21.489741563797,18.35498261451721,1.0,448.0
gaussian-7-noOverlap,20000.0,50.0,0.008,8.0,50.0,66.57165312767029,18.49046039581299,1.0,197.0,32.0,21.93316650390625,18.64504384994507,1.0,296.0,20.0,23.408313274383545,18.936589002609253,1.0,186.0,10.0,21.54335880279541,18.59548163414001,1.0,319.0
gaussian-7-noOverlap,20000.0,50.0,0.008,9.0,50.0,60.47907328605652,18.872942686080933,1.0,832.0,32.0,22.56284523010254,19.23091578483581,1.0,756.0,20.0,23.13693404197693,19.548041582107544,1.0,974.0,10.0,23.344354152679443,19.5974600315094,1.0,574.0
gaussian-7-noOverlap,20000.0,50.0,0.008,10.0,50.0,63.76776957511902,19.416038751602173,1.0,129.0,32.0,20.92288708686829,19.6398720741272,1.0,132.0,20.0,21.188592433929443,19.48322105407715,1.0,147.0,10.0,23.58324718475341,19.77616572380066,1.0,122.0
gaussian-7-noOverlap,20000.0,100.0,0.016,1.0,50.0,64.4468424320221,18.85672807693481,1.0,2617.0,32.0,22.70908522605896,19.142659664154053,1.0,2383.0,20.0,44.92038035392761,49.89341139793396,1.0,2407.0,10.0,24.11883568763733,18.718793630599976,1.0,1733.0
gaussian-7-noOverlap,20000.0,100.0,0.016,2.0,50.0,63.89944100379944,18.48726201057434,1.0,1573.0,32.0,23.820001363754272,19.48775720596313,1.0,1497.0,20.0,21.933199167251587,18.48472309112549,1.0,1154.0,10.0,22.834247827529907,18.27081537246704,1.0,835.0
gaussian-7-noOverlap,20000.0,100.0,0.016,3.0,50.0,61.01891827583313,18.74799156188965,1.0,855.0,32.0,20.280946493148804,18.586429834365845,1.0,461.0,20.0,21.46752619743347,18.514288187026978,1.0,615.0,10.0,22.643954038619995,18.60187077522278,1.0,752.0
gaussian-7-noOverlap,20000.0,100.0,0.016,4.0,50.0,65.25953507423401,18.67080879211425,1.0,1624.0,32.0,21.70285701751709,19.38031315803528,1.0,1588.0,20.0,21.904353141784668,19.05343985557556,1.0,1875.0,10.0,22.07482886314392,18.459177494049072,1.0,800.0
gaussian-7-noOverlap,20000.0,100.0,0.016,5.0,50.0,63.58548450469971,18.90260338783264,1.0,837.0,32.0,21.854268312454224,18.901223182678223,1.0,808.0,20.0,22.335712909698486,18.77361965179444,1.0,716.0,10.0,22.44581913948059,18.328723669052124,1.0,632.0
gaussian-7-noOverlap,20000.0,100.0,0.016,6.0,50.0,62.11577296257019,18.3009934425354,1.0,1751.0,32.0,21.583129405975345,18.89524269104004,1.0,1344.0,20.0,21.052022457122803,18.307664394378666,1.0,1251.0,10.0,20.54392576217652,18.095354795455933,1.0,1554.0
gaussian-7-noOverlap,20000.0,100.0,0.016,7.0,50.0,60.25486588478088,18.809702396392822,1.0,1372.0,32.0,22.888350009918213,18.487191677093502,1.0,638.0,20.0,21.278672456741333,18.97979092597961,1.0,638.0,10.0,22.558140516281128,18.72114109992981,1.0,584.0
gaussian-7-noOverlap,20000.0,100.0,0.016,8.0,50.0,61.82378959655762,18.11962985992432,1.0,868.0,32.0,20.68754410743713,18.23205161094665,1.0,1332.0,20.0,21.02462863922119,18.437846660614014,1.0,628.0,10.0,22.16528916358948,19.0596284866333,1.0,982.0
gaussian-7-noOverlap,20000.0,100.0,0.016,9.0,50.0,59.542475938797,18.46943736076355,1.0,2425.0,32.0,21.596241235733032,18.593140602111816,1.0,2812.0,20.0,21.24622797966004,18.76272416114807,1.0,2803.0,10.0,22.06560206413269,18.31391334533692,1.0,2514.0
gaussian-7-noOverlap,20000.0,100.0,0.016,10.0,50.0,68.04149293899536,19.17506670951844,1.0,1148.0,32.0,22.08264780044556,18.966431617736816,1.0,902.0,20.0,21.28049325942993,18.662786960601807,1.0,206.0,10.0,21.663330078125,18.99126672744751,1.0,190.0
gaussian-7-noOverlap,20000.0,200.0,0.032,1.0,50.0,65.6481065750122,19.299972772598267,1.0,1788.0,32.0,20.796547651290894,19.440402507781982,1.0,1835.0,20.0,21.180513620376587,19.392400979995728,1.0,1723.0,10.0,22.213491678237915,19.49526953697205,1.0,1780.0
gaussian-7-noOverlap,20000.0,200.0,0.032,2.0,50.0,64.6660099029541,19.104862451553345,1.0,2925.0,32.0,21.149094820022583,19.008585214614868,1.0,2696.0,20.0,21.02469611167908,18.868130207061768,1.0,2898.0,10.0,22.25229787826538,18.460931062698364,1.0,2506.0
gaussian-7-noOverlap,20000.0,200.0,0.032,3.0,50.0,66.87823915481567,19.021240234375,1.0,766.0,32.0,20.773579359054565,18.6111261844635,1.0,2607.0,20.0,23.44021797180176,19.029358386993408,1.0,1327.0,10.0,22.89002680778504,18.76473188400269,1.0,1456.0
gaussian-7-noOverlap,20000.0,200.0,0.032,4.0,50.0,67.7149293422699,18.56519818305969,1.0,340.0,32.0,22.26233959197998,18.469818592071533,1.0,384.0,20.0,22.149281978607178,18.36608076095581,1.0,436.0,10.0,21.7902991771698,18.8732852935791,1.0,380.0
gaussian-7-noOverlap,20000.0,200.0,0.032,5.0,50.0,72.92169213294983,19.27301454544068,1.0,1362.0,32.0,22.35496711730957,18.80573391914368,1.0,694.0,20.0,21.24156093597412,18.857848644256592,1.0,856.0,10.0,23.819539070129395,18.40674376487732,1.0,808.0
gaussian-7-noOverlap,20000.0,200.0,0.032,6.0,50.0,66.93153667449951,18.9396870136261,1.0,1174.0,32.0,20.631758451461792,19.17239022254944,1.0,1529.0,20.0,22.561394929885864,18.32874250411988,1.0,538.0,10.0,22.670270919799805,18.14438343048096,1.0,449.0
gaussian-7-noOverlap,20000.0,200.0,0.032,7.0,50.0,67.13677668571472,19.09374070167541,1.0,1212.0,32.0,21.79457449913025,19.54329776763916,1.0,1197.0,20.0,22.0863356590271,19.498042821884155,1.0,1146.0,10.0,22.136698484420776,18.804807424545288,1.0,597.0
gaussian-7-noOverlap,20000.0,200.0,0.032,8.0,50.0,64.88450646400452,18.596052885055546,1.0,2026.0,32.0,21.57499933242798,18.488855123519897,1.0,1815.0,20.0,21.394179582595825,18.22497010231018,1.0,1520.0,10.0,21.8249351978302,18.793954849243164,1.0,1234.0
gaussian-7-noOverlap,20000.0,200.0,0.032,9.0,50.0,68.18066906929016,19.489447832107544,1.0,553.0,32.0,22.533179759979248,18.49738311767578,1.0,664.0,20.0,22.62646675109864,18.98509001731873,1.0,636.0,10.0,23.458526611328125,18.812249183654785,1.0,570.0
gaussian-7-noOverlap,20000.0,200.0,0.032,10.0,50.0,68.93710923194885,19.24619078636169,1.0,2184.0,32.0,22.140262126922607,19.48236322402954,1.0,2328.0,20.0,21.240098476409912,19.33862018585205,1.0,1178.0,10.0,22.21807599067688,19.05150556564331,1.0,1152.0
gaussian-7-noOverlap,30000.0,10.0,0.0024,1.0,50.0,80.80154299736023,41.42989897727966,1.0,74.0,32.0,30.172070264816284,41.36384391784668,1.0,58.0,20.0,31.85617160797119,41.41215753555298,1.0,104.0,10.0,30.503400802612305,41.80773043632507,1.0,126.0
gaussian-7-noOverlap,30000.0,10.0,0.0024,2.0,50.0,81.8884699344635,40.5836672782898,1.0,499.0,32.0,31.52367901802063,40.57488512992859,1.0,375.0,20.0,30.779743432998657,40.3293297290802,1.0,314.0,10.0,32.68165898323059,40.87786555290222,1.0,273.0
gaussian-7-noOverlap,30000.0,10.0,0.0024,3.0,50.0,82.26986002922058,42.00500202178955,1.0,161.0,32.0,33.06431579589844,42.58893370628357,1.0,129.0,20.0,30.747923612594604,42.34560585021973,1.0,97.0,10.0,33.09365105628967,41.83645224571228,1.0,123.0
gaussian-7-noOverlap,30000.0,10.0,0.0024,4.0,50.0,81.39505362510681,40.79135465621948,1.0,420.0,32.0,29.323498010635376,41.69142436981201,1.0,302.0,20.0,33.715845346450806,43.16368651390076,1.0,352.0,10.0,35.295835971832275,42.51257133483887,1.0,495.0
gaussian-7-noOverlap,30000.0,10.0,0.0024,5.0,50.0,80.1908962726593,40.82327318191528,1.0,114.0,32.0,32.058945655822754,42.319971799850464,1.0,66.0,20.0,34.026220083236694,41.17758917808533,1.0,134.0,10.0,31.19022297859192,41.202818632125854,1.0,52.0
gaussian-7-noOverlap,30000.0,10.0,0.0024,6.0,50.0,88.43717312812805,41.51864981651306,1.0,447.0,32.0,31.41864514350891,41.18008327484131,1.0,321.0,20.0,31.094789743423465,41.14842295646668,1.0,153.0,10.0,31.314398288726807,41.48715376853943,1.0,146.0
gaussian-7-noOverlap,30000.0,10.0,0.0024,7.0,50.0,80.77033352851868,41.423978090286255,1.0,133.0,32.0,30.454298973083496,41.408026456832886,1.0,149.0,20.0,30.947840213775635,41.8505289554596,1.0,136.0,10.0,30.717140197753903,41.32633662223816,1.0,109.0
gaussian-7-noOverlap,30000.0,10.0,0.0024,8.0,50.0,82.45638227462769,41.611406326293945,1.0,660.0,32.0,30.44307017326355,42.829230546951294,1.0,601.0,20.0,30.01786470413208,42.548099517822266,1.0,515.0,10.0,31.295843362808228,41.79973864555359,1.0,454.0
gaussian-7-noOverlap,30000.0,10.0,0.0024,9.0,50.0,80.95388436317444,40.34244179725647,1.0,198.0,32.0,29.997455835342407,39.74780297279358,1.0,208.0,20.0,30.72456455230713,40.43619918823242,1.0,136.0,10.0,32.75019431114197,41.041898012161255,1.0,152.0
gaussian-7-noOverlap,30000.0,10.0,0.0024,10.0,50.0,81.30553841590881,41.0236177444458,1.0,208.0,32.0,30.408652305603027,41.24051904678345,1.0,104.0,20.0,32.070664167404175,40.93209981918335,1.0,104.0,10.0,32.69944667816162,41.019598722457886,1.0,146.0
gaussian-7-noOverlap,30000.0,20.0,0.0048,1.0,50.0,91.39201760292052,41.96914267539978,1.0,161.0,32.0,31.550269842147827,40.84582591056824,1.0,242.0,20.0,34.74121046066284,41.16110062599182,1.0,212.0,10.0,33.34456491470337,41.026846408844,1.0,179.0
gaussian-7-noOverlap,30000.0,20.0,0.0048,2.0,50.0,92.42411518096924,41.8481125831604,1.0,670.0,32.0,33.491451263427734,41.5659499168396,1.0,430.0,20.0,31.961313009262085,40.48211646080017,1.0,359.0,10.0,33.46039581298828,40.59934711456299,1.0,90.0
gaussian-7-noOverlap,30000.0,20.0,0.0048,3.0,50.0,88.16236305236816,40.582515001297,1.0,81.0,32.0,32.24988007545471,41.03768706321716,1.0,82.0,20.0,34.09445691108704,41.567880392074585,1.0,71.0,10.0,35.3351366519928,41.167309284210205,1.0,430.0
gaussian-7-noOverlap,30000.0,20.0,0.0048,4.0,50.0,85.9944679737091,41.73211431503296,1.0,839.0,32.0,30.88094925880432,40.80925559997559,1.0,1024.0,20.0,32.091734886169434,41.98396897315979,1.0,937.0,10.0,32.27680277824402,41.36338448524475,1.0,401.0
gaussian-7-noOverlap,30000.0,20.0,0.0048,5.0,50.0,86.45440149307251,40.334922313690186,1.0,369.0,32.0,33.28911352157593,41.17153716087341,1.0,154.0,20.0,33.00872468948364,41.26754140853882,1.0,158.0,10.0,33.76679182052612,41.65472292900085,1.0,110.0
gaussian-7-noOverlap,30000.0,20.0,0.0048,6.0,50.0,85.43504786491394,40.6198878288269,1.0,122.0,32.0,31.5662100315094,40.57927775382996,1.0,116.0,20.0,32.37770795822144,42.01838040351868,1.0,306.0,10.0,34.13414931297302,41.44268178939819,1.0,132.0
gaussian-7-noOverlap,30000.0,20.0,0.0048,7.0,50.0,92.52860593795776,40.34531092643738,1.0,276.0,32.0,33.34560704231262,40.76973676681519,1.0,252.0,20.0,33.38956379890442,40.46485424041748,1.0,216.0,10.0,33.464031457901,41.9663999080658,1.0,150.0
gaussian-7-noOverlap,30000.0,20.0,0.0048,8.0,50.0,83.5261971950531,42.516472816467285,1.0,230.0,32.0,33.0675003528595,41.40420484542847,1.0,154.0,20.0,32.16433334350586,41.75235676765442,1.0,164.0,10.0,32.257657289505005,41.81947445869446,1.0,137.0
gaussian-7-noOverlap,30000.0,20.0,0.0048,9.0,50.0,84.12608289718628,41.38585686683655,1.0,868.0,32.0,31.666112184524536,41.17557144165039,1.0,988.0,20.0,33.01369285583496,40.5050528049469,1.0,771.0,10.0,32.48477792739868,40.424559116363525,1.0,716.0
gaussian-7-noOverlap,30000.0,20.0,0.0048,10.0,50.0,83.53042912483215,41.487003326416016,1.0,866.0,32.0,31.77549147605896,41.105003118515015,1.0,1168.0,20.0,32.13066244125366,40.70512294769287,1.0,755.0,10.0,32.630709648132324,42.76522302627564,1.0,609.0
gaussian-7-noOverlap,30000.0,50.0,0.012,1.0,50.0,94.3678069114685,40.78883099555969,1.0,416.0,32.0,33.48344445228577,40.93044900894165,1.0,2040.0,20.0,35.618014097213745,41.20898413658142,1.0,213.0,10.0,34.50698184967041,40.97546410560608,1.0,214.0
gaussian-7-noOverlap,30000.0,50.0,0.012,2.0,50.0,92.83744168281557,40.243024826049805,1.0,1146.0,32.0,33.18255019187927,40.96044135093689,1.0,881.0,20.0,33.48193883895874,42.543853521347046,1.0,486.0,10.0,34.12312340736389,41.73218989372253,1.0,666.0
gaussian-7-noOverlap,30000.0,50.0,0.012,3.0,50.0,102.89205002784728,42.22119498252869,1.0,2058.0,32.0,35.09063148498535,42.31729149818421,1.0,2396.0,20.0,35.378018379211426,42.15853810310364,1.0,656.0,10.0,35.319488525390625,40.82378435134888,1.0,644.0
gaussian-7-noOverlap,30000.0,50.0,0.012,4.0,50.0,102.98612308502196,40.904003381729126,1.0,838.0,32.0,33.268840312957764,41.023735761642456,1.0,1698.0,20.0,35.01992654800415,40.675800800323486,1.0,1236.0,10.0,35.41165256500244,41.626893281936646,1.0,712.0
gaussian-7-noOverlap,30000.0,50.0,0.012,5.0,50.0,93.47977352142334,42.030860900878906,1.0,662.0,32.0,33.57465720176697,42.76124906539917,1.0,808.0,20.0,37.20840167999268,41.83683705329895,1.0,1800.0,10.0,34.41812992095947,42.26467323303223,1.0,791.0
gaussian-7-noOverlap,30000.0,50.0,0.012,6.0,50.0,91.8077311515808,40.166032791137695,1.0,2316.0,32.0,32.8465735912323,39.98768353462219,1.0,825.0,20.0,34.88713192939758,39.87158155441284,1.0,901.0,10.0,34.889668703079224,41.68606066703797,1.0,202.0
gaussian-7-noOverlap,30000.0,50.0,0.012,7.0,50.0,92.9361560344696,40.6694757938385,1.0,462.0,32.0,33.19577598571777,41.13201689720154,1.0,218.0,20.0,35.25683569908142,40.59971904754639,1.0,696.0,10.0,33.762911796569824,40.39266204833984,1.0,346.0
gaussian-7-noOverlap,30000.0,50.0,0.012,8.0,50.0,105.12781476974487,43.35014152526856,1.0,622.0,32.0,33.56335520744324,41.97923183441162,1.0,748.0,20.0,33.92241144180298,41.14703106880188,1.0,590.0,10.0,34.39928841590881,41.25894522666931,1.0,44.0
gaussian-7-noOverlap,30000.0,50.0,0.012,9.0,50.0,90.23907113075256,41.59657120704651,1.0,432.0,32.0,34.41410303115845,41.58780336380005,1.0,995.0,20.0,33.49156069755554,41.52422428131104,1.0,428.0,10.0,35.21252107620239,41.37021160125733,1.0,653.0
gaussian-7-noOverlap,30000.0,50.0,0.012,10.0,50.0,95.94168710708618,41.998619556427,1.0,1401.0,32.0,35.06812810897827,41.9642915725708,1.0,2755.0,20.0,36.3197660446167,41.888261556625366,1.0,1245.0,10.0,37.20935297012329,41.69738340377808,1.0,1383.0
gaussian-7-noOverlap,30000.0,100.0,0.024,1.0,50.0,96.77398824691772,41.03138852119446,1.0,1124.0,32.0,33.46853566169739,40.43348383903504,1.0,1082.0,20.0,35.00507211685181,40.49223947525024,1.0,1075.0,10.0,35.385889530181885,40.4849693775177,1.0,414.0
gaussian-7-noOverlap,30000.0,100.0,0.024,2.0,50.0,101.32462978363036,41.91170310974121,1.0,1289.0,32.0,33.98595571517944,41.717334270477295,1.0,1343.0,20.0,35.61504507064819,41.69807744026184,1.0,1592.0,10.0,35.96611475944519,41.864808320999146,1.0,1661.0
gaussian-7-noOverlap,30000.0,100.0,0.024,3.0,50.0,94.91415333747864,41.32230877876282,1.0,673.0,32.0,33.46981358528137,40.952056884765625,1.0,652.0,20.0,35.02474880218506,41.94754600524902,1.0,652.0,10.0,35.26131987571716,41.83688521385193,1.0,658.0
gaussian-7-noOverlap,30000.0,100.0,0.024,4.0,50.0,95.60874843597412,42.098541021347046,1.0,1700.0,32.0,35.191330909729004,41.62761044502258,1.0,1758.0,20.0,35.144169092178345,41.9746298789978,1.0,1433.0,10.0,35.593043088912964,41.644023418426514,1.0,1328.0
gaussian-7-noOverlap,30000.0,100.0,0.024,5.0,50.0,95.49611616134644,40.83414888381958,1.0,846.0,32.0,33.33181715011597,40.52365303039551,1.0,1016.0,20.0,35.29050898551941,40.62487030029297,1.0,611.0,10.0,33.903786182403564,42.76609134674072,1.0,820.0
gaussian-7-noOverlap,30000.0,100.0,0.024,6.0,50.0,97.24901151657104,40.68093729019165,1.0,2273.0,32.0,34.78389048576355,41.4240517616272,1.0,1423.0,20.0,33.76862597465515,41.36895036697388,1.0,1777.0,10.0,35.27629113197327,42.34390187263489,1.0,1064.0
gaussian-7-noOverlap,30000.0,100.0,0.024,7.0,50.0,104.61889576911926,41.63008904457092,1.0,1142.0,32.0,35.54324460029602,41.41454124450684,1.0,1210.0,20.0,34.001699686050415,41.33130383491516,1.0,804.0,10.0,35.06604743003845,41.01105427742005,1.0,756.0
gaussian-7-noOverlap,30000.0,100.0,0.024,8.0,50.0,95.8054177761078,40.24434304237366,1.0,1516.0,32.0,34.531954765319824,40.241321086883545,1.0,1858.0,20.0,35.06723403930664,40.29531216621399,1.0,1456.0,10.0,35.68647480010986,40.02297472953797,1.0,846.0
gaussian-7-noOverlap,30000.0,100.0,0.024,9.0,50.0,97.11247444152832,43.6953067779541,1.0,562.0,32.0,33.684229612350464,42.3730947971344,1.0,785.0,20.0,35.51280188560486,42.47748517990112,1.0,640.0,10.0,35.416441917419434,41.83412146568298,1.0,601.0
gaussian-7-noOverlap,30000.0,100.0,0.024,10.0,50.0,97.95860624313354,42.80449056625366,1.0,1236.0,32.0,33.89697313308716,41.59606409072876,1.0,1200.0,20.0,35.810601472854614,42.24510598182678,1.0,1265.0,10.0,36.45494866371155,42.3582603931427,1.0,1054.0
gaussian-7-noOverlap,30000.0,200.0,0.048,1.0,50.0,107.71141338348389,42.41174483299256,1.0,1701.0,32.0,33.39154243469238,42.007556438446045,1.0,1701.0,20.0,37.03370475769043,43.34078407287598,1.0,430.0,10.0,37.542715549468994,42.35423541069031,1.0,413.0
gaussian-7-noOverlap,30000.0,200.0,0.048,2.0,50.0,109.51000237464903,40.77064919471741,1.0,1390.0,32.0,34.09444618225098,41.853856325149536,1.0,1574.0,20.0,34.74260950088501,40.41173696517944,1.0,1564.0,10.0,36.257054805755615,40.69325041770935,1.0,696.0
gaussian-7-noOverlap,30000.0,200.0,0.048,3.0,50.0,110.75368452072144,40.75109720230103,1.0,1210.0,32.0,33.92439913749695,40.961827993392944,1.0,1268.0,20.0,35.94751071929932,41.8023898601532,1.0,1464.0,10.0,36.23150825500488,41.105063915252686,1.0,1124.0
gaussian-7-noOverlap,30000.0,200.0,0.048,4.0,50.0,109.77368927001952,41.17988634109497,1.0,1314.0,32.0,35.45921874046326,40.68246078491211,1.0,1164.0,20.0,36.484453201293945,40.67207074165344,1.0,618.0,10.0,36.601423025131226,40.54319190979004,1.0,1340.0
gaussian-7-noOverlap,30000.0,200.0,0.048,5.0,50.0,109.21818566322328,40.90004301071167,1.0,3298.0,32.0,34.96626162528992,40.79062294960022,1.0,1749.0,20.0,35.39975619316101,40.97288656234741,1.0,580.0,10.0,34.3156201839447,40.85200047492981,1.0,1334.0
gaussian-7-noOverlap,30000.0,200.0,0.048,6.0,50.0,109.36265730857848,41.997618198394775,1.0,126.0,32.0,34.03949499130249,42.49900555610657,1.0,111.0,20.0,35.9835319519043,41.32117176055908,1.0,135.0,10.0,34.589455366134644,42.17423725128174,1.0,146.0
gaussian-7-noOverlap,30000.0,200.0,0.048,7.0,50.0,107.99880814552309,40.96512150764465,1.0,1044.0,32.0,33.83578586578369,40.74738955497742,1.0,996.0,20.0,35.91188311576843,40.39965105056763,1.0,1277.0,10.0,35.78349494934082,40.64609169960022,1.0,870.0
gaussian-7-noOverlap,30000.0,200.0,0.048,8.0,50.0,109.83478665351868,41.52132701873779,1.0,874.0,32.0,34.04349112510681,41.51968741416931,1.0,1370.0,20.0,34.469857931137085,41.350680112838745,1.0,1188.0,10.0,35.7060022354126,41.13313055038452,1.0,968.0
gaussian-7-noOverlap,30000.0,200.0,0.048,9.0,50.0,110.52111148834229,42.189756870269775,1.0,996.0,32.0,35.052316188812256,40.8015775680542,1.0,1111.0,20.0,36.02674174308777,41.73254084587097,1.0,1101.0,10.0,36.02831697463989,40.93147373199463,1.0,1160.0
gaussian-7-noOverlap,30000.0,200.0,0.048,10.0,50.0,110.39754819869997,41.371989011764526,1.0,2670.0,32.0,34.15831780433655,40.93512034416199,1.0,1986.0,20.0,34.195757150650024,41.05679273605347,1.0,2217.0,10.0,35.73790407180786,41.280635595321655,1.0,1470.0
gaussian-7-noOverlap,40000.0,10.0,0.0032,1.0,50.0,109.06882357597352,92.84220838546752,1.0,476.0,32.0,42.21122646331787,92.4523787498474,1.0,325.0,20.0,43.5889744758606,90.08634853363036,1.0,159.0,10.0,45.2585928440094,94.36619067192078,1.0,79.0
gaussian-7-noOverlap,40000.0,10.0,0.0032,2.0,50.0,109.28450107574464,90.83050680160522,1.0,245.0,32.0,42.30865859985352,91.25665307044984,1.0,227.0,20.0,42.85068941116333,90.41447520256042,1.0,225.0,10.0,43.6327178478241,90.27699398994446,1.0,170.0
gaussian-7-noOverlap,40000.0,10.0,0.0032,3.0,50.0,109.73882627487184,89.64809274673462,1.0,255.0,32.0,40.643290281295776,91.4108772277832,1.0,261.0,20.0,44.25382423400879,89.79671812057495,1.0,260.0,10.0,44.91180467605591,89.72702527046204,1.0,181.0
gaussian-7-noOverlap,40000.0,10.0,0.0032,4.0,50.0,108.82804679870604,89.93323349952698,1.0,182.0,32.0,43.83847498893738,89.93040657043457,1.0,205.0,20.0,44.60779333114624,89.70107793807983,1.0,159.0,10.0,45.01883864402771,89.99741315841675,1.0,144.0
gaussian-7-noOverlap,40000.0,10.0,0.0032,5.0,50.0,112.35534644126892,89.96910953521729,1.0,268.0,32.0,42.56282615661621,90.18165826797484,1.0,108.0,20.0,44.09163951873779,90.34840965270996,1.0,104.0,10.0,43.4936249256134,87.93354678153992,1.0,114.0
gaussian-7-noOverlap,40000.0,10.0,0.0032,6.0,50.0,107.24836945533752,89.36705660820007,1.0,212.0,32.0,43.18025588989258,88.541663646698,1.0,178.0,20.0,44.83072590827942,88.32774877548218,1.0,166.0,10.0,45.016300201416016,89.50073003768921,1.0,174.0
gaussian-7-noOverlap,40000.0,10.0,0.0032,7.0,50.0,111.19241070747375,90.7744755744934,1.0,315.0,32.0,41.08017826080322,91.13744735717772,1.0,380.0,20.0,43.433802127838135,90.70392847061156,1.0,207.0,10.0,44.97923016548157,90.30549120903017,1.0,168.0
gaussian-7-noOverlap,40000.0,10.0,0.0032,8.0,50.0,110.78460741043092,89.98496460914612,1.0,160.0,32.0,41.16556406021118,89.56931781768799,1.0,175.0,20.0,44.23498821258545,89.26656436920166,1.0,100.0,10.0,45.94266152381897,90.80328464508057,1.0,198.0
gaussian-7-noOverlap,40000.0,10.0,0.0032,9.0,50.0,109.19408345222472,90.10013246536256,1.0,227.0,32.0,42.80905508995056,91.68661403656006,1.0,389.0,20.0,43.215288162231445,89.51058650016785,1.0,403.0,10.0,43.35234498977661,90.46457576751708,1.0,306.0
gaussian-7-noOverlap,40000.0,10.0,0.0032,10.0,50.0,110.89405059814452,88.28883814811707,1.0,168.0,32.0,42.579429388046265,88.71190142631531,1.0,223.0,20.0,42.27931356430054,88.83573055267334,1.0,285.0,10.0,45.36981153488159,89.36557269096375,1.0,223.0
gaussian-7-noOverlap,40000.0,20.0,0.0064,1.0,50.0,119.89404010772704,93.0651307106018,1.0,248.0,32.0,46.60900330543518,88.98546409606934,1.0,728.0,20.0,47.56981134414673,89.71389555931091,1.0,312.0,10.0,46.00050592422485,89.11313581466675,1.0,224.0
gaussian-7-noOverlap,40000.0,20.0,0.0064,2.0,50.0,117.98449730873108,89.35729336738586,1.0,82.0,32.0,44.57159876823425,90.01754689216614,1.0,78.0,20.0,46.97508883476257,90.09399223327635,1.0,74.0,10.0,45.91988968849182,88.78671264648438,1.0,282.0
gaussian-7-noOverlap,40000.0,20.0,0.0064,3.0,50.0,123.12398290634157,86.61990666389465,1.0,302.0,32.0,45.38177275657654,90.33072018623352,1.0,184.0,20.0,46.01223373413086,87.87697339057922,1.0,254.0,10.0,48.4154953956604,86.68559622764587,1.0,250.0
gaussian-7-noOverlap,40000.0,20.0,0.0064,4.0,50.0,132.26516389846802,90.69655919075012,1.0,314.0,32.0,49.55907559394837,92.5740122795105,1.0,308.0,20.0,50.54647302627564,92.8671293258667,1.0,801.0,10.0,47.27730369567871,93.51443600654602,1.0,263.0
gaussian-7-noOverlap,40000.0,20.0,0.0064,5.0,50.0,120.00001430511476,88.86850309371948,1.0,584.0,32.0,47.46053290367127,89.76671361923218,1.0,859.0,20.0,45.5537805557251,88.92999482154846,1.0,220.0,10.0,48.04772877693176,89.25138282775879,1.0,548.0
gaussian-7-noOverlap,40000.0,20.0,0.0064,6.0,50.0,117.76999282836914,88.82220578193665,1.0,388.0,32.0,46.62315607070923,90.23911499977112,1.0,441.0,20.0,46.8139488697052,89.10831665992737,1.0,453.0,10.0,45.90800881385803,89.93183827400208,1.0,594.0
gaussian-7-noOverlap,40000.0,20.0,0.0064,7.0,50.0,120.70151257514954,90.21087646484376,1.0,184.0,32.0,47.18661904335022,87.58949828147888,1.0,280.0,20.0,48.57654619216919,89.12946677207947,1.0,232.0,10.0,47.0973482131958,89.47767496109009,1.0,246.0
gaussian-7-noOverlap,40000.0,20.0,0.0064,8.0,50.0,120.4085521697998,91.2671263217926,1.0,346.0,32.0,47.013100147247314,90.5495674610138,1.0,473.0,20.0,47.5498411655426,91.47151708602904,1.0,291.0,10.0,47.16219091415405,93.72986912727356,1.0,305.0
gaussian-7-noOverlap,40000.0,20.0,0.0064,9.0,50.0,124.25278067588806,88.35286808013916,1.0,259.0,32.0,47.292508125305176,90.69873809814452,1.0,323.0,20.0,47.762123584747314,88.07407188415527,1.0,306.0,10.0,48.599239349365234,87.51410818099976,1.0,401.0
gaussian-7-noOverlap,40000.0,20.0,0.0064,10.0,50.0,118.029367685318,89.36023116111755,1.0,157.0,32.0,45.23266315460205,89.30441808700562,1.0,299.0,20.0,47.57239651679993,89.31919050216675,1.0,164.0,10.0,48.121434450149536,88.67695498466492,1.0,168.0
gaussian-7-noOverlap,40000.0,50.0,0.016,1.0,50.0,131.70073699951172,89.70254826545715,1.0,1774.0,32.0,48.59701323509216,89.79356694221497,1.0,572.0,20.0,48.845919370651245,89.29126715660095,1.0,1205.0,10.0,49.602623462677,88.73593783378601,1.0,649.0
gaussian-7-noOverlap,40000.0,50.0,0.016,2.0,50.0,130.8643500804901,90.87882685661316,1.0,954.0,32.0,48.833593130111694,91.59115695953368,1.0,840.0,20.0,48.9578697681427,92.1533064842224,1.0,856.0,10.0,51.30162596702576,89.61267185211182,1.0,1268.0
gaussian-7-noOverlap,40000.0,50.0,0.016,3.0,50.0,131.87356114387512,103.02358078956604,1.0,1524.0,32.0,49.27307605743408,90.85339260101318,1.0,874.0,20.0,47.79538130760193,91.1772186756134,1.0,807.0,10.0,49.331782817840576,90.01781487464905,1.0,377.0
gaussian-7-noOverlap,40000.0,50.0,0.016,4.0,50.0,131.73229837417605,88.7167477607727,1.0,1112.0,32.0,47.19355297088623,88.578195810318,1.0,1183.0,20.0,48.90051031112671,88.60157752037048,1.0,629.0,10.0,51.42027616500855,87.68998908996582,1.0,254.0
gaussian-7-noOverlap,40000.0,50.0,0.016,5.0,50.0,128.89986729621887,89.66055417060852,1.0,574.0,32.0,47.55059599876404,90.10140800476074,1.0,622.0,20.0,50.06993222236633,89.94409108161926,1.0,423.0,10.0,50.53451228141785,88.84285163879395,1.0,525.0
gaussian-7-noOverlap,40000.0,50.0,0.016,6.0,50.0,132.53761196136475,89.23008966445923,1.0,2067.0,32.0,48.90777349472046,89.22251462936401,1.0,1642.0,20.0,49.89623832702637,89.11656355857849,1.0,862.0,10.0,49.95973229408264,88.16686487197876,1.0,808.0
gaussian-7-noOverlap,40000.0,50.0,0.016,7.0,50.0,131.35861587524414,90.84443187713624,1.0,1515.0,32.0,48.69265079498291,89.79019045829773,1.0,1475.0,20.0,48.930681467056274,89.54984283447266,1.0,1411.0,10.0,48.97031545639038,90.6798448562622,1.0,1113.0
gaussian-7-noOverlap,40000.0,50.0,0.016,8.0,50.0,144.27699327468872,89.16027116775513,1.0,2009.0,32.0,48.705748558044434,89.54163241386414,1.0,2260.0,20.0,49.2675199508667,88.97388315200806,1.0,1800.0,10.0,51.899373292922974,88.15517044067383,1.0,446.0
gaussian-7-noOverlap,40000.0,50.0,0.016,9.0,50.0,129.51773929595947,88.67888021469116,1.0,1586.0,32.0,48.261751890182495,90.87382578849792,1.0,1032.0,20.0,48.62771272659302,88.57557129859924,1.0,1022.0,10.0,51.07450079917908,88.86585354804993,1.0,494.0
gaussian-7-noOverlap,40000.0,50.0,0.016,10.0,50.0,130.98490142822266,89.21598815917969,1.0,314.0,32.0,46.96698689460754,88.96855163574219,1.0,302.0,20.0,48.86841177940369,89.06436133384705,1.0,439.0,10.0,49.46257019042969,89.22633409500122,1.0,383.0
gaussian-7-noOverlap,40000.0,100.0,0.032,1.0,50.0,141.83798623085022,91.15283703804016,1.0,1613.0,32.0,49.73131251335144,91.7559769153595,1.0,1709.0,20.0,51.37289547920227,90.05781698226929,1.0,1584.0,10.0,51.78561639785767,90.05156087875366,1.0,1074.0
gaussian-7-noOverlap,40000.0,100.0,0.032,2.0,50.0,137.1297836303711,95.76003909111024,1.0,1820.0,32.0,51.055150508880615,87.40979599952698,1.0,1986.0,20.0,49.41697525978088,88.1515748500824,1.0,1652.0,10.0,49.59971809387207,87.5333161354065,1.0,82.0
gaussian-7-noOverlap,40000.0,100.0,0.032,3.0,50.0,136.1366732120514,89.47147583961487,1.0,324.0,32.0,49.16372561454773,87.17945075035095,1.0,274.0,20.0,48.72780418395996,91.0298342704773,1.0,288.0,10.0,51.87037253379822,87.7385606765747,1.0,1397.0
gaussian-7-noOverlap,40000.0,100.0,0.032,4.0,50.0,138.4673717021942,90.53079652786256,1.0,582.0,32.0,47.244399309158325,90.80590677261353,1.0,1279.0,20.0,51.01349234580994,89.81662058830261,1.0,1300.0,10.0,49.39577722549439,89.47633242607117,1.0,642.0
gaussian-7-noOverlap,40000.0,100.0,0.032,5.0,50.0,137.57555294036865,90.9760241508484,1.0,2694.0,32.0,48.85871911048889,90.67942714691162,1.0,2270.0,20.0,49.16257333755493,90.23447632789612,1.0,1583.0,10.0,49.53020524978638,89.78904318809509,1.0,796.0
gaussian-7-noOverlap,40000.0,100.0,0.032,6.0,50.0,138.6569845676422,87.56249642372131,1.0,1725.0,32.0,49.04698705673218,90.18580150604248,1.0,694.0,20.0,50.30750036239624,92.1160924434662,1.0,653.0,10.0,49.85899829864502,87.40779089927673,1.0,585.0
gaussian-7-noOverlap,40000.0,100.0,0.032,7.0,50.0,151.74957036972046,91.64922857284546,1.0,2047.0,32.0,50.317538022995,91.43858551979064,1.0,2419.0,20.0,51.943336486816406,89.94933700561523,1.0,798.0,10.0,51.311063289642334,90.54683017730711,1.0,596.0
gaussian-7-noOverlap,40000.0,100.0,0.032,8.0,50.0,135.74085116386414,89.17369937896729,1.0,3689.0,32.0,48.99325609207153,88.99141454696655,1.0,3869.0,20.0,49.54097867012024,88.78693294525146,1.0,3195.0,10.0,49.85667252540589,88.25044655799866,1.0,3637.0
gaussian-7-noOverlap,40000.0,100.0,0.032,9.0,50.0,140.6217520236969,89.06903433799744,1.0,600.0,32.0,49.45921754837036,88.96088552474976,1.0,1505.0,20.0,49.91969156265259,88.51952052116394,1.0,1342.0,10.0,52.2559289932251,91.29858064651488,1.0,1100.0
gaussian-7-noOverlap,40000.0,100.0,0.032,10.0,50.0,137.01456928253174,90.4233763217926,1.0,3302.0,32.0,49.494160652160645,90.42852711677553,1.0,1394.0,20.0,51.92011594772339,90.9301826953888,1.0,1297.0,10.0,51.86065173149109,89.61891174316406,1.0,1252.0
gaussian-7-noOverlap,40000.0,200.0,0.064,1.0,50.0,162.455735206604,94.2493212223053,1.0,2550.0,32.0,49.845664739608765,89.93857979774475,1.0,1761.0,20.0,49.9397075176239,90.1328854560852,1.0,1493.0,10.0,50.12671446800232,89.25284004211426,1.0,1349.0
gaussian-7-noOverlap,40000.0,200.0,0.064,2.0,50.0,165.62307000160217,91.32378697395325,1.0,2431.0,32.0,51.46038675308228,94.58845710754396,1.0,1190.0,20.0,52.51974248886109,92.55501055717468,1.0,602.0,10.0,52.52570176124573,91.00116682052612,1.0,471.0
gaussian-7-noOverlap,40000.0,200.0,0.064,3.0,50.0,167.71397876739502,89.71756386756897,1.0,666.0,32.0,50.9642596244812,89.01642847061157,1.0,622.0,20.0,52.91057753562927,89.63378190994263,1.0,573.0,10.0,53.68746304512024,91.1828727722168,1.0,865.0
gaussian-7-noOverlap,40000.0,200.0,0.064,4.0,50.0,163.20617032051086,90.01048994064331,1.0,4816.0,32.0,49.61570453643799,90.61022329330444,1.0,1489.0,20.0,51.53755164146423,90.58650183677672,1.0,5558.0,10.0,51.28945708274841,89.8667345046997,1.0,3341.0
gaussian-7-noOverlap,40000.0,200.0,0.064,5.0,50.0,162.068922996521,91.02604651451112,1.0,790.0,32.0,50.82583475112915,90.89617347717284,1.0,1012.0,20.0,49.5090868473053,92.09453129768372,1.0,1046.0,10.0,49.52503681182861,91.38633847236632,1.0,842.0
gaussian-7-noOverlap,40000.0,200.0,0.064,6.0,50.0,163.78078269958496,89.70144748687744,1.0,2246.0,32.0,51.190746784210205,88.70984673500061,1.0,2310.0,20.0,51.9690465927124,89.75191617012024,1.0,2322.0,10.0,51.655320167541504,88.99132370948792,1.0,1925.0
gaussian-7-noOverlap,40000.0,200.0,0.064,7.0,50.0,169.60635590553284,90.20008039474487,1.0,685.0,32.0,50.12760210037232,90.45890998840332,1.0,838.0,20.0,50.76610589027405,90.11250376701356,1.0,983.0,10.0,50.84665536880493,90.10851311683656,1.0,1646.0
gaussian-7-noOverlap,40000.0,200.0,0.064,8.0,50.0,160.93060493469238,89.07252216339111,1.0,1777.0,32.0,49.53652620315552,89.65277290344238,1.0,2099.0,20.0,49.54755139350891,89.76213765144348,1.0,1854.0,10.0,49.89860558509827,88.75261354446411,1.0,1818.0
gaussian-7-noOverlap,40000.0,200.0,0.064,9.0,50.0,167.67434763908386,90.07746720314026,1.0,2590.0,32.0,49.249446392059326,90.42102718353271,1.0,2736.0,20.0,49.30504655838013,89.86681127548218,1.0,1634.0,10.0,49.81785345077515,89.07413482666016,1.0,1808.0
gaussian-7-noOverlap,40000.0,200.0,0.064,10.0,50.0,170.0039348602295,90.90121817588806,1.0,1958.0,32.0,51.51463127136231,93.0622341632843,1.0,2058.0,20.0,49.91923213005066,89.93406128883362,1.0,1846.0,10.0,50.19359540939331,92.71547436714172,1.0,1180.0
gaussian-5-noOverlap,5000.0,10.0,0.0004,1.0,50.0,12.166394233703612,1.468583345413208,1.0,252.0,32.0,3.6281487941741934,1.381160020828247,1.0,142.0,20.0,3.733405590057373,1.3856971263885498,1.0,232.0,10.0,3.722463130950928,1.3855624198913574,1.0,200.0
gaussian-5-noOverlap,5000.0,10.0,0.0004,2.0,50.0,12.052776336669922,1.455967903137207,1.0,72.0,32.0,3.5995869636535645,1.3502326011657717,1.0,68.0,20.0,3.712387800216675,1.3467388153076172,1.0,80.0,10.0,3.673553943634033,1.34153151512146,1.0,94.0
gaussian-5-noOverlap,5000.0,10.0,0.0004,3.0,50.0,12.175697565078735,1.4575152397155762,1.0,212.0,32.0,3.626569986343384,1.3732728958129885,1.0,265.0,20.0,3.637651443481445,1.4118330478668213,1.0,238.0,10.0,3.91902494430542,1.344041109085083,1.0,307.0
gaussian-5-noOverlap,5000.0,10.0,0.0004,4.0,50.0,12.225101947784424,1.4891788959503174,1.0,118.0,32.0,3.5960397720336914,1.387894630432129,1.0,177.0,20.0,3.652940273284912,1.3825905323028564,1.0,186.0,10.0,3.682835578918457,1.3788244724273682,1.0,198.0
gaussian-5-noOverlap,5000.0,10.0,0.0004,5.0,50.0,12.22297191619873,1.4876375198364258,1.0,132.0,32.0,3.637714385986328,1.4540812969207764,1.0,110.0,20.0,3.721349954605103,1.3658185005187988,1.0,90.0,10.0,3.692255973815918,1.40130877494812,1.0,98.0
gaussian-5-noOverlap,5000.0,10.0,0.0004,6.0,50.0,12.154943466186523,1.485351800918579,1.0,552.0,32.0,3.6246097087860094,1.384915828704834,1.0,477.0,20.0,3.693204402923584,1.3792498111724854,1.0,205.0,10.0,3.679686069488525,1.370959758758545,1.0,209.0
gaussian-5-noOverlap,5000.0,10.0,0.0004,7.0,50.0,12.354851722717283,1.4810876846313477,1.0,350.0,32.0,3.638773679733277,1.373290777206421,1.0,277.0,20.0,3.3737542629241943,1.6860089302062988,1.0,309.0,10.0,3.7073159217834473,1.3629093170166016,1.0,161.0
gaussian-5-noOverlap,5000.0,10.0,0.0004,8.0,50.0,12.217437028884888,1.3893473148345947,1.0,222.0,32.0,3.602016925811768,1.4717364311218262,1.0,181.0,20.0,3.613208293914795,1.402961015701294,1.0,208.0,10.0,3.712645292282105,1.3686909675598145,1.0,233.0
gaussian-5-noOverlap,5000.0,10.0,0.0004,9.0,50.0,12.052753448486328,1.4970080852508545,1.0,89.0,32.0,3.692873477935791,1.4042718410491943,1.0,97.0,20.0,3.787365436553955,1.4639995098114014,1.0,103.0,10.0,4.077241897583008,1.3755545616149902,1.0,106.0
gaussian-5-noOverlap,5000.0,10.0,0.0004,10.0,50.0,12.373120307922363,1.4470081329345703,1.0,353.0,32.0,3.604414463043213,1.445664405822754,1.0,275.0,20.0,3.3571982383728027,1.4013116359710691,1.0,259.0,10.0,3.770615577697754,1.4083924293518066,1.0,203.0
gaussian-5-noOverlap,5000.0,20.0,0.0008,1.0,50.0,13.074052572250366,1.378143072128296,1.0,123.0,32.0,3.7536792755126953,1.382978916168213,1.0,126.0,20.0,4.099448442459106,1.4716980457305908,1.0,120.0,10.0,4.090150356292725,1.453902006149292,1.0,120.0
gaussian-5-noOverlap,5000.0,20.0,0.0008,2.0,50.0,12.746925830841064,1.426180362701416,1.0,398.0,32.0,3.784496545791626,1.3822379112243652,1.0,328.0,20.0,3.8725740909576416,1.376378297805786,1.0,272.0,10.0,3.841202974319458,1.3760614395141602,1.0,407.0
gaussian-5-noOverlap,5000.0,20.0,0.0008,3.0,50.0,12.86350679397583,1.422557353973389,1.0,336.0,32.0,3.7791941165924072,1.4148879051208496,1.0,286.0,20.0,4.077304840087891,1.400463581085205,1.0,182.0,10.0,3.818250894546509,1.4059438705444336,1.0,140.0
gaussian-5-noOverlap,5000.0,20.0,0.0008,4.0,50.0,12.748721361160278,1.5265703201293943,1.0,133.0,32.0,4.062432050704956,1.3926196098327637,1.0,129.0,20.0,3.804640054702759,1.377004861831665,1.0,145.0,10.0,3.823834419250488,1.369556188583374,1.0,146.0
gaussian-5-noOverlap,5000.0,20.0,0.0008,5.0,50.0,12.597679376602173,1.3656034469604492,1.0,525.0,32.0,3.78005051612854,1.3576264381408691,1.0,181.0,20.0,3.8400719165802,1.3530075550079346,1.0,192.0,10.0,4.141594648361206,1.349590539932251,1.0,182.0
gaussian-5-noOverlap,5000.0,20.0,0.0008,6.0,50.0,13.067914247512816,1.3940272331237793,1.0,207.0,32.0,3.540785551071167,1.422877550125122,1.0,273.0,20.0,3.9100379943847656,1.424546480178833,1.0,318.0,10.0,3.907323122024536,1.423173904418945,1.0,244.0
gaussian-5-noOverlap,5000.0,20.0,0.0008,7.0,50.0,12.898915767669678,1.4269766807556152,1.0,312.0,32.0,4.038604259490967,1.4164648056030271,1.0,472.0,20.0,3.859609842300415,1.416792631149292,1.0,364.0,10.0,3.8464839458465576,1.4429504871368408,1.0,244.0
gaussian-5-noOverlap,5000.0,20.0,0.0008,8.0,50.0,12.52830171585083,1.382413625717163,1.0,612.0,32.0,3.756966352462769,1.4067895412445068,1.0,521.0,20.0,3.786571264266968,1.380037784576416,1.0,286.0,10.0,4.08213996887207,1.3823354244232178,1.0,269.0
gaussian-5-noOverlap,5000.0,20.0,0.0008,9.0,50.0,12.924685716629028,1.4179108142852783,1.0,539.0,32.0,3.780900239944458,1.3603053092956543,1.0,183.0,20.0,4.136084318161011,1.3537890911102295,1.0,225.0,10.0,4.159287929534912,1.3564465045928955,1.0,587.0
gaussian-5-noOverlap,5000.0,20.0,0.0008,10.0,50.0,13.195638179779053,1.474135160446167,1.0,536.0,32.0,3.809134960174561,1.3756773471832275,1.0,273.0,20.0,3.866320848464966,1.3764338493347168,1.0,345.0,10.0,4.148417949676514,1.3723092079162598,1.0,266.0
gaussian-5-noOverlap,5000.0,50.0,0.002,1.0,50.0,13.752561807632446,1.4650654792785645,1.0,152.0,32.0,4.156306266784668,1.3702287673950195,1.0,156.0,20.0,3.9114818572998047,1.370093584060669,1.0,144.0,10.0,3.8901681900024414,1.3589541912078855,1.0,138.0
gaussian-5-noOverlap,5000.0,50.0,0.002,2.0,50.0,13.508487462997437,1.3769803047180176,1.0,164.0,32.0,3.84148383140564,1.3612518310546875,1.0,272.0,20.0,4.212771892547607,1.3523268699645996,1.0,440.0,10.0,4.186573505401611,1.3473775386810305,1.0,152.0
gaussian-5-noOverlap,5000.0,50.0,0.002,3.0,50.0,13.478944301605225,1.3921141624450684,1.0,1050.0,32.0,4.122727394104004,1.3737876415252686,1.0,584.0,20.0,4.190558910369873,1.3693187236785889,1.0,1018.0,10.0,4.148221015930176,1.3706982135772705,1.0,546.0
gaussian-5-noOverlap,5000.0,50.0,0.002,4.0,50.0,13.650816440582275,1.4579846858978271,1.0,78.0,32.0,4.008982658386231,1.4206101894378662,1.0,74.0,20.0,4.0473034381866455,1.4506843090057373,1.0,66.0,10.0,4.297706604003906,1.4421870708465576,1.0,76.0
gaussian-5-noOverlap,5000.0,50.0,0.002,5.0,50.0,13.47557520866394,1.405508279800415,1.0,428.0,32.0,3.89050817489624,1.3771865367889404,1.0,280.0,20.0,3.862858057022095,1.3651974201202393,1.0,504.0,10.0,4.209163665771484,1.3651795387268066,1.0,338.0
gaussian-5-noOverlap,5000.0,50.0,0.002,6.0,50.0,13.644957542419434,1.4762165546417236,1.0,414.0,32.0,3.963664531707764,1.3768770694732666,1.0,482.0,20.0,3.9776086807250977,1.374763250350952,1.0,715.0,10.0,3.977177619934082,1.3679449558258057,1.0,385.0
gaussian-5-noOverlap,5000.0,50.0,0.002,7.0,50.0,13.625929832458496,1.494744062423706,1.0,244.0,32.0,3.867291212081909,1.3915948867797852,1.0,226.0,20.0,3.9144287109375,1.3864126205444336,1.0,540.0,10.0,3.948494672775269,1.375141143798828,1.0,228.0
gaussian-5-noOverlap,5000.0,50.0,0.002,8.0,50.0,13.310088157653809,1.3802177906036377,1.0,685.0,32.0,3.855656385421753,1.3652279376983645,1.0,647.0,20.0,3.89482045173645,1.3609306812286377,1.0,764.0,10.0,3.8785152435302734,1.3643815517425537,1.0,173.0
gaussian-5-noOverlap,5000.0,50.0,0.002,9.0,50.0,13.54581880569458,1.3741483688354492,1.0,540.0,32.0,3.922650814056397,1.3577146530151367,1.0,537.0,20.0,3.892592906951904,1.369710922241211,1.0,168.0,10.0,4.287957429885864,1.3537766933441162,1.0,149.0
gaussian-5-noOverlap,5000.0,50.0,0.002,10.0,50.0,13.5588800907135,1.48553466796875,1.0,378.0,32.0,3.9089858531951904,1.3632588386535645,1.0,362.0,20.0,3.870884895324707,1.3579366207122805,1.0,336.0,10.0,4.253111839294434,1.35052752494812,1.0,268.0
gaussian-5-noOverlap,5000.0,100.0,0.004,1.0,50.0,13.078763246536257,1.372750997543335,1.0,1118.0,32.0,4.134479522705078,1.3971507549285889,1.0,602.0,20.0,3.858497619628906,1.3942410945892334,1.0,358.0,10.0,3.876430988311768,1.384382247924805,1.0,323.0
gaussian-5-noOverlap,5000.0,100.0,0.004,2.0,50.0,13.318003177642822,1.4669406414031982,1.0,1362.0,32.0,3.917235374450684,1.378894567489624,1.0,1198.0,20.0,4.2345521450042725,1.374763011932373,1.0,1064.0,10.0,3.939601182937622,1.3694205284118652,1.0,534.0
gaussian-5-noOverlap,5000.0,100.0,0.004,3.0,50.0,13.325554132461548,1.3941667079925537,1.0,963.0,32.0,3.9157962799072266,1.3754866123199463,1.0,1083.0,20.0,3.9856154918670654,1.371713399887085,1.0,1023.0,10.0,3.978226900100708,1.37334942817688,1.0,676.0
gaussian-5-noOverlap,5000.0,100.0,0.004,4.0,50.0,13.218340635299684,1.4733123779296875,1.0,346.0,32.0,3.924529552459717,1.4299261569976809,1.0,528.0,20.0,4.02528977394104,1.3797249794006348,1.0,208.0,10.0,3.9659383296966553,1.431570291519165,1.0,287.0
gaussian-5-noOverlap,5000.0,100.0,0.004,5.0,50.0,13.144080877304075,1.49798583984375,1.0,812.0,32.0,4.349515438079834,1.4432919025421145,1.0,484.0,20.0,4.2463743686676025,1.4587228298187256,1.0,496.0,10.0,4.341888666152954,1.3566398620605469,1.0,444.0
gaussian-5-noOverlap,5000.0,100.0,0.004,6.0,50.0,13.354429483413696,1.3912935256958008,1.0,242.0,32.0,4.013267517089844,1.372563362121582,1.0,212.0,20.0,3.99866795539856,1.3657341003417969,1.0,190.0,10.0,4.010246276855469,1.3640525341033936,1.0,252.0
gaussian-5-noOverlap,5000.0,100.0,0.004,7.0,50.0,13.599916696548462,1.3968961238861084,1.0,489.0,32.0,4.004751682281494,1.4684431552886963,1.0,411.0,20.0,3.933213949203491,1.4667599201202393,1.0,366.0,10.0,4.290374755859375,1.407703161239624,1.0,377.0
gaussian-5-noOverlap,5000.0,100.0,0.004,8.0,50.0,13.6023428440094,1.4656314849853516,1.0,704.0,32.0,3.949611186981201,1.39149808883667,1.0,391.0,20.0,3.927487850189209,1.382660150527954,1.0,388.0,10.0,4.005502939224243,1.382568120956421,1.0,461.0
gaussian-5-noOverlap,5000.0,100.0,0.004,9.0,50.0,13.30105471611023,1.4799892902374268,1.0,712.0,32.0,3.889549016952514,1.3919062614440918,1.0,740.0,20.0,3.982143878936768,1.3859410285949707,1.0,802.0,10.0,3.9622740745544434,1.382202386856079,1.0,757.0
gaussian-5-noOverlap,5000.0,100.0,0.004,10.0,50.0,13.049612760543823,1.3802649974822998,1.0,576.0,32.0,4.182628870010376,1.4061686992645264,1.0,544.0,20.0,3.914052963256836,1.41029953956604,1.0,486.0,10.0,3.9126107692718506,1.3982336521148682,1.0,476.0
gaussian-5-noOverlap,5000.0,200.0,0.008,1.0,50.0,13.606236457824709,1.4568071365356443,1.0,394.0,32.0,3.910458087921143,1.3588883876800537,1.0,416.0,20.0,4.099716424942017,1.4388222694396973,1.0,442.0,10.0,4.013441324234009,1.3685152530670166,1.0,946.0
gaussian-5-noOverlap,5000.0,200.0,0.008,2.0,50.0,13.662163734436035,1.4820990562438965,1.0,1339.0,32.0,3.959679126739502,1.4138481616973877,1.0,921.0,20.0,4.074996709823608,1.4766266345977783,1.0,562.0,10.0,4.027827024459839,1.418560028076172,1.0,624.0
gaussian-5-noOverlap,5000.0,200.0,0.008,3.0,50.0,14.128849983215332,1.4887869358062744,1.0,288.0,32.0,3.993643045425415,1.3970458507537842,1.0,290.0,20.0,3.990279674530029,1.3789148330688477,1.0,165.0,10.0,3.996106386184693,1.393829345703125,1.0,374.0
gaussian-5-noOverlap,5000.0,200.0,0.008,4.0,50.0,13.715880632400513,1.454204559326172,1.0,1740.0,32.0,4.0076000690460205,1.4307355880737305,1.0,1611.0,20.0,3.987716674804688,1.4634008407592771,1.0,1110.0,10.0,4.010207891464233,1.4224109649658203,1.0,1159.0
gaussian-5-noOverlap,5000.0,200.0,0.008,5.0,50.0,13.271042108535768,1.4469709396362305,1.0,1346.0,32.0,3.937350273132324,1.4278976917266846,1.0,779.0,20.0,3.9455626010894775,1.4129819869995115,1.0,641.0,10.0,3.975635290145874,1.4188590049743652,1.0,551.0
gaussian-5-noOverlap,5000.0,200.0,0.008,6.0,50.0,13.713860034942629,1.3832283020019531,1.0,255.0,32.0,3.943226337432861,1.4029600620269775,1.0,220.0,20.0,4.313079595565796,1.416547775268555,1.0,213.0,10.0,4.342146635055542,1.3843839168548584,1.0,202.0
gaussian-5-noOverlap,5000.0,200.0,0.008,7.0,50.0,13.685498237609863,1.514406681060791,1.0,1134.0,32.0,3.952352285385132,1.3692407608032229,1.0,1052.0,20.0,4.012538194656372,1.3767449855804443,1.0,1092.0,10.0,3.994622707366944,1.351738691329956,1.0,662.0
gaussian-5-noOverlap,5000.0,200.0,0.008,8.0,50.0,13.43435835838318,1.454064130783081,1.0,148.0,32.0,3.892325639724731,1.4008424282073977,1.0,132.0,20.0,3.96570086479187,1.385317325592041,1.0,150.0,10.0,4.246922731399536,1.3809254169464111,1.0,134.0
gaussian-5-noOverlap,5000.0,200.0,0.008,9.0,50.0,13.863085746765137,1.411996364593506,1.0,324.0,32.0,3.972936391830444,1.3917794227600098,1.0,405.0,20.0,4.018313407897949,1.38946795463562,1.0,82.0,10.0,4.287506580352783,1.377835750579834,1.0,218.0
gaussian-5-noOverlap,5000.0,200.0,0.008,10.0,50.0,13.41165828704834,1.4351434707641602,1.0,516.0,32.0,4.191041946411133,1.4172616004943848,1.0,558.0,20.0,3.890614748001098,1.416351318359375,1.0,649.0,10.0,3.9169020652771,1.4130737781524658,1.0,695.0
gaussian-5-noOverlap,10000.0,10.0,0.0008,1.0,50.0,26.58360934257508,5.090180635452271,1.0,243.0,32.0,8.493332862854004,5.108073949813843,1.0,223.0,20.0,8.729989528656006,5.058027029037476,1.0,247.0,10.0,8.67182731628418,5.070071458816528,1.0,305.0
gaussian-5-noOverlap,10000.0,10.0,0.0008,2.0,50.0,23.77365756034851,4.993407487869263,1.0,181.0,32.0,8.188102960586548,4.811044454574585,1.0,220.0,20.0,8.313535451889038,4.965192079544067,1.0,191.0,10.0,8.319048404693604,4.925454378128052,1.0,141.0
gaussian-5-noOverlap,10000.0,10.0,0.0008,3.0,50.0,23.98934316635132,5.027202367782593,1.0,459.0,32.0,8.181632280349731,5.008782148361206,1.0,371.0,20.0,7.796947956085205,4.920262098312378,1.0,321.0,10.0,8.414414644241333,4.954859972000122,1.0,245.0
gaussian-5-noOverlap,10000.0,10.0,0.0008,4.0,50.0,24.388839721679688,5.433311462402344,1.0,321.0,32.0,8.186614751815796,5.111191749572754,1.0,304.0,20.0,8.325191974639893,4.845953941345215,1.0,253.0,10.0,8.280507564544678,5.1732141971588135,1.0,199.0
gaussian-5-noOverlap,10000.0,10.0,0.0008,5.0,50.0,23.816516637802124,4.833937883377075,1.0,76.0,32.0,8.093605756759644,4.834312677383423,1.0,78.0,20.0,8.150487661361694,4.817065000534058,1.0,76.0,10.0,8.162042379379272,4.808798313140869,1.0,184.0
gaussian-5-noOverlap,10000.0,10.0,0.0008,6.0,50.0,24.10251235961914,4.90295934677124,1.0,496.0,32.0,8.11317491531372,5.152897119522095,1.0,386.0,20.0,8.230276346206665,4.845807075500488,1.0,226.0,10.0,8.413012742996216,4.877786636352539,1.0,308.0
gaussian-5-noOverlap,10000.0,10.0,0.0008,7.0,50.0,24.271414041519165,4.985995292663574,1.0,257.0,32.0,8.101798295974731,4.974756240844727,1.0,190.0,20.0,7.842688798904419,4.952173709869385,1.0,226.0,10.0,8.31110668182373,4.94572901725769,1.0,239.0
gaussian-5-noOverlap,10000.0,10.0,0.0008,8.0,50.0,24.580687999725345,4.976210594177246,1.0,130.0,32.0,8.136386156082153,4.9799017906188965,1.0,320.0,20.0,8.306941032409668,4.970600605010986,1.0,124.0,10.0,8.268985986709595,4.900525569915772,1.0,150.0
gaussian-5-noOverlap,10000.0,10.0,0.0008,9.0,50.0,27.33734440803528,5.017667055130005,1.0,180.0,32.0,8.658251523971558,5.112800121307373,1.0,159.0,20.0,8.814234495162964,5.156388282775879,1.0,104.0,10.0,8.897090911865234,5.259034156799316,1.0,76.0
gaussian-5-noOverlap,10000.0,10.0,0.0008,10.0,50.0,23.57238459587097,5.070250988006592,1.0,415.0,32.0,8.093982219696045,5.045398712158203,1.0,395.0,20.0,7.835144281387329,5.0706095695495605,1.0,255.0,10.0,8.70431637763977,5.047969579696655,1.0,291.0
gaussian-5-noOverlap,10000.0,20.0,0.0016,1.0,50.0,25.375912189483643,5.343449831008911,1.0,412.0,32.0,8.555781602859497,5.196642160415649,1.0,462.0,20.0,8.486697912216187,5.091606616973877,1.0,481.0,10.0,8.571731090545654,4.841701030731201,1.0,165.0
gaussian-5-noOverlap,10000.0,20.0,0.0016,2.0,50.0,25.503659963607788,4.91701865196228,1.0,574.0,32.0,8.372378826141357,4.895254611968994,1.0,430.0,20.0,9.018137454986572,4.963350534439087,1.0,220.0,10.0,8.535199642181396,4.876665830612183,1.0,310.0
gaussian-5-noOverlap,10000.0,20.0,0.0016,3.0,50.0,25.58585524559021,4.9462220668792725,1.0,496.0,32.0,8.502133846282959,5.180021286010742,1.0,76.0,20.0,8.558059215545654,4.788604021072388,1.0,76.0,10.0,8.804760694503784,5.172386646270752,1.0,170.0
gaussian-5-noOverlap,10000.0,20.0,0.0016,4.0,50.0,25.47077989578247,5.167688608169556,1.0,349.0,32.0,8.59133243560791,5.120941162109375,1.0,394.0,20.0,8.541024208068848,5.022564172744751,1.0,180.0,10.0,8.56655740737915,4.962236881256104,1.0,221.0
gaussian-5-noOverlap,10000.0,20.0,0.0016,5.0,50.0,26.41078019142151,5.229370594024658,1.0,202.0,32.0,8.421342372894287,4.987025499343872,1.0,405.0,20.0,8.635063886642456,4.9867262840271,1.0,268.0,10.0,9.010084867477415,4.958888292312622,1.0,274.0
gaussian-5-noOverlap,10000.0,20.0,0.0016,6.0,50.0,26.166852712631226,4.950822353363037,1.0,594.0,32.0,8.535663604736328,5.023516893386841,1.0,607.0,20.0,8.608992099761963,5.005147695541382,1.0,442.0,10.0,8.986371755599976,4.998783588409424,1.0,234.0
gaussian-5-noOverlap,10000.0,20.0,0.0016,7.0,50.0,25.675641298294067,4.964827537536621,1.0,383.0,32.0,8.438615083694458,4.885207653045654,1.0,358.0,20.0,8.459136486053467,4.8645548820495605,1.0,324.0,10.0,8.44170069694519,4.94733190536499,1.0,202.0
gaussian-5-noOverlap,10000.0,20.0,0.0016,8.0,50.0,25.382325410842896,4.794873476028442,1.0,332.0,32.0,8.86956787109375,5.090095043182373,1.0,349.0,20.0,8.562698364257812,4.909464359283447,1.0,650.0,10.0,9.14215350151062,5.130374908447266,1.0,378.0
gaussian-5-noOverlap,10000.0,20.0,0.0016,9.0,50.0,25.45268154144287,5.093215465545654,1.0,606.0,32.0,8.48332142829895,5.163954734802246,1.0,318.0,20.0,8.557687282562256,5.1992292404174805,1.0,150.0,10.0,8.510030508041382,5.107341051101685,1.0,158.0
gaussian-5-noOverlap,10000.0,20.0,0.0016,10.0,50.0,28.68634057044983,4.912129878997803,1.0,270.0,32.0,8.92310881614685,5.321351766586304,1.0,244.0,20.0,8.694620609283447,5.112753629684448,1.0,258.0,10.0,8.541778802871704,5.055219888687134,1.0,187.0
gaussian-5-noOverlap,10000.0,50.0,0.004,1.0,50.0,26.20079493522644,4.807642936706543,1.0,1720.0,32.0,9.087665796279907,5.0199806690216064,1.0,1078.0,20.0,8.758684396743774,5.043341159820557,1.0,1123.0,10.0,9.364805936813354,5.089973211288452,1.0,242.0
gaussian-5-noOverlap,10000.0,50.0,0.004,2.0,50.0,27.145036220550537,5.180031776428223,1.0,298.0,32.0,8.915179252624512,5.159522771835327,1.0,179.0,20.0,8.877473831176758,4.928058862686157,1.0,149.0,10.0,9.4843008518219,4.856070518493652,1.0,182.0
gaussian-5-noOverlap,10000.0,50.0,0.004,3.0,50.0,28.42635655403137,5.191850185394287,1.0,1613.0,32.0,8.950780391693115,5.039081335067749,1.0,696.0,20.0,9.011759281158447,4.972018241882324,1.0,701.0,10.0,9.066880226135254,4.97144079208374,1.0,855.0
gaussian-5-noOverlap,10000.0,50.0,0.004,4.0,50.0,27.48310351371765,4.887089967727661,1.0,399.0,32.0,8.920776605606079,5.036546468734741,1.0,511.0,20.0,9.543961763381958,4.988919019699097,1.0,432.0,10.0,8.885508060455322,4.924764633178711,1.0,362.0
gaussian-5-noOverlap,10000.0,50.0,0.004,5.0,50.0,28.658750534057617,5.118896961212158,1.0,1661.0,32.0,9.687004089355469,5.038489103317261,1.0,1205.0,20.0,8.800016164779663,4.91691517829895,1.0,1061.0,10.0,8.85633635520935,4.95265793800354,1.0,1061.0
gaussian-5-noOverlap,10000.0,50.0,0.004,6.0,50.0,29.73257279396057,5.13079309463501,1.0,1114.0,32.0,9.436460971832275,5.171469926834106,1.0,1131.0,20.0,8.963523149490356,4.830578088760376,1.0,472.0,10.0,8.970797300338745,4.875854969024658,1.0,376.0
gaussian-5-noOverlap,10000.0,50.0,0.004,7.0,50.0,26.475928783416748,4.91128945350647,1.0,260.0,32.0,8.70828652381897,4.851698875427246,1.0,238.0,20.0,8.781893968582153,4.841552257537842,1.0,434.0,10.0,8.80849003791809,4.936112403869629,1.0,392.0
gaussian-5-noOverlap,10000.0,50.0,0.004,8.0,50.0,27.37620234489441,5.019523859024048,1.0,694.0,32.0,8.936245203018188,4.842316627502441,1.0,900.0,20.0,8.796023607254028,4.816017150878906,1.0,688.0,10.0,8.936681985855103,4.827359914779663,1.0,492.0
gaussian-5-noOverlap,10000.0,50.0,0.004,9.0,50.0,26.65941596031189,5.04951548576355,1.0,552.0,32.0,8.93998384475708,5.152768850326538,1.0,818.0,20.0,9.489031314849854,4.889523267745972,1.0,402.0,10.0,9.071690082550049,5.125140905380249,1.0,148.0
gaussian-5-noOverlap,10000.0,50.0,0.004,10.0,50.0,27.013683557510376,5.200602054595947,1.0,965.0,32.0,9.303267002105711,5.204591035842896,1.0,850.0,20.0,8.921685218811035,5.13577938079834,1.0,643.0,10.0,9.769564151763916,5.186975002288818,1.0,356.0
gaussian-5-noOverlap,10000.0,100.0,0.008,1.0,50.0,30.04067301750183,5.138222932815552,1.0,1516.0,32.0,9.09767770767212,4.832664251327515,1.0,952.0,20.0,9.015808343887327,4.916038513183594,1.0,1005.0,10.0,9.214654207229614,4.8702073097229,1.0,681.0
gaussian-5-noOverlap,10000.0,100.0,0.008,2.0,50.0,27.726194381713867,4.9523231983184814,1.0,824.0,32.0,9.393609285354614,4.973995685577393,1.0,946.0,20.0,9.12029218673706,4.940617322921753,1.0,1522.0,10.0,9.59375548362732,4.897934913635254,1.0,564.0
gaussian-5-noOverlap,10000.0,100.0,0.008,3.0,50.0,31.48428249359131,5.1038877964019775,1.0,743.0,32.0,9.236397981643677,4.846845865249634,1.0,1327.0,20.0,9.506222248077393,4.8398756980896,1.0,1412.0,10.0,9.6762797832489,4.820820093154907,1.0,900.0
gaussian-5-noOverlap,10000.0,100.0,0.008,4.0,50.0,30.33879828453064,5.252456426620483,1.0,981.0,32.0,9.709423303604126,4.993410110473633,1.0,871.0,20.0,8.976646661758423,5.038893461227417,1.0,640.0,10.0,9.549646139144896,4.88211727142334,1.0,881.0
gaussian-5-noOverlap,10000.0,100.0,0.008,5.0,50.0,28.378971815109253,4.964519500732422,1.0,762.0,32.0,9.482255220413208,4.899614810943604,1.0,724.0,20.0,9.190885066986084,4.845794916152954,1.0,591.0,10.0,9.295370101928713,4.828538179397583,1.0,714.0
gaussian-5-noOverlap,10000.0,100.0,0.008,6.0,50.0,31.157935857772827,5.199440717697144,1.0,1011.0,32.0,9.628420352935793,5.124471187591553,1.0,939.0,20.0,9.790465116500854,5.14903712272644,1.0,1293.0,10.0,9.78298306465149,5.172639608383179,1.0,722.0
gaussian-5-noOverlap,10000.0,100.0,0.008,7.0,50.0,28.043748140335083,4.870650053024292,1.0,1199.0,32.0,9.03116750717163,4.824648380279541,1.0,1586.0,20.0,9.566669940948486,4.827454090118408,1.0,1541.0,10.0,9.188102722167969,4.825775623321533,1.0,1707.0
gaussian-5-noOverlap,10000.0,100.0,0.008,8.0,50.0,27.63419914245605,4.912454605102539,1.0,1232.0,32.0,9.653589248657228,5.0020129680633545,1.0,1069.0,20.0,9.611002922058104,4.807482719421387,1.0,808.0,10.0,9.614469528198242,4.80526876449585,1.0,1003.0
gaussian-5-noOverlap,10000.0,100.0,0.008,9.0,50.0,28.24521923065185,4.999657154083252,1.0,1072.0,32.0,9.545588254928589,5.21000337600708,1.0,1029.0,20.0,9.161548137664797,4.992483139038086,1.0,1108.0,10.0,9.718339204788208,4.974035739898682,1.0,1070.0
gaussian-5-noOverlap,10000.0,100.0,0.008,10.0,50.0,27.554304838180546,5.039975643157959,1.0,478.0,32.0,9.001361608505249,4.923547744750977,1.0,702.0,20.0,9.551318883895874,4.855792999267578,1.0,416.0,10.0,9.185802936553957,5.020352840423584,1.0,472.0
gaussian-5-noOverlap,10000.0,200.0,0.016,1.0,50.0,29.49448800086975,5.005133390426636,1.0,908.0,32.0,9.4615478515625,5.085636138916016,1.0,112.0,20.0,9.083070516586304,4.97080135345459,1.0,550.0,10.0,9.105533123016356,4.994152545928955,1.0,118.0
gaussian-5-noOverlap,10000.0,200.0,0.016,2.0,50.0,28.86258339881897,5.029507875442505,1.0,1442.0,32.0,9.653345346450806,4.983189344406128,1.0,1509.0,20.0,9.193743705749512,4.968652725219727,1.0,882.0,10.0,9.714501142501833,4.952796697616577,1.0,1371.0
gaussian-5-noOverlap,10000.0,200.0,0.016,3.0,50.0,29.17508316040039,5.000424385070801,1.0,1547.0,32.0,9.04173994064331,4.946376085281372,1.0,1074.0,20.0,9.114608526229858,5.067179918289185,1.0,701.0,10.0,9.73098850250244,4.950170516967773,1.0,403.0
gaussian-5-noOverlap,10000.0,200.0,0.016,4.0,50.0,29.10933542251587,4.9725401401519775,1.0,1613.0,32.0,9.13408637046814,4.893865823745728,1.0,1207.0,20.0,9.08100724220276,5.0102314949035645,1.0,1032.0,10.0,9.314473390579224,4.853755712509155,1.0,682.0
gaussian-5-noOverlap,10000.0,200.0,0.016,5.0,50.0,28.90583562850952,5.031210422515869,1.0,1696.0,32.0,9.113308906555176,4.946819543838501,1.0,1638.0,20.0,9.350408554077148,4.9702887535095215,1.0,1470.0,10.0,9.13014006614685,4.936603546142578,1.0,929.0
gaussian-5-noOverlap,10000.0,200.0,0.016,6.0,50.0,29.603769063949585,5.029300451278687,1.0,813.0,32.0,9.395319700241089,5.167263984680176,1.0,864.0,20.0,9.732611417770386,5.089227199554443,1.0,808.0,10.0,10.132401943206789,5.097240924835205,1.0,683.0
gaussian-5-noOverlap,10000.0,200.0,0.016,7.0,50.0,29.40204286575317,4.8911333084106445,1.0,1352.0,32.0,9.198652744293211,4.849884748458862,1.0,1354.0,20.0,9.172667741775513,4.87053370475769,1.0,1282.0,10.0,9.723002672195436,4.874598979949951,1.0,298.0
gaussian-5-noOverlap,10000.0,200.0,0.016,8.0,50.0,29.031078815460205,5.126121282577515,1.0,1376.0,32.0,9.574296474456789,4.9411914348602295,1.0,620.0,20.0,9.083769798278809,4.927452087402344,1.0,332.0,10.0,9.663534164428713,4.961317777633667,1.0,134.0
gaussian-5-noOverlap,10000.0,200.0,0.016,9.0,50.0,29.143136501312256,5.034515857696533,1.0,1956.0,32.0,9.124337196350098,4.952461004257202,1.0,1500.0,20.0,9.054691314697266,4.921871662139893,1.0,1390.0,10.0,9.697468519210815,4.938149690628052,1.0,1360.0
gaussian-5-noOverlap,10000.0,200.0,0.016,10.0,50.0,29.70215606689453,5.099631071090698,1.0,2595.0,32.0,9.747281074523926,5.002335548400879,1.0,1310.0,20.0,9.157121419906616,4.976409435272217,1.0,1424.0,10.0,9.727917671203612,5.036212921142578,1.0,902.0
gaussian-5-noOverlap,15000.0,10.0,0.0012,1.0,50.0,39.49940347671509,11.154988050460815,1.0,184.0,32.0,13.332343101501465,11.173723697662354,1.0,166.0,20.0,13.52568817138672,11.187758207321169,1.0,170.0,10.0,14.080609560012816,11.047871351242064,1.0,83.0
gaussian-5-noOverlap,15000.0,10.0,0.0012,2.0,50.0,36.67712020874024,10.38885736465454,1.0,207.0,32.0,13.438506364822388,10.596421003341677,1.0,299.0,20.0,13.056774139404297,10.679144382476808,1.0,431.0,10.0,13.018929958343506,10.861787796020508,1.0,86.0
gaussian-5-noOverlap,15000.0,10.0,0.0012,3.0,50.0,36.46012902259827,10.521782636642456,1.0,126.0,32.0,13.15727996826172,10.616141080856323,1.0,144.0,20.0,12.729971170425417,10.631965398788452,1.0,120.0,10.0,12.87172508239746,10.442293167114258,1.0,96.0
gaussian-5-noOverlap,15000.0,10.0,0.0012,4.0,50.0,36.84837818145752,10.685131072998049,1.0,391.0,32.0,12.728111028671265,11.030590772628784,1.0,154.0,20.0,13.857073307037354,11.002756834030151,1.0,146.0,10.0,14.75041961669922,10.80063247680664,1.0,163.0
gaussian-5-noOverlap,15000.0,10.0,0.0012,5.0,50.0,36.97196221351624,10.684295415878296,1.0,244.0,32.0,12.710483074188232,10.660931825637816,1.0,326.0,20.0,13.046107292175291,10.601014137268066,1.0,88.0,10.0,13.221116065979004,10.62414836883545,1.0,150.0
gaussian-5-noOverlap,15000.0,10.0,0.0012,6.0,50.0,36.57107853889465,10.78215503692627,1.0,324.0,32.0,12.56071662902832,10.582714080810549,1.0,289.0,20.0,13.31752634048462,10.624524593353271,1.0,152.0,10.0,13.296510934829712,10.699100971221924,1.0,280.0
gaussian-5-noOverlap,15000.0,10.0,0.0012,7.0,50.0,36.604626178741455,10.758632898330688,1.0,162.0,32.0,12.719739437103271,11.142209768295288,1.0,235.0,20.0,13.531654596328735,11.106362104415894,1.0,144.0,10.0,12.853289127349854,10.85523247718811,1.0,85.0
gaussian-5-noOverlap,15000.0,10.0,0.0012,8.0,50.0,36.72741079330444,10.669363737106323,1.0,150.0,32.0,12.577045202255247,10.650774002075195,1.0,154.0,20.0,13.264830589294434,10.59122371673584,1.0,124.0,10.0,13.287538051605225,10.623233318328856,1.0,82.0
gaussian-5-noOverlap,15000.0,10.0,0.0012,9.0,50.0,36.40007305145264,10.831057071685793,1.0,146.0,32.0,12.579728841781616,10.950257062911987,1.0,150.0,20.0,13.45086908340454,10.64205765724182,1.0,296.0,10.0,12.688374042510986,10.975428342819214,1.0,105.0
gaussian-5-noOverlap,15000.0,10.0,0.0012,10.0,50.0,36.32481265068054,10.665363073349,1.0,80.0,32.0,12.472315073013306,10.790099143981934,1.0,92.0,20.0,12.671420335769652,10.69539999961853,1.0,88.0,10.0,13.47079849243164,10.615259885787964,1.0,60.0
gaussian-5-noOverlap,15000.0,20.0,0.0024,1.0,50.0,38.558724880218506,11.010512113571169,1.0,304.0,32.0,13.870429515838625,10.59678864479065,1.0,539.0,20.0,13.954167366027832,10.679269075393677,1.0,370.0,10.0,14.24461269378662,10.499853372573853,1.0,340.0
gaussian-5-noOverlap,15000.0,20.0,0.0024,2.0,50.0,38.60297751426697,10.479398727416992,1.0,360.0,32.0,13.36518383026123,10.429800033569336,1.0,338.0,20.0,14.279914379119871,10.371196746826172,1.0,260.0,10.0,15.150896310806274,10.31092643737793,1.0,372.0
gaussian-5-noOverlap,15000.0,20.0,0.0024,3.0,50.0,39.71022295951843,10.800360441207886,1.0,203.0,32.0,14.38530135154724,10.706310749053957,1.0,397.0,20.0,14.34480619430542,10.63282346725464,1.0,348.0,10.0,14.730295896530151,11.28211498260498,1.0,415.0
gaussian-5-noOverlap,15000.0,20.0,0.0024,4.0,50.0,38.78112602233887,10.737074613571169,1.0,381.0,32.0,14.052077770233154,10.714293479919434,1.0,406.0,20.0,14.30407190322876,10.660440683364868,1.0,546.0,10.0,14.44974970817566,10.670641899108888,1.0,337.0
gaussian-5-noOverlap,15000.0,20.0,0.0024,5.0,50.0,38.8379545211792,10.539812088012695,1.0,112.0,32.0,14.156095266342165,10.548633337020874,1.0,278.0,20.0,13.73644471168518,10.390716552734377,1.0,106.0,10.0,14.652237176895142,10.382272481918337,1.0,307.0
gaussian-5-noOverlap,15000.0,20.0,0.0024,6.0,50.0,40.8611478805542,10.73202419281006,1.0,557.0,32.0,14.050604104995728,10.707123279571531,1.0,500.0,20.0,14.505701303482056,10.600812435150146,1.0,554.0,10.0,13.909134864807127,10.640037775039673,1.0,403.0
gaussian-5-noOverlap,15000.0,20.0,0.0024,7.0,50.0,43.6989221572876,10.852218389511108,1.0,946.0,32.0,13.896510362625122,10.520516872406006,1.0,911.0,20.0,14.28010320663452,10.536616563796995,1.0,898.0,10.0,14.53717589378357,10.5957350730896,1.0,530.0
gaussian-5-noOverlap,15000.0,20.0,0.0024,8.0,50.0,43.72947716712952,11.25230622291565,1.0,262.0,32.0,13.788752317428589,10.94002103805542,1.0,227.0,20.0,14.776159286499023,10.81903910636902,1.0,259.0,10.0,15.366461277008057,10.944334983825684,1.0,210.0
gaussian-5-noOverlap,15000.0,20.0,0.0024,9.0,50.0,39.25651264190674,11.00655198097229,1.0,466.0,32.0,14.01531147956848,10.828534841537476,1.0,312.0,20.0,13.50156545639038,10.71790647506714,1.0,202.0,10.0,14.552496910095217,10.693530797958374,1.0,284.0
gaussian-5-noOverlap,15000.0,20.0,0.0024,10.0,50.0,41.19210624694824,10.734712600708008,1.0,309.0,32.0,13.418895721435549,10.66405463218689,1.0,196.0,20.0,14.32140302658081,10.65841269493103,1.0,237.0,10.0,14.488221645355225,10.668740034103394,1.0,208.0
gaussian-5-noOverlap,15000.0,50.0,0.006,1.0,50.0,45.29221820831299,10.923381567001345,1.0,608.0,32.0,14.696530818939207,11.12044906616211,1.0,1046.0,20.0,15.371339082717896,11.242936849594116,1.0,721.0,10.0,15.726579666137695,11.072949409484863,1.0,891.0
gaussian-5-noOverlap,15000.0,50.0,0.006,2.0,50.0,42.25839376449585,11.094046354293823,1.0,987.0,32.0,14.758837938308716,10.635769605636597,1.0,830.0,20.0,14.733197450637816,10.734281301498411,1.0,1091.0,10.0,14.964551210403442,10.766874074935911,1.0,672.0
gaussian-5-noOverlap,15000.0,50.0,0.006,3.0,50.0,41.761741399765015,10.974530220031738,1.0,472.0,32.0,14.571763277053831,10.90668487548828,1.0,446.0,20.0,14.07799768447876,10.729335069656372,1.0,448.0,10.0,15.39807152748108,10.7539222240448,1.0,347.0
gaussian-5-noOverlap,15000.0,50.0,0.006,4.0,50.0,42.816242694854736,10.723151445388794,1.0,626.0,32.0,13.841660499572754,10.500978708267212,1.0,644.0,20.0,14.862263441085815,10.758519887924194,1.0,506.0,10.0,14.843854904174805,10.724002599716188,1.0,580.0
gaussian-5-noOverlap,15000.0,50.0,0.006,5.0,50.0,42.41275358200073,10.758612155914308,1.0,574.0,32.0,14.62374758720398,10.912490129470823,1.0,581.0,20.0,14.74112057685852,11.127938032150269,1.0,539.0,10.0,15.758480072021484,10.885843753814695,1.0,639.0
gaussian-5-noOverlap,15000.0,50.0,0.006,6.0,50.0,42.784239292144775,10.6911301612854,1.0,816.0,32.0,15.015066623687744,10.837706327438354,1.0,438.0,20.0,14.866650104522703,10.719224452972412,1.0,1038.0,10.0,15.693443775177002,11.044739484786987,1.0,562.0
gaussian-5-noOverlap,15000.0,50.0,0.006,7.0,50.0,41.992724895477295,11.264696836471558,1.0,2459.0,32.0,14.473259925842283,11.07440447807312,1.0,1072.0,20.0,14.970413208007812,10.994650840759276,1.0,992.0,10.0,14.808481216430664,10.949792385101318,1.0,1513.0
gaussian-5-noOverlap,15000.0,50.0,0.006,8.0,50.0,42.3570544719696,10.997129917144775,1.0,1774.0,32.0,14.664029598236084,11.027279138565063,1.0,1190.0,20.0,14.72692584991455,11.367140769958496,1.0,1062.0,10.0,14.893844366073608,11.200609922409058,1.0,896.0
gaussian-5-noOverlap,15000.0,50.0,0.006,9.0,50.0,41.98803687095642,10.592228174209597,1.0,1311.0,32.0,14.575797080993652,10.926210165023804,1.0,419.0,20.0,14.60572624206543,10.666316747665403,1.0,643.0,10.0,14.686489582061768,10.770606756210327,1.0,263.0
gaussian-5-noOverlap,15000.0,50.0,0.006,10.0,50.0,41.32575130462647,10.655131578445436,1.0,1206.0,32.0,14.45100235939026,10.821329832077026,1.0,1528.0,20.0,14.530575037002563,10.770907640457152,1.0,832.0,10.0,14.530570030212402,10.714452505111694,1.0,890.0
gaussian-5-noOverlap,15000.0,100.0,0.012,1.0,50.0,43.101117849349976,10.847307205200195,1.0,2164.0,32.0,14.967207193374634,10.555890560150146,1.0,2108.0,20.0,15.027554273605348,10.836506843566896,1.0,1446.0,10.0,15.050846099853516,10.85348343849182,1.0,1270.0
gaussian-5-noOverlap,15000.0,100.0,0.012,2.0,50.0,42.91894006729126,11.026228189468384,1.0,1848.0,32.0,14.708084344863892,10.81150484085083,1.0,2138.0,20.0,14.721875429153442,10.902873754501345,1.0,1529.0,10.0,14.881196022033691,10.993541717529297,1.0,1286.0
gaussian-5-noOverlap,15000.0,100.0,0.012,3.0,50.0,43.783156394958496,11.358388423919678,1.0,554.0,32.0,14.744898557662964,10.639279127120972,1.0,490.0,20.0,15.103582382202148,10.86355972290039,1.0,443.0,10.0,15.504621744155884,10.839494943618774,1.0,593.0
gaussian-5-noOverlap,15000.0,100.0,0.012,4.0,50.0,42.751731634140015,10.410916328430176,1.0,1892.0,32.0,14.7681987285614,10.493375539779665,1.0,2429.0,20.0,14.738476514816284,10.953038215637209,1.0,1073.0,10.0,14.793747186660768,10.87095546722412,1.0,1640.0
gaussian-5-noOverlap,15000.0,100.0,0.012,5.0,50.0,43.2389760017395,10.876580953598022,1.0,2376.0,32.0,14.080554485321043,10.559410095214844,1.0,1370.0,20.0,14.787380695343018,10.880297422409058,1.0,1276.0,10.0,15.019667625427246,10.6642746925354,1.0,1634.0
gaussian-5-noOverlap,15000.0,100.0,0.012,6.0,50.0,42.77527642250061,11.194112539291382,1.0,1477.0,32.0,14.66081714630127,10.993008852005005,1.0,1679.0,20.0,14.754225969314575,11.119094610214232,1.0,964.0,10.0,14.767894268035889,11.15208625793457,1.0,961.0
gaussian-5-noOverlap,15000.0,100.0,0.012,7.0,50.0,43.44482588768005,10.765021800994871,1.0,847.0,32.0,14.845626831054688,10.646256923675535,1.0,767.0,20.0,15.041327476501465,10.717394590377808,1.0,801.0,10.0,15.86657428741455,10.602964162826538,1.0,375.0
gaussian-5-noOverlap,15000.0,100.0,0.012,8.0,50.0,42.75362348556519,11.292598485946655,1.0,1000.0,32.0,15.308918952941896,11.120468378067017,1.0,1699.0,20.0,14.851016759872437,11.159132480621338,1.0,1551.0,10.0,14.878191947937012,10.665183544158936,1.0,3324.0
gaussian-5-noOverlap,15000.0,100.0,0.012,9.0,50.0,44.10405373573303,10.650253534317017,1.0,122.0,32.0,14.336862564086914,10.82896327972412,1.0,138.0,20.0,16.448723077774048,10.60614562034607,1.0,145.0,10.0,15.547791004180908,10.644967317581177,1.0,126.0
gaussian-5-noOverlap,15000.0,100.0,0.012,10.0,50.0,42.966466426849365,10.81964659690857,1.0,2616.0,32.0,15.04007649421692,10.654602527618408,1.0,2945.0,20.0,15.414048433303831,11.042084455490112,1.0,1552.0,10.0,14.80213499069214,10.663395881652832,1.0,2315.0
gaussian-5-noOverlap,15000.0,200.0,0.024,1.0,50.0,47.80270838737488,10.920124053955078,1.0,1732.0,32.0,14.980717658996582,10.677785158157349,1.0,1240.0,20.0,15.006629943847656,10.780261993408203,1.0,1238.0,10.0,15.303411960601808,10.658243417739868,1.0,570.0
gaussian-5-noOverlap,15000.0,200.0,0.024,2.0,50.0,47.11880850791931,11.01953649520874,1.0,1787.0,32.0,14.97670316696167,11.124110698699951,1.0,2290.0,20.0,14.976670026779177,10.78339433670044,1.0,2253.0,10.0,15.026067972183228,10.797801494598389,1.0,1910.0
gaussian-5-noOverlap,15000.0,200.0,0.024,3.0,50.0,46.44458842277527,10.770063877105711,1.0,826.0,32.0,14.97938323020935,10.653450727462769,1.0,1072.0,20.0,15.0359787940979,10.733369827270508,1.0,102.0,10.0,15.153453826904297,10.671170711517334,1.0,202.0
gaussian-5-noOverlap,15000.0,200.0,0.024,4.0,50.0,46.19031000137329,10.7930006980896,1.0,2628.0,32.0,14.831269979476929,10.725694417953491,1.0,1462.0,20.0,15.011772871017456,10.628159999847412,1.0,1568.0,10.0,14.892076015472412,10.635272741317747,1.0,1470.0
gaussian-5-noOverlap,15000.0,200.0,0.024,5.0,50.0,46.56176424026489,10.865142345428469,1.0,2178.0,32.0,14.8262460231781,10.739723443984984,1.0,1387.0,20.0,14.870310306549072,10.82152223587036,1.0,1397.0,10.0,14.936070919036863,10.598580598831177,1.0,1154.0
gaussian-5-noOverlap,15000.0,200.0,0.024,6.0,50.0,46.23856973648071,10.897194147109984,1.0,327.0,32.0,14.844749212265016,10.861838102340698,1.0,411.0,20.0,15.584121942520142,10.806256294250488,1.0,265.0,10.0,14.876527070999146,10.898238182067873,1.0,270.0
gaussian-5-noOverlap,15000.0,200.0,0.024,7.0,50.0,45.88907790184021,10.972216606140137,1.0,2277.0,32.0,14.750791788101196,10.860424757003784,1.0,2471.0,20.0,14.798301219940186,10.742831945419312,1.0,2771.0,10.0,14.852252960205078,10.79571270942688,1.0,1466.0
gaussian-5-noOverlap,15000.0,200.0,0.024,8.0,50.0,46.715086460113525,10.791019916534424,1.0,1159.0,32.0,14.785046815872192,10.79480504989624,1.0,1150.0,20.0,14.885268688201904,10.742602825164797,1.0,1709.0,10.0,15.07495141029358,10.687127828598022,1.0,694.0
gaussian-5-noOverlap,15000.0,200.0,0.024,9.0,50.0,45.86185121536255,11.298898696899414,1.0,1641.0,32.0,15.072901725769045,10.62704348564148,1.0,2459.0,20.0,15.699028730392456,10.735591173171995,1.0,1593.0,10.0,15.141916036605837,10.677695035934448,1.0,1335.0
gaussian-5-noOverlap,15000.0,200.0,0.024,10.0,50.0,46.543455362319946,10.78347945213318,1.0,2001.0,32.0,15.132890224456789,10.665242910385132,1.0,1776.0,20.0,15.15178394317627,10.767213344573976,1.0,1228.0,10.0,15.01514458656311,11.066344022750854,1.0,1317.0
gaussian-5-noOverlap,20000.0,10.0,0.0016,1.0,50.0,50.88901567459106,18.768808364868164,1.0,292.0,32.0,18.4224750995636,19.19902300834656,1.0,234.0,20.0,19.149041175842285,18.611953496932983,1.0,214.0,10.0,19.161365270614624,18.574700355529785,1.0,88.0
gaussian-5-noOverlap,20000.0,10.0,0.0016,2.0,50.0,51.12800025939941,18.9214768409729,1.0,207.0,32.0,18.85002994537353,18.52106142044068,1.0,142.0,20.0,19.64173126220703,20.0825309753418,1.0,147.0,10.0,19.50067710876465,18.66347527503968,1.0,160.0
gaussian-5-noOverlap,20000.0,10.0,0.0016,3.0,50.0,50.73530697822571,18.540827989578247,1.0,192.0,32.0,18.46936774253845,18.629817724227905,1.0,158.0,20.0,18.91583108901977,18.30767846107483,1.0,124.0,10.0,19.03805565834045,18.35864567756653,1.0,248.0
gaussian-5-noOverlap,20000.0,10.0,0.0016,4.0,50.0,51.62171864509583,18.641826629638672,1.0,201.0,32.0,18.999488830566406,18.32152390480041,1.0,183.0,20.0,18.997309923172,18.31454586982727,1.0,157.0,10.0,19.22025156021118,18.2085189819336,1.0,148.0
gaussian-5-noOverlap,20000.0,10.0,0.0016,5.0,50.0,51.61853766441345,18.778295516967773,1.0,338.0,32.0,18.28382778167725,18.6039834022522,1.0,192.0,20.0,18.45552682876587,18.611531257629395,1.0,173.0,10.0,19.08094906806945,18.695014715194706,1.0,280.0
gaussian-5-noOverlap,20000.0,10.0,0.0016,6.0,50.0,50.542236328125,18.70446920394897,1.0,60.0,32.0,18.41963219642639,18.58141255378723,1.0,129.0,20.0,17.98173236846924,18.265498399734497,1.0,129.0,10.0,19.333019495010376,18.31832599639893,1.0,157.0
gaussian-5-noOverlap,20000.0,10.0,0.0016,7.0,50.0,50.548909425735474,18.549572467803955,1.0,135.0,32.0,18.45998358726501,19.052762269973755,1.0,96.0,20.0,18.868184089660645,18.50144362449646,1.0,68.0,10.0,19.012613534927368,18.98434591293335,1.0,80.0
gaussian-5-noOverlap,20000.0,10.0,0.0016,8.0,50.0,51.1254096031189,18.74858665466309,1.0,60.0,32.0,18.393328189849854,18.59374976158142,1.0,36.0,20.0,19.55151581764221,18.864038467407227,1.0,32.0,10.0,19.35244965553284,18.305859088897705,1.0,108.0
gaussian-5-noOverlap,20000.0,10.0,0.0016,9.0,50.0,51.439781665802,18.50388193130493,1.0,103.0,32.0,18.464329719543457,19.232380151748657,1.0,118.0,20.0,18.67026925086975,18.32983922958374,1.0,105.0,10.0,18.671627521514893,18.35106873512268,1.0,88.0
gaussian-5-noOverlap,20000.0,10.0,0.0016,10.0,50.0,50.84906053543091,18.37153124809265,1.0,226.0,32.0,18.539570808410645,18.089943170547485,1.0,187.0,20.0,18.876217365264893,17.99185562133789,1.0,421.0,10.0,19.48129844665528,18.18793749809265,1.0,250.0
gaussian-5-noOverlap,20000.0,20.0,0.0032,1.0,50.0,54.12390184402466,19.528138399124146,1.0,510.0,32.0,19.9749219417572,18.469471216201782,1.0,368.0,20.0,19.7683789730072,19.08776926994324,1.0,316.0,10.0,20.43164730072021,18.895727157592773,1.0,247.0
gaussian-5-noOverlap,20000.0,20.0,0.0032,2.0,50.0,53.98308205604553,18.5042667388916,1.0,130.0,32.0,19.616378784179688,18.267937183380127,1.0,134.0,20.0,20.88499546051025,18.571895837783813,1.0,212.0,10.0,20.326998472213745,18.37475299835205,1.0,159.0
gaussian-5-noOverlap,20000.0,20.0,0.0032,3.0,50.0,55.02134728431702,18.60031151771545,1.0,519.0,32.0,20.096301555633545,18.56109642982483,1.0,500.0,20.0,20.682114124298096,18.78546476364136,1.0,315.0,10.0,20.17688488960266,18.610435247421265,1.0,358.0
gaussian-5-noOverlap,20000.0,20.0,0.0032,4.0,50.0,54.13211178779602,18.803683757781982,1.0,744.0,32.0,20.39372444152832,18.777437925338745,1.0,855.0,20.0,19.840960264205933,18.73789668083191,1.0,164.0,10.0,21.10174369812012,19.1939504146576,1.0,199.0
gaussian-5-noOverlap,20000.0,20.0,0.0032,5.0,50.0,54.25336885452271,18.43114686012268,1.0,742.0,32.0,19.572890520095825,18.09343695640564,1.0,308.0,20.0,20.825357913970947,18.16739010810852,1.0,370.0,10.0,20.24916696548462,18.44047212600708,1.0,278.0
gaussian-5-noOverlap,20000.0,20.0,0.0032,6.0,50.0,55.03785943984985,18.10377788543701,1.0,671.0,32.0,19.54121708869934,18.24325132369995,1.0,649.0,20.0,20.81006503105164,18.101452827453613,1.0,625.0,10.0,20.20305371284485,18.36876535415649,1.0,355.0
gaussian-5-noOverlap,20000.0,20.0,0.0032,7.0,50.0,54.39453601837158,20.09063959121704,1.0,532.0,32.0,19.528285026550293,18.431058883666992,1.0,234.0,20.0,19.885782718658447,18.773247480392456,1.0,229.0,10.0,20.06105065345764,18.498697519302368,1.0,171.0
gaussian-5-noOverlap,20000.0,20.0,0.0032,8.0,50.0,55.0420823097229,18.64738750457764,1.0,634.0,32.0,19.377659797668457,17.92640495300293,1.0,674.0,20.0,19.579259157180783,18.51978206634521,1.0,734.0,10.0,20.79151058197021,18.638205766677856,1.0,431.0
gaussian-5-noOverlap,20000.0,20.0,0.0032,9.0,50.0,55.08052587509155,18.80910301208496,1.0,541.0,32.0,19.621434688568115,18.75010919570923,1.0,94.0,20.0,20.84735560417176,18.73071813583374,1.0,96.0,10.0,20.394927501678467,18.61443042755127,1.0,88.0
gaussian-5-noOverlap,20000.0,20.0,0.0032,10.0,50.0,54.66108202934265,19.464629650115967,0.6896855206619046,293.0,32.0,20.15287470817566,18.719046115875244,0.6896855206619046,236.0,20.0,20.591329336166385,18.561429738998413,0.6896855206619046,138.0,10.0,20.125688076019287,19.285202741622925,0.6896855206619046,298.0
gaussian-5-noOverlap,20000.0,50.0,0.008,1.0,50.0,58.9733612537384,19.20520782470703,1.0,733.0,32.0,20.36218404769897,19.1206955909729,1.0,293.0,20.0,21.032680988311768,18.657689809799194,1.0,291.0,10.0,22.26631498336792,18.328731536865234,1.0,243.0
gaussian-5-noOverlap,20000.0,50.0,0.008,2.0,50.0,58.79191017150879,19.18937873840332,1.0,1365.0,32.0,20.684802532196045,19.121342658996586,1.0,1430.0,20.0,21.61297965049744,19.09121823310852,1.0,1126.0,10.0,22.025522232055664,19.09728479385376,1.0,949.0
gaussian-5-noOverlap,20000.0,50.0,0.008,3.0,50.0,66.00517272949219,18.625698566436768,1.0,1197.0,32.0,21.487249612808228,18.662736654281616,1.0,1299.0,20.0,20.450336456298828,18.064878702163696,1.0,800.0,10.0,20.801295280456543,18.27124071121216,1.0,506.0
gaussian-5-noOverlap,20000.0,50.0,0.008,4.0,50.0,64.64492511749268,18.496825218200684,1.0,400.0,32.0,22.127853393554688,19.127068042755127,1.0,410.0,20.0,21.63183212280273,19.00535130500793,1.0,378.0,10.0,21.44404339790344,18.594791173934937,1.0,422.0
gaussian-5-noOverlap,20000.0,50.0,0.008,5.0,50.0,58.11248445510864,17.51884889602661,1.0,1658.0,32.0,19.98669004440308,18.69555854797364,1.0,1028.0,20.0,20.2268180847168,18.67825508117676,1.0,1027.0,10.0,20.240780115127563,18.66534185409546,1.0,761.0
gaussian-5-noOverlap,20000.0,50.0,0.008,6.0,50.0,58.61551332473755,18.74769258499145,1.0,1165.0,32.0,20.10224223136902,18.315290212631226,1.0,1207.0,20.0,20.295291423797607,18.63741636276245,1.0,816.0,10.0,21.088359832763672,18.30637788772583,1.0,228.0
gaussian-5-noOverlap,20000.0,50.0,0.008,7.0,50.0,65.82503986358643,18.030567407608032,1.0,1738.0,32.0,22.371670961380005,18.63659381866455,1.0,1264.0,20.0,22.682303428649902,19.20875310897827,1.0,941.0,10.0,22.88190698623657,19.17753505706787,1.0,384.0
gaussian-5-noOverlap,20000.0,50.0,0.008,8.0,50.0,62.90118169784546,19.35701560974121,1.0,982.0,32.0,21.06395077705384,18.50502586364746,1.0,1086.0,20.0,21.18663096427917,19.045042991638184,1.0,1102.0,10.0,21.352476358413696,19.40305495262146,1.0,1066.0
gaussian-5-noOverlap,20000.0,50.0,0.008,9.0,50.0,59.30468654632568,18.899600982666016,1.0,1120.0,32.0,20.069684982299805,19.130897760391235,1.0,1209.0,20.0,22.178528785705566,19.233905792236328,1.0,1298.0,10.0,22.757328033447266,18.62989521026612,1.0,611.0
gaussian-5-noOverlap,20000.0,50.0,0.008,10.0,50.0,58.61563467979431,19.00120258331299,1.0,618.0,32.0,20.06937384605408,18.909743070602417,1.0,651.0,20.0,20.45439052581787,18.79611229896545,1.0,561.0,10.0,20.74440884590149,18.7116219997406,1.0,552.0
gaussian-5-noOverlap,20000.0,100.0,0.016,1.0,50.0,61.89371919631958,19.82131862640381,1.0,1112.0,32.0,20.471628427505493,20.012630462646484,1.0,1907.0,20.0,22.83339166641236,20.24762725830078,1.0,819.0,10.0,23.100391387939453,19.86008596420288,1.0,318.0
gaussian-5-noOverlap,20000.0,100.0,0.016,2.0,50.0,60.7959508895874,19.43115997314453,1.0,3414.0,32.0,20.55187702178955,18.842905521392822,1.0,1860.0,20.0,21.902342319488525,18.851202249526978,1.0,2250.0,10.0,21.918802738189697,19.20405530929565,1.0,2758.0
gaussian-5-noOverlap,20000.0,100.0,0.016,3.0,50.0,62.1803617477417,18.60460305213928,1.0,1825.0,32.0,21.898301362991333,18.67577838897705,1.0,1903.0,20.0,22.22102117538452,18.839841604232788,1.0,2557.0,10.0,21.98452734947205,18.68955397605896,1.0,2520.0
gaussian-5-noOverlap,20000.0,100.0,0.016,4.0,50.0,61.44509363174439,18.97797584533692,1.0,3189.0,32.0,22.723399877548218,19.157245874404907,1.0,2642.0,20.0,22.50403618812561,18.879765272140503,1.0,2382.0,10.0,22.309168100357056,19.09939432144165,1.0,2517.0
gaussian-5-noOverlap,20000.0,100.0,0.016,5.0,50.0,61.86313343048096,18.608116149902344,1.0,740.0,32.0,21.53201174736023,18.64818239212036,1.0,855.0,20.0,22.07132887840271,18.677714347839355,1.0,1341.0,10.0,23.9857189655304,18.64187502861023,1.0,826.0
gaussian-5-noOverlap,20000.0,100.0,0.016,6.0,50.0,63.55123639106751,18.446425199508667,1.0,1497.0,32.0,21.64654803276062,18.62745428085327,1.0,1197.0,20.0,20.8357093334198,18.390422344207764,1.0,1282.0,10.0,21.91950106620789,19.025996446609497,1.0,973.0
gaussian-5-noOverlap,20000.0,100.0,0.016,7.0,50.0,62.25268197059631,19.41441321372986,1.0,730.0,32.0,21.603212356567383,19.714979648590088,1.0,690.0,20.0,21.81433486938477,20.113667964935303,1.0,752.0,10.0,22.108123540878296,19.3303062915802,1.0,320.0
gaussian-5-noOverlap,20000.0,100.0,0.016,8.0,50.0,61.871641635894775,18.709774255752563,1.0,2118.0,32.0,21.526700019836422,18.457549810409542,1.0,1550.0,20.0,21.799607515335083,18.46336054801941,1.0,1618.0,10.0,23.13179636001587,19.13480973243713,1.0,901.0
gaussian-5-noOverlap,20000.0,100.0,0.016,9.0,50.0,60.61126947402954,18.451732873916622,1.0,2136.0,32.0,20.50997424125672,18.75030755996704,1.0,1250.0,20.0,21.73499226570129,18.41388368606568,1.0,955.0,10.0,21.8806734085083,18.56314706802368,1.0,860.0
gaussian-5-noOverlap,20000.0,100.0,0.016,10.0,50.0,68.40999102592468,18.662264585494995,0.6896936308117786,2457.0,32.0,21.52788090705872,19.354453325271606,0.6896936308117786,2356.0,20.0,23.125927925109863,18.74504232406616,0.6896936308117786,2159.0,10.0,22.54392886161804,18.27787709236145,0.6896936308117786,1175.0
gaussian-5-noOverlap,20000.0,200.0,0.032,1.0,50.0,66.08546900749207,18.4954137802124,1.0,1022.0,32.0,21.169468879699707,18.30074000358581,1.0,4448.0,20.0,20.603744506835938,18.25951862335205,1.0,1201.0,10.0,21.315820693969727,18.17936396598816,1.0,1334.0
gaussian-5-noOverlap,20000.0,200.0,0.032,2.0,50.0,65.87214088439941,18.981831073760983,1.0,1424.0,32.0,21.61711049079895,19.11927318572998,1.0,1411.0,20.0,21.93622922897339,18.98128342628479,1.0,835.0,10.0,23.25709843635559,18.713659524917603,1.0,584.0
gaussian-5-noOverlap,20000.0,200.0,0.032,3.0,50.0,70.20385313034058,18.89928722381592,1.0,3091.0,32.0,22.109854698181152,18.67893123626709,1.0,3200.0,20.0,20.841943979263306,19.015087842941284,1.0,2553.0,10.0,21.95635032653809,18.57738494873047,1.0,2335.0
gaussian-5-noOverlap,20000.0,200.0,0.032,4.0,50.0,65.89137291908264,18.59223794937133,1.0,614.0,32.0,21.848493814468384,18.241161823272705,1.0,669.0,20.0,21.61890983581543,18.668540000915527,1.0,738.0,10.0,21.570878982543945,18.3704617023468,1.0,609.0
gaussian-5-noOverlap,20000.0,200.0,0.032,5.0,50.0,72.98016428947449,18.709259510040283,1.0,1464.0,32.0,21.6487455368042,18.603206396102905,1.0,1772.0,20.0,22.173338651657104,18.72143173217773,1.0,1904.0,10.0,22.03958368301392,18.754631519317627,1.0,1612.0
gaussian-5-noOverlap,20000.0,200.0,0.032,6.0,50.0,67.54822421073914,18.62034058570861,1.0,1092.0,32.0,21.70568895339965,18.43549990653992,1.0,1266.0,20.0,21.804574012756348,18.39636778831482,1.0,940.0,10.0,22.06415033340454,18.39132285118103,1.0,1174.0
gaussian-5-noOverlap,20000.0,200.0,0.032,7.0,50.0,66.37227725982666,18.826091289520264,1.0,742.0,32.0,21.273058891296387,18.75462794303894,1.0,552.0,20.0,21.650845766067505,18.96825170516968,1.0,506.0,10.0,22.84635853767395,18.981237173080444,1.0,740.0
gaussian-5-noOverlap,20000.0,200.0,0.032,8.0,50.0,67.28965044021606,18.65903282165528,1.0,1362.0,32.0,21.65607571601868,18.91826105117798,1.0,1546.0,20.0,20.923155546188354,18.6567645072937,1.0,1403.0,10.0,21.832518815994263,18.75743269920349,1.0,781.0
gaussian-5-noOverlap,20000.0,200.0,0.032,9.0,50.0,72.68521547317505,19.310787677764893,1.0,2431.0,32.0,22.94178533554077,18.843482494354248,1.0,2448.0,20.0,21.827836275100708,19.81490588188172,1.0,2195.0,10.0,21.90830993652344,18.756657600402832,1.0,1829.0
gaussian-5-noOverlap,20000.0,200.0,0.032,10.0,50.0,65.1221649646759,18.68636584281921,1.0,334.0,32.0,21.4731388092041,18.61776638031006,1.0,759.0,20.0,21.86865282058716,19.50455904006958,1.0,338.0,10.0,21.86372756958008,18.795094966888428,1.0,423.0
gaussian-5-noOverlap,30000.0,10.0,0.0024,1.0,50.0,82.13847708702087,41.10348749160767,1.0,164.0,32.0,29.50787782669068,41.38745403289795,1.0,148.0,20.0,30.94068050384521,40.61062431335449,1.0,350.0,10.0,31.91325831413269,40.47674059867859,1.0,112.0
gaussian-5-noOverlap,30000.0,10.0,0.0024,2.0,50.0,80.26851916313171,42.260597467422485,1.0,285.0,32.0,29.708892107009888,42.44742012023926,1.0,215.0,20.0,30.24713778495789,43.26766657829285,1.0,193.0,10.0,31.99970746040344,40.91942381858826,1.0,146.0
gaussian-5-noOverlap,30000.0,10.0,0.0024,3.0,50.0,79.9203200340271,41.17330503463745,1.0,328.0,32.0,29.621416091918945,40.07637786865234,1.0,381.0,20.0,31.599578142166138,40.790451765060425,1.0,275.0,10.0,31.807515144348145,40.557875871658325,1.0,200.0
gaussian-5-noOverlap,30000.0,10.0,0.0024,4.0,50.0,79.4640760421753,40.70656204223633,1.0,172.0,32.0,29.74847292900085,41.87883234024048,1.0,144.0,20.0,31.57020473480225,42.000168800354,1.0,148.0,10.0,30.553386688232425,41.85045886039734,1.0,173.0
gaussian-5-noOverlap,30000.0,10.0,0.0024,5.0,50.0,80.97438836097717,41.65107321739197,1.0,316.0,32.0,29.494545459747314,41.30839657783508,1.0,234.0,20.0,31.830379724502563,40.72684407234192,1.0,226.0,10.0,32.959798097610474,40.30906534194946,1.0,213.0
gaussian-5-noOverlap,30000.0,10.0,0.0024,6.0,50.0,80.77309584617615,41.27040100097656,1.0,283.0,32.0,29.455787658691406,43.20407462120056,1.0,284.0,20.0,30.16012454032898,42.5563554763794,1.0,236.0,10.0,32.17966413497925,41.12855076789856,1.0,324.0
gaussian-5-noOverlap,30000.0,10.0,0.0024,7.0,50.0,79.4636881351471,41.0027711391449,1.0,162.0,32.0,29.49606466293335,40.79193902015686,1.0,185.0,20.0,30.145016193389893,40.27909827232361,1.0,124.0,10.0,31.732991933822632,40.61123156547546,1.0,129.0
gaussian-5-noOverlap,30000.0,10.0,0.0024,8.0,50.0,88.63913750648499,42.0506911277771,1.0,422.0,32.0,32.10220503807068,41.863523960113525,1.0,388.0,20.0,31.90428400039673,43.26285433769226,1.0,515.0,10.0,30.55918550491333,42.9815890789032,1.0,435.0
gaussian-5-noOverlap,30000.0,10.0,0.0024,9.0,50.0,85.23252654075623,41.34256768226624,1.0,171.0,32.0,30.07391810417176,41.12424516677856,1.0,209.0,20.0,32.2034285068512,40.65770530700684,1.0,313.0,10.0,32.39625644683838,41.17101716995239,1.0,93.0
gaussian-5-noOverlap,30000.0,10.0,0.0024,10.0,50.0,87.82722640037537,41.81804823875427,1.0,411.0,32.0,31.014668941497803,40.88817882537842,1.0,263.0,20.0,31.68934297561645,41.22005224227905,1.0,301.0,10.0,31.960317134857178,40.77300000190735,1.0,198.0
gaussian-5-noOverlap,30000.0,20.0,0.0048,1.0,50.0,87.62514424324036,41.77005243301392,1.0,767.0,32.0,32.61647343635559,41.64747190475464,1.0,583.0,20.0,32.442628383636475,41.68372964859009,1.0,485.0,10.0,33.13213515281677,41.408708572387695,1.0,558.0
gaussian-5-noOverlap,30000.0,20.0,0.0048,2.0,50.0,85.4110209941864,42.19437789916992,1.0,445.0,32.0,33.960257053375244,42.34759426116944,1.0,505.0,20.0,32.743701696395874,42.50570869445801,1.0,422.0,10.0,32.98710823059082,42.94307780265808,1.0,104.0
gaussian-5-noOverlap,30000.0,20.0,0.0048,3.0,50.0,84.51555299758911,42.34419369697571,1.0,523.0,32.0,34.03942608833313,43.8608627319336,1.0,266.0,20.0,32.70006847381592,41.55448484420776,1.0,662.0,10.0,33.2463743686676,42.04107427597046,1.0,88.0
gaussian-5-noOverlap,30000.0,20.0,0.0048,4.0,50.0,85.1189432144165,42.87938380241394,1.0,697.0,32.0,31.967716455459595,41.71865677833557,1.0,456.0,20.0,32.601428508758545,41.81053709983826,1.0,355.0,10.0,33.12259125709534,41.89992690086365,1.0,372.0
gaussian-5-noOverlap,30000.0,20.0,0.0048,5.0,50.0,87.33102536201477,40.739890575408936,1.0,398.0,32.0,31.38453722000122,40.74654698371887,1.0,412.0,20.0,33.94390153884888,40.70431470870972,1.0,431.0,10.0,33.85643768310547,40.51800203323364,1.0,102.0
gaussian-5-noOverlap,30000.0,20.0,0.0048,6.0,50.0,88.14860844612122,41.88109374046326,1.0,847.0,32.0,32.37765669822693,42.78649878501892,1.0,815.0,20.0,32.91955256462097,43.20521807670593,1.0,947.0,10.0,34.39473557472229,42.6984441280365,1.0,787.0
gaussian-5-noOverlap,30000.0,20.0,0.0048,7.0,50.0,87.80085778236389,42.52328634262085,1.0,204.0,32.0,30.92530131340027,42.752281665802,1.0,186.0,20.0,32.596001386642456,42.12647294998169,1.0,182.0,10.0,33.803980588912964,41.7578194141388,1.0,178.0
gaussian-5-noOverlap,30000.0,20.0,0.0048,8.0,50.0,87.30124044418335,42.7088782787323,1.0,917.0,32.0,32.402496576309204,41.7300078868866,1.0,736.0,20.0,32.857569456100464,42.00571608543396,1.0,457.0,10.0,34.29807257652283,44.72008085250855,1.0,268.0
gaussian-5-noOverlap,30000.0,20.0,0.0048,9.0,50.0,85.020836353302,42.78450012207031,1.0,577.0,32.0,31.03753232955933,42.78178572654724,1.0,365.0,20.0,31.36929082870484,42.817647218704224,1.0,446.0,10.0,34.56224489212036,43.692816972732544,1.0,355.0
gaussian-5-noOverlap,30000.0,20.0,0.0048,10.0,50.0,91.92461562156676,40.68008208274841,1.0,210.0,32.0,33.17991375923157,40.16537928581238,1.0,640.0,20.0,35.64844846725464,40.50968337059021,1.0,290.0,10.0,34.13800239562988,40.28761434555054,1.0,262.0
gaussian-5-noOverlap,30000.0,50.0,0.012,1.0,50.0,95.0706799030304,41.00178337097168,0.6896720484585598,462.0,32.0,33.43240022659302,40.294527530670166,0.6896720484585598,271.0,20.0,36.35081553459168,40.33783936500549,0.6896720484585598,271.0,10.0,35.27020192146301,40.64906096458435,0.6896720484585598,382.0
gaussian-5-noOverlap,30000.0,50.0,0.012,2.0,50.0,96.1878535747528,41.00803518295288,1.0,1344.0,32.0,34.113993883132935,41.02971386909485,1.0,1384.0,20.0,34.670475244522095,40.89646744728088,1.0,1186.0,10.0,34.89314842224121,40.9937949180603,1.0,751.0
gaussian-5-noOverlap,30000.0,50.0,0.012,3.0,50.0,94.27317023277284,40.5096161365509,1.0,1178.0,32.0,33.931326389312744,40.07138013839722,1.0,522.0,20.0,34.49346995353699,39.91876983642578,1.0,846.0,10.0,34.71976947784424,40.34648442268372,1.0,785.0
gaussian-5-noOverlap,30000.0,50.0,0.012,4.0,50.0,95.65676164627077,40.736252546310425,1.0,1711.0,32.0,33.7136754989624,40.691572427749634,1.0,1536.0,20.0,34.0426549911499,40.73529386520386,1.0,1443.0,10.0,35.925679445266724,40.25088524818421,1.0,663.0
gaussian-5-noOverlap,30000.0,50.0,0.012,5.0,50.0,95.65562438964844,41.25273132324219,1.0,2064.0,32.0,34.02487397193909,41.947192907333374,1.0,2350.0,20.0,37.94709634780884,42.426417112350464,1.0,2047.0,10.0,36.64177012443543,42.45463943481445,1.0,2144.0
gaussian-5-noOverlap,30000.0,50.0,0.012,6.0,50.0,94.93195462226868,41.1210241317749,1.0,1010.0,32.0,33.9417462348938,40.969773054122925,1.0,678.0,20.0,35.95084619522095,42.4155375957489,1.0,602.0,10.0,36.18551588058472,43.085612773895264,1.0,570.0
gaussian-5-noOverlap,30000.0,50.0,0.012,7.0,50.0,94.89690113067628,42.95042133331299,1.0,1723.0,32.0,35.12272667884827,42.97725820541382,1.0,1014.0,20.0,35.63436436653137,41.544272899627686,1.0,2174.0,10.0,37.28327131271362,42.479740142822266,1.0,2004.0
gaussian-5-noOverlap,30000.0,50.0,0.012,8.0,50.0,95.46489334106444,41.71733045578003,1.0,1834.0,32.0,35.728779792785645,41.435659885406494,1.0,1534.0,20.0,38.19039750099182,41.56030082702637,1.0,2211.0,10.0,39.43144965171814,41.9160225391388,1.0,1091.0
gaussian-5-noOverlap,30000.0,50.0,0.012,9.0,50.0,95.95145201683044,41.5400812625885,1.0,1902.0,32.0,33.85131883621216,43.13930630683899,1.0,1080.0,20.0,35.295799255371094,46.497896671295166,1.0,608.0,10.0,38.94134378433228,47.53553247451782,1.0,680.0
gaussian-5-noOverlap,30000.0,50.0,0.012,10.0,50.0,95.15057396888731,41.23816514015198,1.0,775.0,32.0,33.89114284515381,41.67848324775696,1.0,969.0,20.0,34.89968729019165,41.5859444141388,1.0,541.0,10.0,36.43756031990051,42.06478238105774,1.0,619.0
gaussian-5-noOverlap,30000.0,100.0,0.024,1.0,50.0,99.35792708396912,41.27233839035034,1.0,3292.0,32.0,35.493884801864624,41.6330554485321,1.0,2234.0,20.0,34.54378867149353,40.94483232498169,1.0,2177.0,10.0,35.79103708267212,40.63511657714844,1.0,384.0
gaussian-5-noOverlap,30000.0,100.0,0.024,2.0,50.0,100.0008099079132,41.110031604766846,1.0,2780.0,32.0,35.58545732498169,41.04389548301697,1.0,1082.0,20.0,34.373663902282715,40.7641704082489,1.0,592.0,10.0,36.23582530021668,40.79974532127381,1.0,420.0
gaussian-5-noOverlap,30000.0,100.0,0.024,3.0,50.0,106.32473635673524,41.957736015319824,1.0,1704.0,32.0,36.229339838027954,40.84052276611328,1.0,1683.0,20.0,34.75370144844055,42.57891058921814,1.0,1224.0,10.0,36.13109755516052,41.55539655685425,1.0,632.0
gaussian-5-noOverlap,30000.0,100.0,0.024,4.0,50.0,98.77006387710573,40.69096660614014,1.0,2528.0,32.0,35.17377829551697,40.38533639907837,1.0,2262.0,20.0,35.721779346466064,40.56814360618591,1.0,3176.0,10.0,34.56625270843506,40.540645360946655,1.0,837.0
gaussian-5-noOverlap,30000.0,100.0,0.024,5.0,50.0,107.31835913658142,41.14059567451477,1.0,2384.0,32.0,35.27355647087097,40.97883081436157,1.0,2586.0,20.0,34.433467626571655,40.25511407852173,1.0,1942.0,10.0,34.5677182674408,40.856019258499146,1.0,1338.0
gaussian-5-noOverlap,30000.0,100.0,0.024,6.0,50.0,98.229820728302,40.96428680419922,1.0,152.0,32.0,34.47852921485901,41.141916275024414,1.0,138.0,20.0,35.812583923339844,41.373188972473145,1.0,144.0,10.0,35.955958127975464,41.4507315158844,1.0,146.0
gaussian-5-noOverlap,30000.0,100.0,0.024,7.0,50.0,97.27987694740295,40.70708394050598,1.0,912.0,32.0,35.19553804397583,40.4158501625061,1.0,1348.0,20.0,35.7479932308197,40.82534599304199,1.0,1308.0,10.0,35.60245680809021,40.55525422096253,1.0,870.0
gaussian-5-noOverlap,30000.0,100.0,0.024,8.0,50.0,100.60108661651611,41.736175775527954,1.0,1820.0,32.0,34.668890953063965,41.294745206832886,1.0,102.0,20.0,36.20760750770569,41.03058457374573,1.0,84.0,10.0,35.07993531227112,41.31806564331055,1.0,108.0
gaussian-5-noOverlap,30000.0,100.0,0.024,9.0,50.0,100.32728552818298,41.12673616409302,1.0,1147.0,32.0,34.063514947891235,41.39269542694092,1.0,1181.0,20.0,34.629597902297974,41.673474073410034,1.0,1935.0,10.0,36.21001172065735,41.14540791511536,1.0,1336.0
gaussian-5-noOverlap,30000.0,100.0,0.024,10.0,50.0,99.77099442481996,41.736143589019775,1.0,2691.0,32.0,34.56194233894348,45.857316732406616,1.0,1705.0,20.0,38.4477972984314,43.11278223991394,1.0,1855.0,10.0,38.82652974128723,43.4675235748291,1.0,1831.0
gaussian-5-noOverlap,30000.0,200.0,0.048,1.0,50.0,115.80733251571657,44.3379111289978,1.0,954.0,32.0,34.572394609451294,42.58068704605103,1.0,884.0,20.0,34.76195764541626,41.82531237602234,1.0,958.0,10.0,36.89230298995972,42.30107975006104,1.0,839.0
gaussian-5-noOverlap,30000.0,200.0,0.048,2.0,50.0,126.39926028251648,41.65080952644348,1.0,3595.0,32.0,36.36430525779724,41.459250688552856,1.0,2268.0,20.0,36.28244090080261,41.560813188552856,1.0,1295.0,10.0,36.20894742012024,41.91248536109924,1.0,1253.0
gaussian-5-noOverlap,30000.0,200.0,0.048,3.0,50.0,114.23117446899414,42.42028570175171,1.0,4663.0,32.0,34.37588381767273,42.44518327713013,1.0,1024.0,20.0,36.290711402893066,42.02501511573792,1.0,2130.0,10.0,36.46434283256531,41.42017126083374,1.0,3713.0
gaussian-5-noOverlap,30000.0,200.0,0.048,4.0,50.0,116.03591775894164,41.288296699523926,1.0,1265.0,32.0,36.026108264923096,42.40585350990296,1.0,1726.0,20.0,38.42149519920349,41.39168405532837,1.0,1598.0,10.0,36.83063268661499,40.64873218536377,1.0,1632.0
gaussian-5-noOverlap,30000.0,200.0,0.048,5.0,50.0,116.69097352027892,42.09497928619385,1.0,1335.0,32.0,34.971195936203,41.74761939048767,1.0,1835.0,20.0,35.135616302490234,41.3224720954895,1.0,1412.0,10.0,36.46319580078125,41.54768991470337,1.0,1721.0
gaussian-5-noOverlap,30000.0,200.0,0.048,6.0,50.0,113.70594549179076,41.71976375579834,1.0,3425.0,32.0,35.666969299316406,43.08407759666443,1.0,4612.0,20.0,35.66512703895569,43.09163856506348,1.0,3229.0,10.0,35.62028217315674,41.550474882125854,1.0,1948.0
gaussian-5-noOverlap,30000.0,200.0,0.048,7.0,50.0,118.09293293952942,41.537187337875366,1.0,3109.0,32.0,36.14992356300354,41.88049077987671,1.0,3556.0,20.0,36.60856866836548,41.90213179588318,1.0,3552.0,10.0,36.51374006271362,43.28782296180725,1.0,1085.0
gaussian-5-noOverlap,30000.0,200.0,0.048,8.0,50.0,115.68754315376282,42.110108613967896,1.0,2494.0,32.0,36.979816913604736,41.82540416717529,1.0,2687.0,20.0,37.97277069091797,41.718778133392334,1.0,2811.0,10.0,36.88275861740112,41.33920693397522,1.0,1751.0
gaussian-5-noOverlap,30000.0,200.0,0.048,9.0,50.0,124.33211994171144,41.82225680351257,1.0,3659.0,32.0,36.54702138900757,40.58867812156677,1.0,3624.0,20.0,37.71119284629822,40.5744366645813,1.0,3510.0,10.0,37.5420150756836,40.30681490898132,1.0,1877.0
gaussian-5-noOverlap,30000.0,200.0,0.048,10.0,50.0,115.74520063400269,43.61067223548889,1.0,408.0,32.0,35.795965909957886,44.72385501861572,1.0,356.0,20.0,34.89840006828308,44.7005295753479,1.0,408.0,10.0,37.108004093170166,43.58417844772339,1.0,408.0
gaussian-5-noOverlap,40000.0,10.0,0.0032,1.0,50.0,113.74824500083923,94.44616651535034,1.0,200.0,32.0,43.27443480491638,95.77208924293518,1.0,82.0,20.0,43.73602271080017,93.07057666778564,1.0,110.0,10.0,44.23660230636597,95.72292113304138,1.0,63.0
gaussian-5-noOverlap,40000.0,10.0,0.0032,2.0,50.0,113.11672925949097,91.5132052898407,1.0,211.0,32.0,44.79360508918762,97.99114513397215,1.0,237.0,20.0,48.63682222366333,90.42223191261292,1.0,182.0,10.0,47.509015798568726,93.41868472099304,1.0,155.0
gaussian-5-noOverlap,40000.0,10.0,0.0032,3.0,50.0,130.2488260269165,92.90106415748596,1.0,420.0,32.0,47.92565560340881,92.27266359329224,1.0,424.0,20.0,49.00553750991821,96.92351508140564,1.0,375.0,10.0,51.26441669464111,92.11806225776672,1.0,343.0
gaussian-5-noOverlap,40000.0,10.0,0.0032,4.0,50.0,122.50947880744934,96.08093070983888,1.0,215.0,32.0,45.532524824142456,95.5187530517578,1.0,213.0,20.0,48.50094366073608,92.6712384223938,1.0,223.0,10.0,46.909995794296265,96.2502133846283,1.0,127.0
gaussian-5-noOverlap,40000.0,10.0,0.0032,5.0,50.0,119.19936513900755,95.25453352928162,1.0,205.0,32.0,46.0591139793396,96.48181247711182,1.0,332.0,20.0,46.27382946014404,92.8897829055786,1.0,221.0,10.0,45.989288568496704,91.80496191978456,1.0,380.0
gaussian-5-noOverlap,40000.0,10.0,0.0032,6.0,50.0,117.5389850139618,105.72852754592896,1.0,64.0,32.0,45.22177147865296,96.40445828437804,1.0,64.0,20.0,48.31352972984314,95.78777861595154,1.0,216.0,10.0,44.91307210922241,96.22880339622498,1.0,32.0
gaussian-5-noOverlap,40000.0,10.0,0.0032,7.0,50.0,119.16969704627992,91.59943962097168,1.0,287.0,32.0,45.49385070800781,103.85681557655334,1.0,219.0,20.0,45.92861986160278,95.3296000957489,1.0,176.0,10.0,48.29304385185242,90.29514932632446,1.0,170.0
gaussian-5-noOverlap,40000.0,10.0,0.0032,8.0,50.0,117.33734583854675,93.63162231445312,1.0,201.0,32.0,47.542893171310425,96.6746199131012,1.0,160.0,20.0,48.77910399436951,94.63248705863953,1.0,137.0,10.0,47.27857971191406,98.71198225021362,1.0,147.0
gaussian-5-noOverlap,40000.0,10.0,0.0032,9.0,50.0,122.56676578521729,97.30048108100893,1.0,139.0,32.0,48.36540675163269,99.28656673431396,1.0,267.0,20.0,48.1446635723114,97.6952908039093,1.0,166.0,10.0,48.67427110671997,94.89452981948853,1.0,50.0
gaussian-5-noOverlap,40000.0,20.0,0.0064,1.0,50.0,126.44290900230408,112.42290043830872,1.0,304.0,32.0,47.92705011367798,91.8084626197815,1.0,278.0,20.0,49.17468857765198,88.31151270866394,1.0,575.0,10.0,48.71477746963501,88.46139669418335,1.0,311.0
gaussian-5-noOverlap,40000.0,20.0,0.0064,2.0,50.0,132.55784940719604,91.53430247306824,1.0,332.0,32.0,46.8871750831604,89.73899483680725,1.0,319.0,20.0,48.995450019836426,92.2537612915039,1.0,317.0,10.0,49.965834856033325,92.36238551139832,1.0,373.0
gaussian-5-noOverlap,40000.0,20.0,0.0064,3.0,50.0,124.77983832359314,88.06867861747742,1.0,187.0,32.0,46.2312536239624,89.061687707901,1.0,193.0,20.0,46.98038578033447,88.11157774925232,1.0,205.0,10.0,49.69726371765137,88.66670560836792,1.0,61.0
gaussian-5-noOverlap,40000.0,20.0,0.0064,4.0,50.0,123.29400944709778,93.71612477302553,1.0,148.0,32.0,48.8892502784729,91.59962272644044,1.0,462.0,20.0,51.23243021965027,94.23354983329772,1.0,119.0,10.0,50.460508823394775,95.57988548278809,1.0,109.0
gaussian-5-noOverlap,40000.0,20.0,0.0064,5.0,50.0,125.08731079101562,93.66328501701356,1.0,96.0,32.0,47.23407506942749,94.71032452583312,1.0,94.0,20.0,49.44464135169983,95.69699048995972,1.0,232.0,10.0,50.347094774246216,94.16383576393127,1.0,321.0
gaussian-5-noOverlap,40000.0,20.0,0.0064,6.0,50.0,123.13090443611144,94.97534370422365,1.0,470.0,32.0,47.40276074409485,94.93752717971802,1.0,486.0,20.0,47.39471220970154,93.49304747581482,1.0,444.0,10.0,55.66387343406677,328.3873784542084,1.0,254.0
gaussian-5-noOverlap,40000.0,20.0,0.0064,7.0,50.0,178.65957117080688,109.97051429748537,1.0,626.0,32.0,47.193076848983765,95.07686495780943,1.0,570.0,20.0,47.76713514328003,93.62957119941711,1.0,542.0,10.0,48.544983863830566,94.92188477516174,1.0,586.0
gaussian-5-noOverlap,40000.0,20.0,0.0064,8.0,50.0,125.56320810317992,95.72364354133606,1.0,660.0,32.0,49.61331844329834,96.59030175209044,1.0,821.0,20.0,50.484925508499146,95.45320582389832,1.0,616.0,10.0,50.84395170211792,92.45947861671448,1.0,314.0
gaussian-5-noOverlap,40000.0,20.0,0.0064,9.0,50.0,127.5950047969818,96.02935242652892,1.0,234.0,32.0,47.2212450504303,98.3952476978302,1.0,124.0,20.0,48.40673971176148,94.94911098480225,1.0,114.0,10.0,48.28172969818115,97.24027967453004,1.0,144.0
gaussian-5-noOverlap,40000.0,20.0,0.0064,10.0,50.0,149.0629062652588,244.1951038837433,1.0,377.0,32.0,59.37284302711487,108.7106475830078,1.0,429.0,20.0,51.260215759277344,93.00408840179443,1.0,498.0,10.0,50.034629106521606,97.33585691452026,1.0,281.0
gaussian-5-noOverlap,40000.0,50.0,0.016,1.0,50.0,223.3331503868103,98.44929671287537,1.0,1041.0,32.0,52.69314980506897,98.87281560897829,1.0,972.0,20.0,61.98210263252258,95.85146760940552,1.0,1129.0,10.0,54.93807029724121,96.81184577941896,1.0,1336.0
gaussian-5-noOverlap,40000.0,50.0,0.016,2.0,50.0,150.22271299362183,104.17380571365356,1.0,4136.0,32.0,135.80382919311523,429.8210551738739,1.0,1500.0,20.0,65.91399455070496,93.16233849525452,1.0,1166.0,10.0,57.06143951416016,100.48418927192688,1.0,696.0
gaussian-5-noOverlap,40000.0,50.0,0.016,3.0,50.0,136.73689436912537,93.5551598072052,1.0,1371.0,32.0,50.8365695476532,91.24134182929993,1.0,1321.0,20.0,51.25622510910034,92.31186890602112,1.0,1917.0,10.0,50.50492143630981,90.57689571380617,1.0,1815.0
gaussian-5-noOverlap,40000.0,50.0,0.016,4.0,50.0,132.96243333816528,90.85601568222046,1.0,317.0,32.0,47.62598133087158,89.7903459072113,1.0,274.0,20.0,50.58248805999756,92.64433002471924,1.0,235.0,10.0,50.60258746147156,90.35717940330504,1.0,439.0
gaussian-5-noOverlap,40000.0,50.0,0.016,5.0,50.0,139.09848260879517,93.83098530769348,1.0,3297.0,32.0,50.78156328201294,94.42755389213562,1.0,3160.0,20.0,50.79080533981323,94.0598132610321,1.0,3000.0,10.0,51.28242468833923,92.26806902885436,1.0,2168.0
gaussian-5-noOverlap,40000.0,50.0,0.016,6.0,50.0,140.30663633346558,91.69922137260436,1.0,3828.0,32.0,50.74808406829834,104.27360773086548,1.0,3877.0,20.0,52.31243705749512,93.36914134025574,1.0,1250.0,10.0,52.80083465576172,92.44795513153076,1.0,1105.0
gaussian-5-noOverlap,40000.0,50.0,0.016,7.0,50.0,143.85672283172607,92.98173093795776,1.0,968.0,32.0,53.13316345214844,92.29535293579102,1.0,1182.0,20.0,53.2362277507782,90.00205612182617,1.0,704.0,10.0,53.966373682022095,94.02113914489746,1.0,303.0
gaussian-5-noOverlap,40000.0,50.0,0.016,8.0,50.0,136.58411812782288,92.84781670570374,1.0,2982.0,32.0,50.53881120681763,93.58518981933594,1.0,3220.0,20.0,51.10529685020447,91.2073211669922,1.0,1916.0,10.0,52.268160343170166,93.21949887275696,1.0,303.0
gaussian-5-noOverlap,40000.0,50.0,0.016,9.0,50.0,132.8295032978058,91.60802793502808,1.0,2671.0,32.0,52.46930456161499,100.75284242630003,1.0,965.0,20.0,50.88934326171875,93.07610082626344,1.0,1483.0,10.0,54.52476644515991,92.27440094947816,1.0,994.0
gaussian-5-noOverlap,40000.0,50.0,0.016,10.0,50.0,138.8533058166504,92.7841498851776,1.0,2916.0,32.0,50.8616406917572,89.98056435585022,1.0,2966.0,20.0,50.76296806335449,93.54143476486206,1.0,1799.0,10.0,52.21191358566284,91.69816398620604,1.0,1314.0
gaussian-5-noOverlap,40000.0,100.0,0.032,1.0,50.0,155.4260277748108,95.16419005393982,1.0,903.0,32.0,55.47067427635193,220.3802568912506,1.0,1058.0,20.0,52.00070142745972,92.96916460990906,1.0,1114.0,10.0,52.44758987426758,92.8951358795166,1.0,2874.0
gaussian-5-noOverlap,40000.0,100.0,0.032,2.0,50.0,148.53204226493835,95.38876724243164,1.0,1511.0,32.0,57.50770545005798,94.13433122634888,1.0,3111.0,20.0,55.52003979682922,91.42898154258728,1.0,2103.0,10.0,55.70760750770569,96.6506564617157,1.0,1732.0
gaussian-5-noOverlap,40000.0,100.0,0.032,3.0,50.0,145.78708386421204,90.25175356864928,1.0,1754.0,32.0,53.24060106277466,126.78630948066711,1.0,2140.0,20.0,64.28760862350464,92.10889887809752,1.0,1654.0,10.0,52.21958541870117,89.97114825248718,1.0,1649.0
gaussian-5-noOverlap,40000.0,100.0,0.032,4.0,50.0,146.12604904174805,92.49322366714478,1.0,1272.0,32.0,51.39755415916443,94.27290773391724,1.0,1254.0,20.0,52.183876037597656,93.20795941352844,1.0,783.0,10.0,51.93030643463135,92.93317031860352,1.0,1372.0
gaussian-5-noOverlap,40000.0,100.0,0.032,5.0,50.0,150.6906270980835,90.80207848548888,1.0,3362.0,32.0,54.23282170295715,93.05842661857604,1.0,3412.0,20.0,54.45957565307617,89.85151696205139,1.0,3370.0,10.0,54.27594566345215,89.50088047981262,1.0,988.0
gaussian-5-noOverlap,40000.0,100.0,0.032,6.0,50.0,150.48841881752014,92.87587332725523,1.0,2554.0,32.0,53.909581422805786,102.26107907295228,1.0,2938.0,20.0,53.29609179496765,91.5218403339386,1.0,3504.0,10.0,56.14014387130737,128.86078429222107,1.0,3044.0
gaussian-5-noOverlap,40000.0,100.0,0.032,7.0,50.0,146.1072494983673,96.3222358226776,1.0,1386.0,32.0,54.2353515625,93.0257785320282,1.0,1920.0,20.0,51.12270212173462,88.68431377410889,1.0,1575.0,10.0,52.47155165672302,91.67602372169496,1.0,259.0
gaussian-5-noOverlap,40000.0,100.0,0.032,8.0,50.0,140.9534091949463,90.39577341079712,1.0,2136.0,32.0,51.78732776641846,98.2119414806366,1.0,1848.0,20.0,54.60422587394714,122.18643116950987,1.0,890.0,10.0,130.28937792778015,129.6572597026825,1.0,414.0
gaussian-5-noOverlap,40000.0,100.0,0.032,9.0,50.0,149.77317309379578,90.20256495475768,1.0,448.0,32.0,57.26865100860596,102.93757581710815,1.0,546.0,20.0,63.698137044906616,92.28347253799438,1.0,36.0,10.0,54.0772876739502,92.73237323760986,1.0,40.0
gaussian-5-noOverlap,40000.0,100.0,0.032,10.0,50.0,147.43485593795776,91.1007227897644,1.0,3765.0,32.0,51.47195291519165,92.59635472297668,1.0,3096.0,20.0,52.567065477371216,93.42999505996704,1.0,3406.0,10.0,54.45316576957703,90.58435606956482,1.0,699.0
gaussian-5-noOverlap,40000.0,200.0,0.064,1.0,50.0,181.21572375297544,93.57610249519348,1.0,3038.0,32.0,50.81933283805847,95.44768595695496,1.0,3225.0,20.0,51.87698936462402,92.69991493225098,1.0,2575.0,10.0,50.952396631240845,92.4603705406189,1.0,2682.0
gaussian-5-noOverlap,40000.0,200.0,0.064,2.0,50.0,173.22896456718445,91.14770436286926,1.0,1335.0,32.0,50.63005638122559,93.22484183311462,1.0,1916.0,20.0,50.56330919265747,91.55226063728333,1.0,2011.0,10.0,111.93736219406128,332.5343599319458,1.0,1598.0
gaussian-5-noOverlap,40000.0,200.0,0.064,3.0,50.0,372.08618426322937,167.60842156410217,1.0,2855.0,32.0,117.0243639945984,373.07312631607056,1.0,2634.0,20.0,141.1313853263855,106.3550820350647,1.0,190.0,10.0,53.50192332267761,92.78262305259705,1.0,944.0
gaussian-5-noOverlap,40000.0,200.0,0.064,4.0,50.0,180.3289265632629,92.28906893730164,1.0,2115.0,32.0,52.17335367202759,92.09890866279602,1.0,2257.0,20.0,52.86980128288269,92.51359868049622,1.0,3851.0,10.0,54.547255754470825,91.75958228111269,1.0,1159.0
gaussian-5-noOverlap,40000.0,200.0,0.064,5.0,50.0,425.536847114563,591.6807532310486,1.0,942.0,32.0,119.74353671073914,95.18394684791564,1.0,1856.0,20.0,51.04630899429321,91.01408505439758,1.0,1055.0,10.0,51.39641952514648,91.47145652770996,1.0,1579.0
gaussian-5-noOverlap,40000.0,200.0,0.064,6.0,50.0,263.8925976753235,243.4769821166992,1.0,4200.0,32.0,52.09088349342346,94.69613194465636,1.0,4316.0,20.0,52.2336905002594,92.21940350532532,1.0,2406.0,10.0,119.01647472381592,482.5054264068604,1.0,2350.0
gaussian-5-noOverlap,40000.0,200.0,0.064,7.0,50.0,397.5723078250885,301.32306265830994,1.0,4199.0,32.0,83.99222254753113,118.53916668891908,1.0,4729.0,20.0,86.46977066993713,110.5314118862152,1.0,3590.0,10.0,50.51256990432739,92.80763673782349,1.0,3339.0
gaussian-5-noOverlap,40000.0,200.0,0.064,8.0,50.0,178.99189448356628,91.15670251846312,1.0,5120.0,32.0,53.5171799659729,94.10290122032166,1.0,2764.0,20.0,54.277365922927856,93.14948725700378,1.0,1462.0,10.0,52.61570262908936,90.91999697685242,1.0,3490.0
gaussian-7-Overlap,5000.0,10.0,0.0004,1.0,50.0,12.27874231338501,1.4693043231964111,0.9231963120462868,243.0,32.0,3.622601985931397,1.4400415420532229,0.9889384628653284,391.0,20.0,3.322763204574585,1.3397457599639893,0.9932800943076996,71.0,10.0,3.6914451122283936,1.348999261856079,0.990282311372912,141.0
gaussian-7-Overlap,5000.0,10.0,0.0004,2.0,50.0,12.192634582519531,1.419693946838379,0.7967961017628159,538.0,32.0,3.5695507526397705,1.348212718963623,0.7997968384192108,475.0,20.0,3.5833261013031006,1.347916603088379,0.8041003877718063,303.0,10.0,3.686888933181762,1.3460824489593506,0.8080690924876989,155.0
gaussian-7-Overlap,5000.0,10.0,0.0004,3.0,50.0,12.44840669631958,1.4900884628295898,0.9888242567448916,66.0,32.0,3.542564392089844,1.4720244407653809,0.9911859855159466,66.0,20.0,3.644761323928833,1.4094908237457275,0.9858088695111248,58.0,10.0,3.6026971340179443,1.4730422496795654,0.9936873236226428,48.0
gaussian-7-Overlap,5000.0,10.0,0.0004,4.0,50.0,12.110713481903076,1.3658089637756348,0.9698790158906738,92.0,32.0,3.565239906311035,1.3462529182434082,0.984382084927575,62.0,20.0,3.674248695373535,1.35093355178833,0.9913447078392634,96.0,10.0,3.64265775680542,1.34549880027771,0.9938810955531772,84.0
gaussian-7-Overlap,5000.0,10.0,0.0004,5.0,50.0,12.073123693466188,1.3809585571289062,0.9972655973075706,33.0,32.0,3.5867037773132324,1.4119882583618164,0.9982984110863604,37.0,20.0,3.648095369338989,1.415680170059204,0.998466910279422,224.0,10.0,3.6429502964019775,1.417341947555542,0.9972319289355474,92.0
gaussian-7-Overlap,5000.0,10.0,0.0004,6.0,50.0,12.249912977218628,1.4512324333190918,0.8412863565407801,19.0,32.0,3.273537397384644,1.3904061317443848,0.8541565928345922,245.0,20.0,3.650135755538941,1.3607187271118164,0.8616778948108564,49.0,10.0,3.623433589935303,1.347693681716919,0.7932212484085588,249.0
gaussian-7-Overlap,5000.0,10.0,0.0004,7.0,50.0,11.882512092590332,1.41209077835083,0.9120870373981328,13.0,32.0,3.569535732269287,1.3663928508758545,0.921075320388494,91.0,20.0,3.6050853729248047,1.3573668003082275,0.9235597953471102,35.0,10.0,3.6775059700012207,1.3617188930511477,0.9186305042543708,81.0
gaussian-7-Overlap,5000.0,10.0,0.0004,8.0,50.0,12.160632848739624,1.3603782653808594,0.991340267715505,82.0,32.0,3.6334657669067374,1.395765781402588,0.9926568737668868,78.0,20.0,3.793318033218384,1.3521349430084229,0.9924097295087714,78.0,10.0,3.728979825973511,1.3698477745056152,0.9914874510420016,70.0
gaussian-7-Overlap,5000.0,10.0,0.0004,9.0,50.0,12.137982845306396,1.3434653282165527,0.993845100726884,34.0,32.0,3.5994341373443604,1.327254295349121,0.9970450066264782,39.0,20.0,3.690349578857422,1.3215739727020264,0.9916769160957444,34.0,10.0,3.685317993164064,1.3274295330047607,0.99319772261022,30.0
gaussian-7-Overlap,5000.0,10.0,0.0004,10.0,50.0,12.43276596069336,1.3782193660736084,0.9623752270324208,15.0,32.0,3.5883800983428955,1.364304780960083,0.9957985240050682,26.0,20.0,3.652436017990112,1.3626708984375,0.9946545397890564,95.0,10.0,3.621703147888184,1.3783354759216309,0.9962854804984136,81.0
gaussian-7-Overlap,5000.0,20.0,0.0008,1.0,50.0,12.704774379730225,1.3917303085327148,1.0,1110.0,32.0,3.4002552032470703,1.4015960693359375,1.0,379.0,20.0,3.716487646102905,1.3812170028686523,1.0,392.0,10.0,3.788868188858032,1.374767780303955,1.0,340.0
gaussian-7-Overlap,5000.0,20.0,0.0008,2.0,50.0,12.492695808410645,1.388737440109253,0.9975241765038226,160.0,32.0,3.6895360946655273,1.3643271923065186,0.9994472529118756,94.0,20.0,3.755490303039551,1.3639729022979736,0.9998616423460422,100.0,10.0,3.725877046585083,1.3589043617248535,1.0,90.0
gaussian-7-Overlap,5000.0,20.0,0.0008,3.0,50.0,12.78478503227234,1.4384641647338867,0.9997209586210528,98.0,32.0,3.712311983108521,1.3573801517486572,0.9998609030983596,128.0,20.0,3.686022281646729,1.3920300006866455,1.0,256.0,10.0,3.7655606269836426,1.3315649032592771,0.9998615550635386,120.0
gaussian-7-Overlap,5000.0,20.0,0.0008,4.0,50.0,12.528778791427612,1.3611598014831543,0.9998616091581434,521.0,32.0,3.688549041748047,1.4265778064727783,1.0,531.0,20.0,3.745464324951172,1.4215011596679688,1.0,493.0,10.0,4.054200172424316,1.4153878688812256,1.0,406.0
gaussian-7-Overlap,5000.0,20.0,0.0008,5.0,50.0,12.91662335395813,1.399665117263794,0.9984834066055924,264.0,32.0,3.691692590713501,1.382615327835083,0.9995851637962556,263.0,20.0,3.707428455352783,1.3806560039520264,0.9998617460141206,136.0,10.0,3.768764972686768,1.3847193717956543,1.0,144.0
gaussian-7-Overlap,5000.0,20.0,0.0008,6.0,50.0,13.37951397895813,1.4748330116271973,1.0,556.0,32.0,3.694387674331665,1.373382568359375,1.0,525.0,20.0,3.760021924972534,1.370002031326294,1.0,446.0,10.0,3.720956563949585,1.3642916679382324,1.0,218.0
gaussian-7-Overlap,5000.0,20.0,0.0008,7.0,50.0,12.894750118255615,1.46071457862854,0.9978369518824624,608.0,32.0,3.826889753341675,1.5485939979553225,0.9991734303671423,182.0,20.0,3.88787055015564,1.4477715492248535,1.0,197.0,10.0,3.808521032333374,1.4288244247436523,1.0,198.0
gaussian-7-Overlap,5000.0,20.0,0.0008,8.0,50.0,12.670187711715698,1.444528579711914,0.988236093973566,161.0,32.0,3.710595607757568,1.4733588695526123,0.9924266135017954,236.0,20.0,4.028563022613525,1.4987525939941406,0.995471852633022,237.0,10.0,3.7811646461486816,1.483189344406128,0.9987733398795368,309.0
gaussian-7-Overlap,5000.0,20.0,0.0008,9.0,50.0,12.788404941558838,1.4957056045532229,1.0,499.0,32.0,3.986895799636841,1.3833386898040771,1.0,538.0,20.0,3.712381362915039,1.4196820259094238,1.0,319.0,10.0,3.776142120361328,1.4020929336547852,1.0,268.0
gaussian-7-Overlap,5000.0,20.0,0.0008,10.0,50.0,12.49012851715088,1.4747600555419922,1.0,147.0,32.0,3.696877956390381,1.4421164989471436,1.0,116.0,20.0,3.6725668907165527,1.4796524047851562,1.0,148.0,10.0,3.756866931915283,1.4749507904052734,1.0,222.0
gaussian-7-Overlap,5000.0,50.0,0.002,1.0,50.0,13.66119384765625,1.4496662616729736,1.0,830.0,32.0,3.7718429565429688,1.460913896560669,1.0,491.0,20.0,4.084988355636597,1.4263064861297607,1.0,235.0,10.0,3.862006425857544,1.4232943058013916,1.0,202.0
gaussian-7-Overlap,5000.0,50.0,0.002,2.0,50.0,13.230688333511353,1.4113311767578125,1.0,708.0,32.0,3.821848392486572,1.3892261981964111,1.0,248.0,20.0,3.840399026870728,1.3723080158233645,1.0,324.0,10.0,3.823730707168579,1.4199049472808838,1.0,350.0
gaussian-7-Overlap,5000.0,50.0,0.002,3.0,50.0,13.76783013343811,1.5161182880401611,1.0,1092.0,32.0,3.8310587406158447,1.4980218410491943,1.0,502.0,20.0,4.135661363601685,1.4987561702728271,1.0,873.0,10.0,4.1626598834991455,1.4706964492797852,1.0,436.0
gaussian-7-Overlap,5000.0,50.0,0.002,4.0,50.0,13.27409601211548,1.5022120475769043,1.0,462.0,32.0,3.8330600261688232,1.6139097213745115,1.0,482.0,20.0,3.857749938964844,1.495283603668213,1.0,523.0,10.0,3.826707363128662,1.4850444793701172,1.0,300.0
gaussian-7-Overlap,5000.0,50.0,0.002,5.0,50.0,13.630802392959597,1.4739089012145996,1.0,446.0,32.0,3.813019037246704,1.454047679901123,1.0,316.0,20.0,3.855582475662232,1.4809935092926023,1.0,270.0,10.0,3.897296190261841,1.492234706878662,1.0,318.0
gaussian-7-Overlap,5000.0,50.0,0.002,6.0,50.0,13.146024942398071,1.4529399871826172,1.0,1260.0,32.0,3.828629732131958,1.4378750324249268,1.0,969.0,20.0,3.810823678970337,1.4280755519866943,1.0,700.0,10.0,3.844761610031128,1.4339919090270996,1.0,510.0
gaussian-7-Overlap,5000.0,50.0,0.002,7.0,50.0,13.085554838180542,1.7145562171936035,1.0,745.0,32.0,3.794320821762085,1.451500654220581,1.0,392.0,20.0,3.878548622131348,1.431891679763794,1.0,334.0,10.0,3.829519271850586,1.4198079109191897,1.0,314.0
gaussian-7-Overlap,5000.0,50.0,0.002,8.0,50.0,13.628808975219728,1.5360758304595947,1.0,523.0,32.0,3.7645325660705566,1.4652161598205566,1.0,437.0,20.0,3.901124000549317,1.4662697315216064,1.0,358.0,10.0,3.8103959560394287,1.4788923263549805,1.0,353.0
gaussian-7-Overlap,5000.0,50.0,0.002,9.0,50.0,13.4769868850708,1.480532169342041,1.0,369.0,32.0,4.078518867492676,1.452810287475586,1.0,394.0,20.0,3.8043746948242174,1.4651126861572266,1.0,347.0,10.0,3.8731026649475098,1.424347162246704,1.0,325.0
gaussian-7-Overlap,5000.0,50.0,0.002,10.0,50.0,13.41863179206848,1.4800856113433838,1.0,666.0,32.0,3.8626585006713854,1.4142959117889404,1.0,698.0,20.0,3.819461107254028,1.4447579383850098,1.0,244.0,10.0,3.908034086227417,1.4226837158203125,1.0,208.0
gaussian-7-Overlap,5000.0,100.0,0.004,1.0,50.0,13.481733560562134,1.414642333984375,1.0,1456.0,32.0,3.832231998443604,1.403001070022583,1.0,905.0,20.0,3.88886308670044,1.411778450012207,1.0,869.0,10.0,3.877855062484741,1.3985915184020996,1.0,216.0
gaussian-7-Overlap,5000.0,100.0,0.004,2.0,50.0,13.095381021499634,1.4645676612854004,1.0,664.0,32.0,3.7598254680633545,1.4998726844787598,1.0,278.0,20.0,4.121976852416992,1.4713256359100342,1.0,302.0,10.0,3.821669101715088,1.4322903156280518,1.0,268.0
gaussian-7-Overlap,5000.0,100.0,0.004,3.0,50.0,13.33855676651001,1.4452059268951416,1.0,524.0,32.0,4.136385917663574,1.4019169807434082,1.0,416.0,20.0,3.911978483200073,1.4340238571166992,1.0,406.0,10.0,3.893221855163574,1.4148409366607666,1.0,433.0
gaussian-7-Overlap,5000.0,100.0,0.004,4.0,50.0,12.934220790863035,1.3775980472564695,1.0,302.0,32.0,3.836837768554688,1.4110863208770752,1.0,398.0,20.0,3.8815202713012695,1.4090983867645264,1.0,376.0,10.0,3.9157114028930655,1.428500413894653,1.0,254.0
gaussian-7-Overlap,5000.0,100.0,0.004,5.0,50.0,13.08322787284851,1.4626185894012451,1.0,370.0,32.0,3.773893117904663,1.426124095916748,1.0,336.0,20.0,3.8260674476623535,1.4610133171081543,1.0,354.0,10.0,3.909492254257202,1.4630119800567627,1.0,316.0
gaussian-7-Overlap,5000.0,100.0,0.004,6.0,50.0,13.110608577728271,1.4871091842651367,1.0,240.0,32.0,4.089457750320435,1.4576117992401123,1.0,150.0,20.0,3.842407941818237,1.426283597946167,1.0,140.0,10.0,3.924029588699341,1.4301917552947998,1.0,281.0
gaussian-7-Overlap,5000.0,100.0,0.004,7.0,50.0,13.063376665115356,1.4282777309417725,1.0,122.0,32.0,3.8244435787200928,1.480292797088623,1.0,102.0,20.0,3.829342842102051,1.442479133605957,1.0,140.0,10.0,3.840021133422852,1.419886827468872,1.0,156.0
gaussian-7-Overlap,5000.0,100.0,0.004,8.0,50.0,13.101257085800173,1.39860200881958,1.0,552.0,32.0,3.846015453338623,1.380040168762207,1.0,576.0,20.0,3.842295408248901,1.3701667785644531,1.0,457.0,10.0,3.893739461898804,1.3741817474365234,1.0,434.0
gaussian-7-Overlap,5000.0,100.0,0.004,9.0,50.0,13.240472316741943,1.4525811672210691,1.0,196.0,32.0,3.797013282775879,1.3659675121307373,1.0,222.0,20.0,4.157037734985352,1.3636531829833984,1.0,178.0,10.0,3.872784614562988,1.3493363857269287,1.0,124.0
gaussian-7-Overlap,5000.0,100.0,0.004,10.0,50.0,13.328473091125488,1.394592523574829,1.0,286.0,32.0,3.841105937957764,1.3694510459899902,1.0,384.0,20.0,4.155858993530273,1.3622639179229736,1.0,210.0,10.0,3.96208429336548,1.366408109664917,1.0,189.0
gaussian-7-Overlap,5000.0,200.0,0.008,1.0,50.0,13.288558721542358,1.4495224952697754,1.0,562.0,32.0,3.888132572174072,1.3595736026763916,1.0,558.0,20.0,4.231714248657227,1.4111824035644531,1.0,550.0,10.0,4.409881830215454,1.4720706939697266,1.0,516.0
gaussian-7-Overlap,5000.0,200.0,0.008,2.0,50.0,13.422829151153564,1.4433023929595947,1.0,615.0,32.0,3.8459973335266113,1.4334230422973633,1.0,342.0,20.0,3.900093317031861,1.4184484481811523,1.0,630.0,10.0,3.956409215927124,1.4229018688201904,1.0,449.0
gaussian-7-Overlap,5000.0,200.0,0.008,3.0,50.0,13.652423620224,1.432807445526123,1.0,624.0,32.0,3.8878424167633057,1.3742616176605225,1.0,542.0,20.0,4.143635034561157,1.384464979171753,1.0,493.0,10.0,4.221483469009399,1.3785333633422852,1.0,524.0
gaussian-7-Overlap,5000.0,200.0,0.008,4.0,50.0,13.650747299194336,1.4202473163604736,1.0,696.0,32.0,3.866384267807007,1.4003334045410156,1.0,520.0,20.0,4.274971008300781,1.3974459171295166,1.0,444.0,10.0,3.8941595554351807,1.4645795822143557,1.0,532.0
gaussian-7-Overlap,5000.0,200.0,0.008,5.0,50.0,13.4671733379364,1.4067561626434326,1.0,754.0,32.0,3.870067834854126,1.405543327331543,1.0,893.0,20.0,3.882743358612061,1.395749807357788,1.0,597.0,10.0,4.267707824707031,1.3957927227020264,1.0,538.0
gaussian-7-Overlap,5000.0,200.0,0.008,6.0,50.0,13.473791122436523,1.38289213180542,1.0,151.0,32.0,3.925295829772949,1.4230589866638184,1.0,130.0,20.0,3.8977067470550537,1.4088187217712402,1.0,149.0,10.0,3.9776594638824463,1.4178504943847656,1.0,153.0
gaussian-7-Overlap,5000.0,200.0,0.008,7.0,50.0,13.742556810379028,1.3968584537506104,1.0,814.0,32.0,3.8508124351501465,1.3765857219696045,1.0,780.0,20.0,3.8352091312408447,1.3796930313110352,1.0,586.0,10.0,3.957818508148194,1.3726577758789062,1.0,222.0
gaussian-7-Overlap,5000.0,200.0,0.008,8.0,50.0,13.531283378601074,1.4002645015716553,1.0,383.0,32.0,3.89913272857666,1.482839584350586,1.0,258.0,20.0,3.882483720779419,1.4564735889434814,1.0,652.0,10.0,3.9450604915618896,1.4290549755096436,1.0,748.0
gaussian-7-Overlap,5000.0,200.0,0.008,9.0,50.0,14.87624168395996,1.4836370944976809,1.0,840.0,32.0,4.102877140045166,1.4646625518798828,1.0,688.0,20.0,4.1363301277160645,1.4611306190490725,1.0,300.0,10.0,4.077832937240601,1.456256866455078,1.0,182.0
gaussian-7-Overlap,5000.0,200.0,0.008,10.0,50.0,13.800896167755129,1.393033742904663,1.0,380.0,32.0,3.848424434661865,1.3605992794036863,1.0,406.0,20.0,3.898017406463623,1.3654553890228271,1.0,404.0,10.0,3.936093330383301,1.3667149543762207,1.0,392.0
gaussian-7-Overlap,10000.0,10.0,0.0008,1.0,50.0,24.13745403289795,4.8367016315460205,0.9562077467951032,84.0,32.0,7.591628551483154,4.977363109588623,0.9710703977809002,106.0,20.0,8.243557691574097,4.829611539840698,0.983732069978768,172.0,10.0,8.245532035827637,4.844988107681274,0.9873814603216996,202.0
gaussian-7-Overlap,10000.0,10.0,0.0008,2.0,50.0,24.28976058959961,5.111434459686279,0.990780287650117,162.0,32.0,8.078974962234497,5.056554317474365,0.9947707318349924,148.0,20.0,7.682042121887207,5.132476329803467,0.9955914262944532,142.0,10.0,8.279330492019653,4.78510046005249,0.8481317595774008,114.0
gaussian-7-Overlap,10000.0,10.0,0.0008,3.0,50.0,24.25105905532837,4.879340171813965,0.9994231955590106,135.0,32.0,7.649003267288208,4.850903511047363,0.9994231955590106,177.0,20.0,8.27605652809143,4.852270603179932,1.0,254.0,10.0,8.292089700698853,4.835296630859375,0.8353409932903408,170.0
gaussian-7-Overlap,10000.0,10.0,0.0008,4.0,50.0,24.922328233718872,4.895977735519409,0.9558239985426338,190.0,32.0,8.171247243881226,5.047181129455566,0.9907082846760852,150.0,20.0,8.259008646011353,4.789937496185303,0.9915259558932172,140.0,10.0,8.48174262046814,5.013482332229614,0.9951670143997632,124.0
gaussian-7-Overlap,10000.0,10.0,0.0008,5.0,50.0,23.524035215377808,4.789860486984253,0.9568678695912792,46.0,32.0,7.548074722290039,4.786648511886597,0.9837997913804,90.0,20.0,8.226358652114868,4.789362907409668,0.992289339909781,70.0,10.0,7.739469528198242,4.801392316818237,0.996024818680832,78.0
gaussian-7-Overlap,10000.0,10.0,0.0008,6.0,50.0,23.81207299232483,4.850104570388794,0.9978543433409032,72.0,32.0,7.616722822189331,4.833080768585205,0.9988227969410458,82.0,20.0,8.249527931213379,4.829550266265869,0.999307207750586,164.0,10.0,8.125885963439941,4.800350904464722,0.9997927055318888,84.0
gaussian-7-Overlap,10000.0,10.0,0.0008,7.0,50.0,26.578314065933228,5.008123636245728,0.9200943696797724,70.0,32.0,8.493619680404663,5.005062103271484,0.9266359920044026,82.0,20.0,8.635400295257568,5.002734899520874,0.9302531737241866,76.0,10.0,8.638529300689697,5.003711700439453,0.9312801724967288,76.0
gaussian-7-Overlap,10000.0,10.0,0.0008,8.0,50.0,24.31595730781555,5.070295333862305,0.6187321134843924,107.0,32.0,8.042089462280273,5.112869501113892,0.6290050720767792,74.0,20.0,8.1843581199646,4.738040447235107,0.6456015398668191,105.0,10.0,8.402407884597778,4.945342540740967,0.6516785306358721,127.0
gaussian-7-Overlap,10000.0,10.0,0.0008,9.0,50.0,24.822853803634644,5.045539855957031,0.9981514088495846,76.0,32.0,8.213228940963745,5.110710620880127,0.9988239391742654,76.0,20.0,8.337095975875854,5.032212972640991,0.998847261425368,70.0,10.0,8.362396955490112,5.058966398239136,0.9982266338673352,60.0
gaussian-7-Overlap,10000.0,10.0,0.0008,10.0,50.0,24.188953638076782,4.906197786331177,0.9628832185423096,181.0,32.0,8.088903665542603,4.893342733383179,0.9832360675680524,253.0,20.0,7.767297744750977,4.902942180633545,0.9921261103205083,146.0,10.0,8.174185991287231,4.886376857757568,0.9960737331598788,140.0
gaussian-7-Overlap,10000.0,20.0,0.0016,1.0,50.0,25.15676784515381,4.91624927520752,1.0,261.0,32.0,8.31060266494751,4.897320985794067,1.0,251.0,20.0,8.401739835739136,4.892807960510254,1.0,320.0,10.0,8.374261856079102,4.891751527786255,1.0,146.0
gaussian-7-Overlap,10000.0,20.0,0.0016,2.0,50.0,25.213865756988525,4.973007440567017,0.987898694900262,346.0,32.0,8.3217294216156,5.158174514770508,0.9912122368782268,423.0,20.0,7.886753797531128,5.027231216430664,0.9947077302358428,768.0,10.0,8.388540267944336,4.947335004806519,0.9984412908523032,307.0
gaussian-7-Overlap,10000.0,20.0,0.0016,3.0,50.0,25.67732405662537,4.982874631881714,0.999861678445494,532.0,32.0,8.287537097930908,4.982548952102661,0.9999307730329958,531.0,20.0,8.41183066368103,4.972336292266846,1.0,381.0,10.0,8.71073603630066,4.974643707275391,1.0,330.0
gaussian-7-Overlap,10000.0,20.0,0.0016,4.0,50.0,25.512497425079346,4.8559730052948,1.0,590.0,32.0,8.336920261383057,4.96809458732605,1.0,276.0,20.0,8.401017904281616,4.968175411224365,1.0,282.0,10.0,8.865701675415039,4.970237255096436,1.0,258.0
gaussian-7-Overlap,10000.0,20.0,0.0016,5.0,50.0,24.967772006988525,5.100864410400391,0.9991029429079462,1023.0,32.0,8.347249031066895,5.223462104797363,0.999584982685471,477.0,20.0,8.363140106201172,5.020236492156982,0.9998616856745504,467.0,10.0,8.422631025314331,5.06466007232666,0.9999307766507096,178.0
gaussian-7-Overlap,10000.0,20.0,0.0016,6.0,50.0,25.749509572982788,5.001278400421143,0.9813404271010624,160.0,32.0,8.334963083267212,5.176524639129639,0.9828489421950816,357.0,20.0,7.8946123123168945,5.156768083572388,0.9860083308833112,144.0,10.0,8.413070678710938,5.010839462280273,0.9919649533790638,196.0
gaussian-7-Overlap,10000.0,20.0,0.0016,7.0,50.0,25.87673735618592,5.023029327392578,0.9998617011886708,627.0,32.0,8.255027294158936,5.20358419418335,1.0,439.0,20.0,8.359128713607788,5.041899681091309,1.0,449.0,10.0,8.73816967010498,5.075524568557739,1.0,289.0
gaussian-7-Overlap,10000.0,20.0,0.0016,8.0,50.0,25.44944548606873,4.880966901779175,0.9886944215279884,378.0,32.0,8.315511226654053,4.902953863143921,0.9943427595410264,327.0,20.0,7.96683406829834,4.890316963195801,0.9971829801823258,579.0,10.0,8.80438232421875,4.893120288848877,0.9993775374624024,434.0
gaussian-7-Overlap,10000.0,20.0,0.0016,9.0,50.0,24.526759386062626,5.033621072769165,0.9985560091651916,144.0,32.0,8.325758457183838,4.704975605010986,0.999513524988076,219.0,20.0,8.279542446136475,5.187465667724609,0.9993772208560582,215.0,10.0,8.389350414276123,4.894740343093872,0.9995167051533032,234.0
gaussian-7-Overlap,10000.0,20.0,0.0016,10.0,50.0,25.38494324684143,5.107169151306152,0.9997922905753144,441.0,32.0,8.328876495361328,4.828182458877564,0.9998614639619012,381.0,20.0,8.343472003936768,5.0142247676849365,1.0,301.0,10.0,8.767959833145142,5.167725324630737,1.0,394.0
gaussian-7-Overlap,10000.0,50.0,0.004,1.0,50.0,25.73057651519776,4.894485235214233,1.0,382.0,32.0,8.591828346252441,4.882687568664551,1.0,326.0,20.0,9.075747728347778,4.87711763381958,1.0,406.0,10.0,9.01301884651184,4.861730337142944,1.0,390.0
gaussian-7-Overlap,10000.0,50.0,0.004,2.0,50.0,26.565704822540283,5.042770624160767,1.0,582.0,32.0,8.660384893417358,5.055250644683838,1.0,574.0,20.0,8.753355503082275,5.0259108543396,1.0,1088.0,10.0,8.653882503509521,5.018071889877319,1.0,728.0
gaussian-7-Overlap,10000.0,50.0,0.004,3.0,50.0,25.93452286720276,5.192284345626831,1.0,265.0,32.0,8.997336626052856,4.964422464370728,1.0,214.0,20.0,9.190619945526125,5.136302947998047,1.0,201.0,10.0,8.644614934921265,5.0388665199279785,1.0,165.0
gaussian-7-Overlap,10000.0,50.0,0.004,4.0,50.0,26.357430458068848,4.84387731552124,1.0,520.0,32.0,8.669475317001343,5.105615615844727,1.0,616.0,20.0,8.66423225402832,4.861156463623047,1.0,682.0,10.0,8.660614252090454,4.835504531860352,1.0,460.0
gaussian-7-Overlap,10000.0,50.0,0.004,5.0,50.0,26.093894720077515,5.175906181335449,1.0,912.0,32.0,8.651832103729248,4.947735548019409,1.0,1096.0,20.0,8.61418080329895,5.034359693527222,1.0,530.0,10.0,8.749608755111694,4.9857282638549805,1.0,552.0
gaussian-7-Overlap,10000.0,50.0,0.004,6.0,50.0,26.428263902664185,5.295225620269775,1.0,672.0,32.0,8.656232118606567,5.283060789108276,1.0,888.0,20.0,8.653733015060425,5.179144144058228,1.0,512.0,10.0,8.714463710784912,4.966463088989258,1.0,354.0
gaussian-7-Overlap,10000.0,50.0,0.004,7.0,50.0,25.76612234115601,4.72939395904541,1.0,1341.0,32.0,8.636196374893188,4.938157558441162,1.0,834.0,20.0,8.73230528831482,5.087624549865723,1.0,188.0,10.0,8.666947364807129,5.0115721225738525,1.0,43.0
gaussian-7-Overlap,10000.0,50.0,0.004,8.0,50.0,25.88259744644165,5.191831588745117,1.0,534.0,32.0,8.535104036331177,4.855605840682983,1.0,808.0,20.0,8.783269166946411,5.1958606243133545,1.0,418.0,10.0,8.63670825958252,5.155016183853149,1.0,444.0
gaussian-7-Overlap,10000.0,50.0,0.004,9.0,50.0,25.90335988998413,4.917397975921631,1.0,716.0,32.0,8.613167762756348,4.929783344268799,1.0,686.0,20.0,8.596906423568726,5.00372052192688,1.0,709.0,10.0,8.658407926559448,4.848519563674927,1.0,996.0
gaussian-7-Overlap,10000.0,50.0,0.004,10.0,50.0,25.984201669693,4.838936567306519,1.0,150.0,32.0,8.957249879837036,4.852526903152466,1.0,162.0,20.0,8.254365921020508,4.834100008010864,1.0,164.0,10.0,9.383428812026978,4.853229761123657,1.0,204.0
gaussian-7-Overlap,10000.0,100.0,0.008,1.0,50.0,27.03488802909851,5.222790479660034,1.0,1136.0,32.0,8.759655714035034,5.245988130569458,1.0,974.0,20.0,8.91380262374878,5.217383861541748,1.0,926.0,10.0,9.285690784454346,5.265252113342285,1.0,454.0
gaussian-7-Overlap,10000.0,100.0,0.008,2.0,50.0,27.096644639968872,5.176972389221191,1.0,1361.0,32.0,8.710618257522583,5.086540222167969,1.0,534.0,20.0,9.20343565940857,5.148786306381226,1.0,479.0,10.0,8.701605796813965,5.082569360733032,1.0,299.0
gaussian-7-Overlap,10000.0,100.0,0.008,3.0,50.0,27.102380514144897,4.943422079086304,1.0,698.0,32.0,8.910965204238892,4.917204141616821,1.0,715.0,20.0,9.040948390960692,4.903720378875732,1.0,711.0,10.0,9.05586552619934,4.8788251876831055,1.0,267.0
gaussian-7-Overlap,10000.0,100.0,0.008,4.0,50.0,26.282718658447266,5.20798134803772,1.0,1744.0,32.0,8.672972679138184,5.109981536865234,1.0,2014.0,20.0,8.777385711669922,5.100092649459839,1.0,1927.0,10.0,8.775172710418701,5.287712097167969,1.0,1106.0
gaussian-7-Overlap,10000.0,100.0,0.008,5.0,50.0,26.425782680511475,5.060554504394531,1.0,633.0,32.0,8.668378829956055,5.029797554016113,1.0,313.0,20.0,8.744581937789917,5.027564287185669,1.0,778.0,10.0,8.695062637329102,5.0253236293792725,1.0,279.0
gaussian-7-Overlap,10000.0,100.0,0.008,6.0,50.0,27.534067392349243,4.84139347076416,1.0,398.0,32.0,8.734660625457764,4.862164258956909,1.0,382.0,20.0,8.871777296066284,4.840454339981079,1.0,369.0,10.0,9.21803092956543,4.839706182479858,1.0,270.0
gaussian-7-Overlap,10000.0,100.0,0.008,7.0,50.0,27.49138259887696,4.87195897102356,1.0,222.0,32.0,8.801589727401733,5.0486040115356445,1.0,179.0,20.0,8.967916488647461,4.889830827713013,1.0,120.0,10.0,8.948096990585327,4.8796491622924805,1.0,168.0
gaussian-7-Overlap,10000.0,100.0,0.008,8.0,50.0,27.227065324783325,4.859027862548828,1.0,496.0,32.0,8.774006366729736,4.85186767578125,1.0,604.0,20.0,9.34528422355652,4.839785099029541,1.0,582.0,10.0,8.9326913356781,4.822835445404053,1.0,646.0
gaussian-7-Overlap,10000.0,100.0,0.008,9.0,50.0,26.81370186805725,5.081470489501953,1.0,2046.0,32.0,9.153542041778564,4.957549095153809,1.0,2146.0,20.0,8.768309116363525,4.92581033706665,1.0,1520.0,10.0,9.248630285263062,4.931088924407959,1.0,1494.0
gaussian-7-Overlap,10000.0,100.0,0.008,10.0,50.0,26.3559365272522,4.85923171043396,1.0,1253.0,32.0,8.717570543289185,4.84217095375061,1.0,1159.0,20.0,8.828060150146484,4.845770359039307,1.0,1348.0,10.0,9.082133054733276,4.826409339904785,1.0,418.0
gaussian-7-Overlap,10000.0,200.0,0.016,1.0,50.0,27.980440378189087,5.249583721160889,1.0,414.0,32.0,9.393543243408203,5.219567775726318,1.0,393.0,20.0,9.359959363937378,5.203795909881592,1.0,435.0,10.0,9.388538360595703,5.2293541431427,1.0,229.0
gaussian-7-Overlap,10000.0,200.0,0.016,2.0,50.0,29.10259222984314,5.285179138183594,1.0,633.0,32.0,8.823530912399292,5.234603643417358,1.0,246.0,20.0,8.775250673294067,5.148361682891846,1.0,204.0,10.0,8.803239107131958,4.905779838562012,1.0,231.0
gaussian-7-Overlap,10000.0,200.0,0.016,3.0,50.0,27.93020391464233,5.15659761428833,1.0,1135.0,32.0,8.868062496185303,5.104259014129639,1.0,1128.0,20.0,8.940900087356567,4.714277267456055,1.0,936.0,10.0,9.134684801101685,4.95268177986145,1.0,738.0
gaussian-7-Overlap,10000.0,200.0,0.016,4.0,50.0,28.017224550247192,5.0960681438446045,1.0,783.0,32.0,9.333959341049194,5.066198348999023,1.0,783.0,20.0,8.963148355484009,4.801696538925171,1.0,563.0,10.0,8.997024059295654,4.896822452545166,1.0,829.0
gaussian-7-Overlap,10000.0,200.0,0.016,5.0,50.0,29.096806287765503,4.805058240890503,1.0,1753.0,32.0,9.267614364624023,4.789959669113159,1.0,1895.0,20.0,8.842205286026001,4.945672512054443,1.0,1321.0,10.0,9.52993893623352,5.044114112854004,1.0,971.0
gaussian-7-Overlap,10000.0,200.0,0.016,6.0,50.0,28.93932294845581,4.959045886993408,1.0,1630.0,32.0,8.869641304016113,4.895667791366577,1.0,938.0,20.0,8.98245882987976,4.895204782485962,1.0,1318.0,10.0,9.543904066085815,4.89423394203186,1.0,1324.0
gaussian-7-Overlap,10000.0,200.0,0.016,7.0,50.0,29.06882166862488,5.240019083023071,1.0,699.0,32.0,9.277105569839478,5.000557899475098,1.0,668.0,20.0,8.732099056243896,5.18544602394104,1.0,391.0,10.0,8.854026556015015,5.075824737548828,1.0,302.0
gaussian-7-Overlap,10000.0,200.0,0.016,8.0,50.0,27.97045516967773,5.224353313446045,1.0,85.0,32.0,8.79039192199707,5.087271213531494,1.0,93.0,20.0,9.433277606964111,5.218899965286255,1.0,117.0,10.0,9.194868326187134,5.248520374298096,1.0,56.0
gaussian-7-Overlap,10000.0,200.0,0.016,9.0,50.0,28.470847845077515,5.164965867996216,1.0,374.0,32.0,8.848149061203003,5.009472608566284,1.0,222.0,20.0,9.59378743171692,5.216275453567505,1.0,238.0,10.0,9.598292589187622,5.067149877548218,1.0,210.0
gaussian-7-Overlap,10000.0,200.0,0.016,10.0,50.0,29.46528458595276,4.952645540237427,1.0,1366.0,32.0,8.947362422943115,5.056240797042847,1.0,1055.0,20.0,9.401238203048706,4.949150085449219,1.0,1324.0,10.0,8.940404653549194,4.951006412506104,1.0,1333.0
gaussian-7-Overlap,15000.0,10.0,0.0012,1.0,50.0,37.10845613479614,10.729751825332642,0.9866296411080586,194.0,32.0,13.19465160369873,10.920211553573608,0.9980299921745046,184.0,20.0,13.277387857437134,11.006322622299194,0.9979401338914724,172.0,10.0,13.36060881614685,10.99927282333374,0.9977031967095776,84.0
gaussian-7-Overlap,15000.0,10.0,0.0012,2.0,50.0,36.07293748855591,10.511346817016602,0.9983850165253054,165.0,32.0,13.114248275756836,10.811062812805176,0.9988548597394232,166.0,20.0,13.206669569015505,10.969247579574583,0.9993636574914648,160.0,10.0,13.233410358428957,10.955246210098268,0.9996179475447609,162.0
gaussian-7-Overlap,15000.0,10.0,0.0012,3.0,50.0,37.26881504058838,10.827009201049805,0.97264416929359,84.0,32.0,12.397204399108888,10.703218221664429,0.9912092292947496,73.0,20.0,13.06532096862793,10.704498291015623,0.9930251807425492,83.0,10.0,12.72862982749939,10.724799156188965,0.9914960512596712,160.0
gaussian-7-Overlap,15000.0,10.0,0.0012,4.0,50.0,36.34503149986267,10.926874160766602,0.9121450567289204,152.0,32.0,12.440554857254028,10.855350494384766,0.9149040196326694,214.0,20.0,13.160402536392212,11.043907403945925,0.91807655062505,499.0,10.0,13.206702947616575,11.171703577041626,0.9239508452327514,116.0
gaussian-7-Overlap,15000.0,10.0,0.0012,5.0,50.0,35.96171188354492,10.525482892990112,0.9768936823218616,83.0,32.0,12.907362699508669,10.497698545455933,0.9880023302093172,31.0,20.0,12.568920373916626,10.473223447799684,0.9128254974846745,43.0,10.0,13.208214282989502,10.48988151550293,0.9224501519490051,81.0
gaussian-7-Overlap,15000.0,10.0,0.0012,6.0,50.0,36.182576417922974,10.417436361312866,0.924090620300357,90.0,32.0,12.601093769073486,10.415590047836304,0.9271960765049932,245.0,20.0,12.844600915908812,10.192387104034424,0.9978483529787197,231.0,10.0,13.077337980270386,10.923836946487429,0.9982302830722564,174.0
gaussian-7-Overlap,15000.0,10.0,0.0012,7.0,50.0,37.22840881347656,10.764704942703249,0.998268200254863,372.0,32.0,12.504547119140623,10.581217527389526,0.9991067690223324,212.0,20.0,12.702866554260254,10.723566055297852,0.999421024497948,428.0,10.0,12.78424859046936,10.631866931915283,0.9998135569467788,374.0
gaussian-7-Overlap,15000.0,10.0,0.0012,8.0,50.0,38.29947900772095,10.177204370498655,0.9943776712210464,100.0,32.0,13.274997472763062,10.383750200271606,0.996506299542406,120.0,20.0,13.650100231170654,10.541143417358398,0.997234129830771,173.0,10.0,13.10767912864685,10.678999662399292,0.9929152424890746,227.0
gaussian-7-Overlap,15000.0,10.0,0.0012,9.0,50.0,37.23093843460083,10.607520341873167,0.9820124082568202,28.0,32.0,12.74181342124939,10.511682033538818,0.9743030930127428,33.0,20.0,13.052682399749756,10.508297204971312,0.9788777228783568,40.0,10.0,13.859915494918823,10.575029850006104,0.9923408758130476,93.0
gaussian-7-Overlap,15000.0,10.0,0.0012,10.0,50.0,36.64918231964111,10.52049994468689,0.990948487832672,530.0,32.0,13.165171146392822,10.566981315612791,0.9952360787139902,512.0,20.0,13.348924160003662,10.481963634490969,0.9979750258033928,466.0,10.0,13.141162872314451,10.51980757713318,0.9994065267689612,390.0
gaussian-7-Overlap,15000.0,20.0,0.0024,1.0,50.0,39.09358072280884,10.515521049499512,1.0,173.0,32.0,12.996909856796265,10.882891416549684,1.0,151.0,20.0,13.201163530349731,10.49146032333374,1.0,153.0,10.0,13.907349586486816,10.493005275726318,1.0,129.0
gaussian-7-Overlap,15000.0,20.0,0.0024,2.0,50.0,37.80529999732971,10.47337818145752,0.9337007558521148,291.0,32.0,13.00917911529541,10.73717999458313,0.9337007558521148,281.0,20.0,13.173754453659058,10.832021474838257,0.9337007558521148,269.0,10.0,13.949315071105955,10.508287906646729,0.9337007558521148,261.0
gaussian-7-Overlap,15000.0,20.0,0.0024,3.0,50.0,38.22344303131104,10.418946027755736,1.0,452.0,32.0,13.673154592514038,10.609834909439089,1.0,324.0,20.0,13.813596487045288,10.4601571559906,1.0,206.0,10.0,13.9430890083313,10.94813871383667,1.0,240.0
gaussian-7-Overlap,15000.0,20.0,0.0024,4.0,50.0,39.376829385757446,10.488521575927734,0.997372204483202,300.0,32.0,13.096395492553713,10.594977378845217,0.9989084263053462,275.0,20.0,13.891679286956789,10.757914781570436,0.999632370819714,236.0,10.0,14.039600610733032,10.638948440551758,0.9999077396196302,302.0
gaussian-7-Overlap,15000.0,20.0,0.0024,5.0,50.0,37.82150220870972,10.623138904571531,0.9998153518254213,208.0,32.0,13.091885566711426,10.556965112686155,0.999953842104414,196.0,20.0,13.812712907791138,10.53249716758728,1.0,216.0,10.0,13.752572774887083,10.548254489898682,1.0,243.0
gaussian-7-Overlap,15000.0,20.0,0.0024,6.0,50.0,38.1351637840271,10.712001323699951,1.0,436.0,32.0,13.694737195968628,10.612463235855104,1.0,432.0,20.0,13.117857456207275,10.6698899269104,1.0,434.0,10.0,13.945884943008425,10.612859010696411,1.0,392.0
gaussian-7-Overlap,15000.0,20.0,0.0024,7.0,50.0,38.91692304611206,10.529458999633787,1.0,421.0,32.0,13.26056432723999,10.783731937408447,1.0,715.0,20.0,14.12273621559143,10.817520380020142,1.0,838.0,10.0,14.146962881088257,10.803977966308594,1.0,755.0
gaussian-7-Overlap,15000.0,20.0,0.0024,8.0,50.0,37.770636320114136,10.636672735214232,0.9999538388904924,1122.0,32.0,13.04977011680603,10.44312071800232,0.9999538388904924,1190.0,20.0,13.067638158798218,10.479755878448486,1.0,360.0,10.0,13.875434637069702,10.483603477478027,1.0,269.0
gaussian-7-Overlap,15000.0,20.0,0.0024,9.0,50.0,38.85570049285889,10.47780966758728,0.9453042794545856,577.0,32.0,13.297131299972534,10.616461277008057,0.9473871723872213,443.0,20.0,14.060545682907104,10.449610233306885,0.9484512000207268,478.0,10.0,14.312391996383669,10.39433526992798,0.9499952733644258,135.0
gaussian-7-Overlap,15000.0,20.0,0.0024,10.0,50.0,38.10655689239502,10.70563292503357,0.92385676307418,357.0,32.0,13.283883571624756,10.844050168991089,0.9274454141097872,431.0,20.0,14.164560317993164,10.75645661354065,0.9306642290376744,351.0,10.0,13.314419269561768,10.783123970031738,0.9327892367007942,234.0
gaussian-7-Overlap,15000.0,50.0,0.006,1.0,50.0,41.46762180328369,11.093712091445925,1.0,1027.0,32.0,14.239967584609984,10.595386981964111,1.0,906.0,20.0,14.522830486297607,10.333345174789429,1.0,480.0,10.0,14.61574387550354,10.321063756942747,1.0,454.0
gaussian-7-Overlap,15000.0,50.0,0.006,2.0,50.0,40.75806665420532,10.607472896575928,1.0,487.0,32.0,13.7357075214386,11.400401830673218,1.0,1123.0,20.0,14.337953805923462,10.464729070663452,1.0,277.0,10.0,15.27901315689087,10.481575965881348,1.0,209.0
gaussian-7-Overlap,15000.0,50.0,0.006,3.0,50.0,41.96463394165039,10.7192280292511,1.0,1326.0,32.0,15.00125288963318,10.998656272888184,1.0,781.0,20.0,15.25846004486084,11.024463891983032,1.0,1187.0,10.0,15.332358121871948,10.944486618041992,1.0,1115.0
gaussian-7-Overlap,15000.0,50.0,0.006,4.0,50.0,41.22251200675965,10.659469842910768,1.0,230.0,32.0,14.365280628204346,10.58142876625061,1.0,686.0,20.0,14.431528091430664,10.559499502182009,1.0,718.0,10.0,14.607171297073364,10.565218448638916,1.0,492.0
gaussian-7-Overlap,15000.0,50.0,0.006,5.0,50.0,41.1158709526062,10.852678060531616,1.0,1890.0,32.0,14.306000709533691,10.453673839569092,1.0,2544.0,20.0,14.47246241569519,10.504658699035645,1.0,1764.0,10.0,14.694933652877808,10.63167142868042,1.0,987.0
gaussian-7-Overlap,15000.0,50.0,0.006,6.0,50.0,42.29048252105713,10.538313627243042,1.0,1340.0,32.0,14.473631620407104,10.546322345733644,1.0,1341.0,20.0,14.629199981689451,10.542868375778198,1.0,748.0,10.0,14.83820343017578,10.547184944152832,1.0,268.0
gaussian-7-Overlap,15000.0,50.0,0.006,7.0,50.0,40.62834596633911,10.472678899765016,1.0,699.0,32.0,14.383203744888306,10.663984537124634,1.0,879.0,20.0,14.603352785110474,10.3869891166687,1.0,1201.0,10.0,14.535780429840088,11.262717485427856,1.0,1224.0
gaussian-7-Overlap,15000.0,50.0,0.006,8.0,50.0,41.56460618972778,10.798709630966188,1.0,972.0,32.0,13.676329135894775,10.732598066329956,1.0,570.0,20.0,14.464760780334473,10.843425273895264,1.0,805.0,10.0,15.089972734451294,10.82572865486145,1.0,852.0
gaussian-7-Overlap,15000.0,50.0,0.006,9.0,50.0,41.28085780143738,10.578972578048706,1.0,572.0,32.0,14.440330982208252,10.480222940444946,1.0,511.0,20.0,14.668697357177734,10.500331401824951,1.0,421.0,10.0,14.833534240722656,10.462169647216797,1.0,170.0
gaussian-7-Overlap,15000.0,50.0,0.006,10.0,50.0,41.55996036529541,10.573355913162231,1.0,424.0,32.0,14.190425634384155,10.640764951705933,1.0,392.0,20.0,13.7173113822937,10.442597389221191,1.0,426.0,10.0,15.22979474067688,10.958414554595947,1.0,460.0
gaussian-7-Overlap,15000.0,100.0,0.012,1.0,50.0,41.64172434806824,10.985519886016846,1.0,1424.0,32.0,14.462724924087524,10.609068870544434,1.0,788.0,20.0,14.615644216537476,10.647464275360107,1.0,1040.0,10.0,15.149611473083496,11.397320032119753,1.0,1164.0
gaussian-7-Overlap,15000.0,100.0,0.012,2.0,50.0,44.04214954376221,10.766740322113035,1.0,1460.0,32.0,14.386889457702637,10.63454532623291,1.0,821.0,20.0,14.426846504211426,10.61372685432434,1.0,881.0,10.0,14.608239889144896,10.644280195236206,1.0,1142.0
gaussian-7-Overlap,15000.0,100.0,0.012,3.0,50.0,42.453678607940674,10.862469673156738,1.0,1869.0,32.0,14.419426679611206,10.946667194366457,1.0,1480.0,20.0,14.482805490493774,10.7336847782135,1.0,1937.0,10.0,14.370788812637327,10.74048948287964,1.0,1655.0
gaussian-7-Overlap,15000.0,100.0,0.012,4.0,50.0,44.326791286468506,10.724893569946287,1.0,1898.0,32.0,14.500028133392334,11.017659425735474,1.0,848.0,20.0,15.271536111831663,10.759292840957642,1.0,958.0,10.0,14.723897457122805,10.750505685806274,1.0,667.0
gaussian-7-Overlap,15000.0,100.0,0.012,5.0,50.0,42.53797864913941,10.630542278289797,1.0,1205.0,32.0,14.484582901000977,10.541451692581177,1.0,1363.0,20.0,14.649917602539062,10.298264265060425,1.0,681.0,10.0,15.283285856246948,10.486583948135376,1.0,790.0
gaussian-7-Overlap,15000.0,100.0,0.012,6.0,50.0,41.75394010543823,11.106709480285645,1.0,1540.0,32.0,14.441531419754028,10.454716444015505,1.0,1454.0,20.0,14.654249668121338,10.425121068954468,1.0,1030.0,10.0,14.619503736495972,10.865357160568236,1.0,766.0
gaussian-7-Overlap,15000.0,100.0,0.012,7.0,50.0,43.80090761184693,11.524539709091188,1.0,1161.0,32.0,14.571195602416992,10.888168573379517,1.0,1030.0,20.0,14.754897356033323,11.324353694915771,1.0,1132.0,10.0,15.44769835472107,11.213683605194092,1.0,571.0
gaussian-7-Overlap,15000.0,100.0,0.012,8.0,50.0,42.33568930625916,11.240844011306764,1.0,929.0,32.0,13.78380012512207,10.89284873008728,1.0,1075.0,20.0,15.054017066955566,10.963891983032228,1.0,460.0,10.0,14.498930215835571,10.70946717262268,1.0,1438.0
gaussian-7-Overlap,15000.0,100.0,0.012,9.0,50.0,41.84161639213562,11.302306175231934,0.662196687358228,432.0,32.0,14.228076219558716,10.64791488647461,0.662196687358228,379.0,20.0,14.431886672973633,11.13931131362915,0.662196687358228,364.0,10.0,15.049043655395508,11.046214580535889,0.662196687358228,354.0
gaussian-7-Overlap,15000.0,100.0,0.012,10.0,50.0,42.19325661659241,11.161919832229614,1.0,1353.0,32.0,14.382969379425049,11.221284627914429,1.0,861.0,20.0,14.417826890945436,11.13337540626526,1.0,663.0,10.0,15.348031520843506,11.047511339187622,1.0,525.0
gaussian-7-Overlap,15000.0,200.0,0.024,1.0,50.0,44.321927309036255,11.000023365020752,1.0,3390.0,32.0,14.595135927200316,10.87368869781494,1.0,1796.0,20.0,14.547893047332764,10.664123773574827,1.0,1610.0,10.0,14.716856956481934,10.696106672286987,1.0,640.0
gaussian-7-Overlap,15000.0,200.0,0.024,2.0,50.0,46.72960090637207,11.311285257339478,1.0,1492.0,32.0,14.998513460159302,11.241044759750366,1.0,1692.0,20.0,15.00481653213501,11.278374195098875,1.0,999.0,10.0,15.20939803123474,11.509658336639404,1.0,601.0
gaussian-7-Overlap,15000.0,200.0,0.024,3.0,50.0,45.02883648872376,10.724408388137816,1.0,918.0,32.0,14.493586540222168,11.035334587097168,1.0,790.0,20.0,14.599981784820557,10.943400621414185,1.0,933.0,10.0,14.75792360305786,11.148232460021973,1.0,708.0
gaussian-7-Overlap,15000.0,200.0,0.024,4.0,50.0,44.2562460899353,11.215822696685793,1.0,1574.0,32.0,14.60612678527832,11.26906681060791,1.0,1569.0,20.0,15.22274661064148,11.287858486175535,1.0,1106.0,10.0,15.161924123764038,11.22726345062256,1.0,1089.0
gaussian-7-Overlap,15000.0,200.0,0.024,5.0,50.0,44.78947234153748,11.151338577270508,1.0,1429.0,32.0,15.073385953903198,10.952676057815552,1.0,236.0,20.0,14.582603693008425,10.741260528564451,1.0,499.0,10.0,14.507130146026611,10.915088176727297,1.0,430.0
gaussian-7-Overlap,15000.0,200.0,0.024,6.0,50.0,44.385802268981934,11.045406579971312,1.0,920.0,32.0,14.604385137557983,11.097140550613403,1.0,842.0,20.0,14.616558074951172,10.880642652511597,1.0,1237.0,10.0,14.560712099075316,10.876875162124634,1.0,836.0
gaussian-7-Overlap,15000.0,200.0,0.024,7.0,50.0,45.300740480422974,11.201658010482788,1.0,1211.0,32.0,14.608614683151243,11.062104940414429,1.0,1785.0,20.0,14.693748950958252,11.263038158416748,1.0,656.0,10.0,14.828116178512571,11.025434255599976,1.0,621.0
gaussian-7-Overlap,15000.0,200.0,0.024,8.0,50.0,44.75115442276001,11.164447546005247,1.0,1264.0,32.0,14.426151037216188,11.25908613204956,1.0,1279.0,20.0,15.16107940673828,11.0955708026886,1.0,779.0,10.0,15.039835214614868,11.103357791900637,1.0,643.0
gaussian-7-Overlap,15000.0,200.0,0.024,9.0,50.0,46.33705639839173,11.009072542190552,1.0,1734.0,32.0,14.49258542060852,10.864699840545654,1.0,1586.0,20.0,14.617287397384644,11.632973909378052,1.0,1804.0,10.0,14.985008716583252,11.583914279937744,1.0,1328.0
gaussian-7-Overlap,15000.0,200.0,0.024,10.0,50.0,44.171913146972656,11.313242435455322,1.0,687.0,32.0,14.548841714859009,11.098076581954956,1.0,598.0,20.0,14.621496200561523,11.025568962097168,1.0,587.0,10.0,14.521921634674072,11.197659969329834,1.0,809.0
gaussian-7-Overlap,20000.0,10.0,0.0016,1.0,50.0,49.76810336112976,19.44636940956116,0.9133949587122946,192.0,32.0,17.921451568603516,20.379626274108887,0.9242908727438272,94.0,20.0,18.444297790527344,19.439177751541138,0.9301832975768748,92.0,10.0,19.08733630180359,20.318569660186768,0.935901867886768,192.0
gaussian-7-Overlap,20000.0,10.0,0.0016,2.0,50.0,51.405367374420166,19.4774706363678,0.9959698730588008,82.0,32.0,18.3198401927948,19.67922854423523,0.998056734721978,207.0,20.0,18.808720111846924,19.640312671661377,0.9988617257749306,146.0,10.0,19.59652805328369,19.76058292388916,0.9997902561849128,156.0
gaussian-7-Overlap,20000.0,10.0,0.0016,3.0,50.0,50.58960485458374,19.63930082321167,0.9775915441913382,222.0,32.0,18.305004835128784,18.845890283584595,0.9842186407005716,162.0,20.0,18.648264169693,19.835956811904907,0.995078522072279,18.0,10.0,18.85030722618103,19.81053042411804,0.9908271072411524,218.0
gaussian-7-Overlap,20000.0,10.0,0.0016,4.0,50.0,52.4234573841095,19.405887842178345,0.9920058218593688,54.0,32.0,18.473613500595093,19.462502002716064,0.996796548395636,60.0,20.0,20.00369524955749,20.222326517105103,0.9937115781800816,88.0,10.0,19.1796190738678,19.56689953804016,0.9858626472893616,66.0
gaussian-7-Overlap,20000.0,10.0,0.0016,5.0,50.0,52.11858105659485,19.47041893005371,0.9829935138031412,102.0,32.0,18.48536419868469,19.288094520568848,0.9956874437717136,155.0,20.0,18.97693395614624,19.37391495704651,0.9953339889806316,207.0,10.0,19.322497129440308,19.329091787338257,0.9943609999197336,49.0
gaussian-7-Overlap,20000.0,10.0,0.0016,6.0,50.0,49.93610906600952,19.69018006324768,0.9920108602938976,39.0,32.0,17.887653350830078,19.63929796218872,0.9971081582295248,63.0,20.0,17.53293776512146,19.38787412643433,0.9958310964707768,39.0,10.0,19.159743309021,18.910059928894043,0.9935518163099312,29.0
gaussian-7-Overlap,20000.0,10.0,0.0016,7.0,50.0,50.01791477203369,19.1958646774292,0.9921570948062896,22.0,32.0,18.48676896095276,18.89291524887085,0.9951304137300582,35.0,20.0,19.93533086776733,19.210124254226685,0.9953555099984008,37.0,10.0,18.982507467269897,18.989917278289795,0.9934132165756002,46.0
gaussian-7-Overlap,20000.0,10.0,0.0016,8.0,50.0,50.537926197052,18.16966390609741,0.9835192962985472,34.0,32.0,18.31469702720642,18.59779691696167,0.9923130027459672,28.0,20.0,18.776657581329346,18.30619692802429,0.9973499855399298,28.0,10.0,18.94880533218384,18.42579913139344,0.9972466683269816,44.0
gaussian-7-Overlap,20000.0,10.0,0.0016,9.0,50.0,50.8163492679596,18.85506248474121,0.6964620566691595,155.0,32.0,18.41225004196167,18.287022590637207,0.6960289223566939,87.0,20.0,18.93443012237549,19.76656150817871,0.6995971358381415,139.0,10.0,19.019217014312744,19.476507902145386,0.7086618136764441,153.0
gaussian-7-Overlap,20000.0,10.0,0.0016,10.0,50.0,49.86022996902466,18.308356761932373,0.9598773968055292,199.0,32.0,18.230926513671875,18.49534726142884,0.9750101889674616,145.0,20.0,18.82390332221985,18.26657700538636,0.984963465939746,152.0,10.0,18.84451913833618,18.096937894821167,0.9939831509400632,284.0
gaussian-7-Overlap,20000.0,20.0,0.0032,1.0,50.0,53.50417113304138,18.35368704795837,1.0,240.0,32.0,19.253045082092285,18.10497117042541,1.0,209.0,20.0,19.667718172073364,18.99044179916382,1.0,237.0,10.0,20.76117873191833,18.28723907470703,1.0,57.0
gaussian-7-Overlap,20000.0,20.0,0.0032,2.0,50.0,53.53307318687439,18.213008880615234,0.9981742700015642,458.0,32.0,19.324226140975952,18.20518398284912,0.999205299361953,552.0,20.0,19.92486023902893,18.16160225868225,0.9997231662959972,413.0,10.0,19.92471289634705,17.944528102874756,0.9999307359378158,496.0
gaussian-7-Overlap,20000.0,20.0,0.0032,3.0,50.0,54.10585522651672,18.88328266143799,1.0,1335.0,32.0,20.078225135803223,18.61190223693848,1.0,1025.0,20.0,19.443066596984863,18.420907258987427,1.0,466.0,10.0,20.39743709564209,18.29373836517334,0.9316151017911511,636.0
gaussian-7-Overlap,20000.0,20.0,0.0032,4.0,50.0,55.84095001220703,18.30527114868164,1.0,203.0,32.0,19.247111797332764,18.171180963516235,1.0,342.0,20.0,19.565622568130493,18.06782364845276,1.0,184.0,10.0,20.429133415222168,18.17045307159424,1.0,135.0
gaussian-7-Overlap,20000.0,20.0,0.0032,5.0,50.0,54.00931930541992,18.48587298393249,0.9996552545096892,168.0,32.0,19.113344430923465,18.504441738128666,0.9998617045892568,118.0,20.0,20.428285837173465,19.13060522079468,0.9999307861165048,134.0,10.0,19.73843240737915,19.00155138969421,1.0,176.0
gaussian-7-Overlap,20000.0,20.0,0.0032,6.0,50.0,55.1405520439148,18.61412453651428,0.9990754376719158,654.0,32.0,19.12380743026733,18.57723641395569,0.9995182824432562,492.0,20.0,19.578295469284058,20.44524955749512,0.9997239381027244,230.0,10.0,19.772411108016968,19.50406742095948,0.9998962285630112,230.0
gaussian-7-Overlap,20000.0,20.0,0.0032,7.0,50.0,52.61753845214844,19.124340534210205,1.0,509.0,32.0,18.973694324493408,18.85861897468567,1.0,566.0,20.0,19.27348184585572,18.296717166900635,1.0,542.0,10.0,20.207729816436768,18.15433883666992,1.0,259.0
gaussian-7-Overlap,20000.0,20.0,0.0032,8.0,50.0,54.16182255744934,19.18159508705139,0.9995850646094804,202.0,32.0,19.381613969802856,18.24019455909729,0.9998270160836076,54.0,20.0,20.5298969745636,18.103175401687626,0.999930738350704,64.0,10.0,19.99176812171936,18.056000471115112,1.0,233.0
gaussian-7-Overlap,20000.0,20.0,0.0032,9.0,50.0,53.75196146965027,18.7617461681366,1.0,86.0,32.0,19.199115991592407,18.85357928276062,1.0,86.0,20.0,19.606485605239868,18.620126962661743,1.0,82.0,10.0,19.798337936401367,18.75884199142456,1.0,96.0
gaussian-7-Overlap,20000.0,20.0,0.0032,10.0,50.0,52.68347144126892,17.73259687423706,0.999965376403727,637.0,32.0,19.005197286605835,18.602722644805908,1.0,199.0,20.0,19.14276599884033,17.859727382659912,1.0,185.0,10.0,20.16624402999878,18.747156381607056,1.0,215.0
gaussian-7-Overlap,20000.0,50.0,0.008,1.0,50.0,57.98455882072449,18.404433727264404,1.0,598.0,32.0,20.63567924499512,18.13961124420166,1.0,551.0,20.0,20.053932189941406,18.163321256637573,1.0,199.0,10.0,19.92183804512024,18.086957216262817,1.0,250.0
gaussian-7-Overlap,20000.0,50.0,0.008,2.0,50.0,57.10725522041321,19.41404819488525,1.0,800.0,32.0,20.89241981506348,19.264026165008545,1.0,768.0,20.0,20.517579317092896,18.92254209518433,1.0,282.0,10.0,21.223477602005005,18.84924840927124,1.0,589.0
gaussian-7-Overlap,20000.0,50.0,0.008,3.0,50.0,56.70752739906311,18.342267274856567,1.0,1873.0,32.0,19.82431697845459,18.26004767417908,1.0,769.0,20.0,19.74827599525452,18.2885639667511,1.0,976.0,10.0,19.69099712371826,18.0523009300232,1.0,835.0
gaussian-7-Overlap,20000.0,50.0,0.008,4.0,50.0,56.3782799243927,18.34964609146118,1.0,1602.0,32.0,19.675503492355347,18.40993881225586,1.0,1400.0,20.0,20.835591554641724,18.18237590789795,1.0,1326.0,10.0,20.98693585395813,18.18273162841797,1.0,834.0
gaussian-7-Overlap,20000.0,50.0,0.008,5.0,50.0,58.502934217453,18.02286052703857,1.0,1368.0,32.0,20.6717336177826,18.813337564468384,1.0,878.0,20.0,20.14325499534607,18.360711097717285,1.0,302.0,10.0,19.984049558639526,18.522390842437744,1.0,644.0
gaussian-7-Overlap,20000.0,50.0,0.008,6.0,50.0,56.13356590270996,18.190078020095825,1.0,939.0,32.0,20.55015206336975,18.140403985977173,1.0,900.0,20.0,19.894881010055546,17.976511001586914,1.0,816.0,10.0,19.84637689590454,17.929483890533447,1.0,612.0
gaussian-7-Overlap,20000.0,50.0,0.008,7.0,50.0,56.98052167892456,19.312375783920288,1.0,800.0,32.0,20.53068995475769,19.245830535888672,1.0,689.0,20.0,19.938105821609497,19.84895420074463,1.0,509.0,10.0,21.011834621429443,19.109115600585938,1.0,414.0
gaussian-7-Overlap,20000.0,50.0,0.008,8.0,50.0,58.54683208465576,19.55131864547729,1.0,2185.0,32.0,19.70913887023925,19.175344944000244,1.0,1583.0,20.0,19.827930688858032,19.227035999298096,1.0,1461.0,10.0,19.92498660087585,19.34993386268616,1.0,781.0
gaussian-7-Overlap,20000.0,50.0,0.008,9.0,50.0,57.73475456237793,19.701732635498047,1.0,845.0,32.0,20.54845380783081,19.66695809364319,1.0,489.0,20.0,20.065309524536133,20.43623328208924,1.0,463.0,10.0,20.05940008163452,20.460219383239743,1.0,798.0
gaussian-7-Overlap,20000.0,50.0,0.008,10.0,50.0,58.06882691383362,19.686345100402832,1.0,635.0,32.0,20.06673383712769,20.58748817443848,1.0,622.0,20.0,21.26171088218689,19.386133432388306,1.0,614.0,10.0,20.609972715377808,20.234822273254395,1.0,513.0
gaussian-7-Overlap,20000.0,100.0,0.016,1.0,50.0,63.08775472640991,19.590590476989743,1.0,3182.0,32.0,20.97273182868957,18.96659708023072,1.0,2762.0,20.0,22.129751443862915,19.376033067703247,1.0,1592.0,10.0,22.34350609779358,19.25749611854553,1.0,1534.0
gaussian-7-Overlap,20000.0,100.0,0.016,2.0,50.0,62.68522906303406,19.50093531608581,1.0,1303.0,32.0,21.17651557922364,19.33997297286988,1.0,1417.0,20.0,21.263845682144165,19.533731698989868,1.0,665.0,10.0,21.778675079345703,19.550914764404297,1.0,181.0
gaussian-7-Overlap,20000.0,100.0,0.016,3.0,50.0,59.57343006134033,19.37493371963501,1.0,2550.0,32.0,20.230239391326904,19.55468249320984,1.0,1818.0,20.0,20.99569320678711,19.374819040298465,1.0,1636.0,10.0,21.32316994667053,19.31602430343628,1.0,1314.0
gaussian-7-Overlap,20000.0,100.0,0.016,4.0,50.0,60.69334721565247,19.72744131088257,1.0,2361.0,32.0,21.061767578125,19.65561938285828,1.0,1558.0,20.0,21.14812707901001,19.41311526298523,1.0,2170.0,10.0,21.636755228042603,19.57220220565796,1.0,2586.0
gaussian-7-Overlap,20000.0,100.0,0.016,5.0,50.0,60.08552241325378,19.38977861404419,1.0,889.0,32.0,21.230727434158325,19.314488887786865,1.0,869.0,20.0,21.173866510391235,18.487794637680054,1.0,771.0,10.0,21.81493067741394,20.57266616821289,1.0,635.0
gaussian-7-Overlap,20000.0,100.0,0.016,6.0,50.0,60.91509890556336,19.51647973060608,1.0,1032.0,32.0,21.04459381103516,19.121716499328613,1.0,1146.0,20.0,21.2700777053833,20.5610032081604,1.0,1388.0,10.0,21.51240634918213,19.54593086242676,1.0,1198.0
gaussian-7-Overlap,20000.0,100.0,0.016,7.0,50.0,58.92071962356568,19.294745445251465,1.0,80.0,32.0,20.07235646247864,19.679953813552856,1.0,72.0,20.0,21.183467149734497,20.319392919540405,1.0,74.0,10.0,21.38821530342102,18.99160075187683,1.0,96.0
gaussian-7-Overlap,20000.0,100.0,0.016,8.0,50.0,60.78057527542114,19.8837149143219,1.0,295.0,32.0,21.1429922580719,19.56992053985596,1.0,355.0,20.0,20.41573405265808,19.74786067008972,1.0,391.0,10.0,21.42484140396118,19.211816787719727,1.0,364.0
gaussian-7-Overlap,20000.0,100.0,0.016,9.0,50.0,61.260464906692505,19.593374252319336,1.0,975.0,32.0,21.140567302703857,19.4085955619812,1.0,1020.0,20.0,20.382843017578125,19.34122037887573,1.0,946.0,10.0,20.6126012802124,18.73004937171936,1.0,1142.0
gaussian-7-Overlap,20000.0,100.0,0.016,10.0,50.0,60.433064699172974,19.20552945137024,1.0,1066.0,32.0,21.2600417137146,19.247146606445312,1.0,940.0,20.0,21.67721509933472,20.253108024597168,1.0,1073.0,10.0,21.793100118637085,19.01406931877136,1.0,1198.0
gaussian-7-Overlap,20000.0,200.0,0.032,1.0,50.0,63.74731230735779,19.53086829185486,1.0,1326.0,32.0,21.1925950050354,19.359623193740845,1.0,1945.0,20.0,21.3937246799469,19.39288568496704,1.0,1976.0,10.0,20.425156831741333,19.264052629470825,1.0,1215.0
gaussian-7-Overlap,20000.0,200.0,0.032,2.0,50.0,66.18885374069214,19.824756860733032,1.0,2141.0,32.0,20.351722478866577,19.43783450126648,1.0,2680.0,20.0,21.621071577072144,20.420351028442383,1.0,2709.0,10.0,21.62310481071472,18.941039085388184,1.0,2715.0
gaussian-7-Overlap,20000.0,200.0,0.032,3.0,50.0,64.92410945892334,19.69656753540039,1.0,3572.0,32.0,21.721359491348267,20.07806634902954,1.0,2960.0,20.0,21.90190696716309,19.158470392227173,1.0,2894.0,10.0,22.0989294052124,18.93609046936035,1.0,602.0
gaussian-7-Overlap,20000.0,200.0,0.032,4.0,50.0,65.92317819595337,19.375489473342896,1.0,2995.0,32.0,20.549165964126587,20.576424598693848,1.0,2681.0,20.0,21.428298950195312,20.46835780143737,1.0,3391.0,10.0,21.601036310195923,19.513309001922607,1.0,3144.0
gaussian-7-Overlap,20000.0,200.0,0.032,5.0,50.0,65.14536809921265,18.796979665756226,1.0,322.0,32.0,21.250019550323486,18.565785884857178,1.0,248.0,20.0,21.610787630081177,19.3759081363678,1.0,264.0,10.0,21.650229692459103,19.36662268638611,1.0,454.0
gaussian-7-Overlap,20000.0,200.0,0.032,6.0,50.0,64.05509066581726,19.432647943496704,1.0,620.0,32.0,21.155397653579712,20.033833026885983,1.0,666.0,20.0,21.61178612709045,18.756052494049072,1.0,1084.0,10.0,21.682737588882446,18.650725841522217,1.0,586.0
gaussian-7-Overlap,20000.0,200.0,0.032,7.0,50.0,63.98017168045044,19.679119348526,1.0,624.0,32.0,20.451761722564697,19.70504093170166,1.0,519.0,20.0,20.69122958183289,19.521873474121094,1.0,492.0,10.0,20.96308970451355,19.6856062412262,1.0,669.0
gaussian-7-Overlap,20000.0,200.0,0.032,8.0,50.0,64.6578118801117,19.3115303516388,1.0,628.0,32.0,20.486511707305908,19.339877605438232,1.0,540.0,20.0,21.63890314102173,19.55666470527649,1.0,501.0,10.0,20.84944725036621,19.23708915710449,1.0,312.0
gaussian-7-Overlap,20000.0,200.0,0.032,9.0,50.0,64.84809398651123,19.41003966331482,1.0,863.0,32.0,21.062280416488647,20.10927152633667,1.0,623.0,20.0,21.35188627243042,19.634949684143063,1.0,591.0,10.0,21.41108703613281,19.61926507949829,1.0,672.0
gaussian-7-Overlap,20000.0,200.0,0.032,10.0,50.0,67.10534858703613,19.321120262146,1.0,1108.0,32.0,21.30390191078186,20.21414589881897,1.0,1255.0,20.0,21.725467205047607,18.65954160690308,1.0,678.0,10.0,21.63626909255981,19.866603136062626,1.0,856.0
gaussian-7-Overlap,30000.0,10.0,0.0024,1.0,50.0,79.85493350028992,42.88193964958191,0.9671878956325504,48.0,32.0,29.217950105667114,43.06068634986877,0.9848778667536514,68.0,20.0,31.28706455230713,41.68662357330322,0.9934969142036956,58.0,10.0,31.692972660064697,42.11432886123657,0.995514506784198,60.0
gaussian-7-Overlap,30000.0,10.0,0.0024,2.0,50.0,79.60368323326111,40.58899974822998,0.9928660657124658,275.0,32.0,30.258971452713013,45.23966884613037,0.9960393918871157,323.0,20.0,31.718146324157715,41.63496255874634,0.9975053474781276,176.0,10.0,31.82753014564514,43.18228530883789,0.9991672087443448,238.0
gaussian-7-Overlap,30000.0,10.0,0.0024,3.0,50.0,78.24655890464783,43.45540452003479,0.9999358920601412,244.0,32.0,29.21178340911865,43.41439938545227,1.0,218.0,20.0,30.985758781433105,45.48730444908142,1.0,136.0,10.0,29.852866172790527,45.48463463783264,1.0,118.0
gaussian-7-Overlap,30000.0,10.0,0.0024,4.0,50.0,78.76992774009705,42.8121964931488,0.8027716298978318,220.0,32.0,29.49201226234436,44.72236442565918,0.8033509378452849,252.0,20.0,30.05898356437683,42.985665798187256,0.8062656828909774,311.0,10.0,31.85476016998291,44.964025020599365,0.8111528427779123,236.0
gaussian-7-Overlap,30000.0,10.0,0.0024,5.0,50.0,78.30811882019043,42.708332538604736,0.9282983454934988,655.0,32.0,29.03879141807556,44.0528678894043,0.9290499754353708,488.0,20.0,30.802281856536865,41.4277777671814,0.930259853318628,144.0,10.0,30.882001399993896,43.06801128387451,0.999262339096716,113.0
gaussian-7-Overlap,30000.0,10.0,0.0024,6.0,50.0,79.66199159622192,42.86420440673828,0.9979732465736558,40.0,32.0,29.513628244400024,42.921010971069336,0.9988027780318586,10.0,20.0,31.659780740737915,43.216089487075806,0.998859692338154,10.0,10.0,31.653975009918213,43.4092230796814,0.9987986988012988,42.0
gaussian-7-Overlap,30000.0,10.0,0.0024,7.0,50.0,78.36547517776489,43.52213716506958,0.9993050967966484,90.0,32.0,28.91862225532532,44.47540044784546,0.9996224141488422,216.0,20.0,30.64399123191833,42.51701211929321,0.999743797695048,130.0,10.0,29.401352405548096,42.65275001525879,0.9999072276413196,149.0
gaussian-7-Overlap,30000.0,10.0,0.0024,8.0,50.0,81.50660157203674,43.23818230628967,0.9729109225589818,243.0,32.0,30.82862234115601,43.32913279533386,0.984918886591612,311.0,20.0,30.538281202316284,43.47305512428284,0.9893113407193326,279.0,10.0,32.237176179885864,43.546382188797,0.9930540631225916,203.0
gaussian-7-Overlap,30000.0,10.0,0.0024,9.0,50.0,80.50886535644531,43.02389693260193,0.8351819849965018,48.0,32.0,30.29038953781128,43.13608908653259,0.8522236392993002,132.0,20.0,31.6159508228302,43.190459966659546,0.8639843741004822,126.0,10.0,31.77080249786377,43.31228613853455,0.8671425284103715,120.0
gaussian-7-Overlap,30000.0,10.0,0.0024,10.0,50.0,81.68355250358582,44.010857343673706,0.9807881770151448,78.0,32.0,29.63279438018799,42.46315598487854,0.9917254315687412,80.0,20.0,31.46276330947876,42.22609353065491,0.994094670333037,84.0,10.0,31.8835506439209,43.76346206665039,0.9956244500366044,65.0
gaussian-7-Overlap,30000.0,20.0,0.0048,1.0,50.0,85.10443663597107,42.334391355514526,1.0,250.0,32.0,31.73802638053894,42.663663148880005,1.0,436.0,20.0,31.13300657272339,43.77026152610779,1.0,564.0,10.0,33.79711675643921,45.13390135765076,1.0,272.0
gaussian-7-Overlap,30000.0,20.0,0.0048,2.0,50.0,84.32413220405579,43.28434753417969,1.0,433.0,32.0,31.544917345047,43.73003482818604,1.0,230.0,20.0,33.54853200912476,43.7213237285614,1.0,350.0,10.0,33.06011724472046,40.961344480514526,1.0,136.0
gaussian-7-Overlap,30000.0,20.0,0.0048,3.0,50.0,84.42210245132446,42.631120681762695,1.0,464.0,32.0,30.4786024093628,43.22765612602234,1.0,456.0,20.0,30.80104970932007,43.29275798797608,1.0,260.0,10.0,33.17652702331543,42.55769324302673,1.0,230.0
gaussian-7-Overlap,30000.0,20.0,0.0048,4.0,50.0,86.82213759422302,42.936715841293335,0.9997463278009668,680.0,32.0,32.21150064468384,43.136364459991455,0.9999076819437238,546.0,20.0,33.10168743133545,43.35554456710816,0.9999307451756068,520.0,10.0,33.58653736114502,43.35930895805359,0.9999769157508992,518.0
gaussian-7-Overlap,30000.0,20.0,0.0048,5.0,50.0,87.07638120651245,43.21328496932984,1.0,340.0,32.0,31.7150514125824,43.988667249679565,1.0,88.0,20.0,32.499584674835205,43.42723321914673,1.0,86.0,10.0,32.856595516204834,42.92376708984375,1.0,78.0
gaussian-7-Overlap,30000.0,20.0,0.0048,6.0,50.0,85.41387724876404,42.81196355819702,1.0,584.0,32.0,30.66531991958618,42.20448422431946,1.0,493.0,20.0,32.47125768661499,41.58819508552551,1.0,442.0,10.0,33.72239637374878,39.96309471130371,1.0,363.0
gaussian-7-Overlap,30000.0,20.0,0.0048,7.0,50.0,87.11412405967712,42.28410863876343,1.0,271.0,32.0,30.57233691215515,41.89751672744751,1.0,524.0,20.0,32.44805026054382,42.25541257858277,1.0,487.0,10.0,33.23931884765625,41.82783555984497,1.0,338.0
gaussian-7-Overlap,30000.0,20.0,0.0048,8.0,50.0,84.62759447097778,41.24304986000061,0.999907684331096,647.0,32.0,30.46898460388184,41.20693802833557,0.9999538473977976,572.0,20.0,32.117663860321045,41.13100600242615,0.9999769163478196,529.0,10.0,33.712960720062256,41.15436673164368,1.0,462.0
gaussian-7-Overlap,30000.0,20.0,0.0048,9.0,50.0,83.45031499862671,40.91329193115234,0.6619307592773278,182.0,32.0,31.78810429573059,40.77215886116028,0.9999307913054738,186.0,20.0,33.126031160354614,41.46336722373962,0.999976915732187,186.0,10.0,32.677000284194946,41.088290214538574,0.999976915732187,208.0
gaussian-7-Overlap,30000.0,20.0,0.0048,10.0,50.0,84.95448613166809,41.27885675430298,0.996074742504576,436.0,32.0,31.96775960922241,40.89436221122742,0.9976308321934256,326.0,20.0,32.29244685173035,41.74339365959168,0.9988015385075054,174.0,10.0,33.08884358406067,41.31503105163574,0.9996770293110115,306.0
gaussian-7-Overlap,30000.0,50.0,0.012,1.0,50.0,92.8554995059967,40.61180019378662,1.0,4488.0,32.0,34.80834102630615,41.25654983520508,1.0,2266.0,20.0,34.60716247558594,43.986711740493774,1.0,1733.0,10.0,34.67174792289734,42.15572261810303,1.0,1175.0
gaussian-7-Overlap,30000.0,50.0,0.012,2.0,50.0,93.70290160179138,41.71417689323425,1.0,370.0,32.0,33.2833251953125,41.51753258705139,1.0,427.0,20.0,33.74149513244629,41.86792516708374,1.0,302.0,10.0,34.10511136054993,41.66724896430969,1.0,484.0
gaussian-7-Overlap,30000.0,50.0,0.012,3.0,50.0,94.48444318771362,40.89576768875122,1.0,423.0,32.0,33.42165207862854,41.85503721237183,1.0,455.0,20.0,33.769577980041504,41.27507162094116,1.0,359.0,10.0,35.853835582733154,41.72129726409912,1.0,387.0
gaussian-7-Overlap,30000.0,50.0,0.012,4.0,50.0,92.86920809745789,41.93595218658447,1.0,890.0,32.0,34.12253284454346,41.993093967437744,1.0,606.0,20.0,33.6732234954834,41.96546483039856,1.0,457.0,10.0,35.49880075454712,41.93766450881958,1.0,377.0
gaussian-7-Overlap,30000.0,50.0,0.012,5.0,50.0,90.7016453742981,40.30299520492554,1.0,852.0,32.0,33.243515968322754,40.325807094573975,1.0,700.0,20.0,33.60401201248169,39.912272930145264,1.0,898.0,10.0,34.93127751350403,40.70150661468506,1.0,413.0
gaussian-7-Overlap,30000.0,50.0,0.012,6.0,50.0,94.19556427001952,40.16133236885071,1.0,1218.0,32.0,33.28031945228577,40.10592770576477,1.0,972.0,20.0,33.61826777458191,40.24964118003845,1.0,1020.0,10.0,35.30589985847473,40.06256723403931,1.0,820.0
gaussian-7-Overlap,30000.0,50.0,0.012,7.0,50.0,90.57818222045898,40.82962608337402,1.0,1080.0,32.0,33.09073495864868,41.6938955783844,1.0,824.0,20.0,33.253732681274414,40.56732749938965,1.0,1124.0,10.0,33.57865071296692,40.783984661102295,1.0,583.0
gaussian-7-Overlap,30000.0,50.0,0.012,8.0,50.0,93.94477891921996,43.13725924491882,1.0,696.0,32.0,33.01294445991516,41.16837501525879,1.0,427.0,20.0,33.79500889778137,40.479716062545776,1.0,422.0,10.0,33.75723910331726,40.685271978378296,1.0,596.0
gaussian-7-Overlap,30000.0,50.0,0.012,9.0,50.0,94.38568544387816,39.94158339500427,1.0,1800.0,32.0,33.69437336921692,39.80151033401489,1.0,984.0,20.0,35.10212063789368,40.3295841217041,1.0,868.0,10.0,33.97889828681946,40.67640328407288,1.0,394.0
gaussian-7-Overlap,30000.0,50.0,0.012,10.0,50.0,94.407963514328,41.28127574920654,1.0,454.0,32.0,33.09662914276123,41.19421362876892,1.0,884.0,20.0,35.22821664810181,40.55472922325134,1.0,1108.0,10.0,35.44212460517883,40.54727530479431,1.0,1384.0
gaussian-7-Overlap,30000.0,100.0,0.024,1.0,50.0,95.4059672355652,40.765419721603394,1.0,862.0,32.0,34.6113646030426,41.16836714744568,1.0,916.0,20.0,33.76979780197144,40.28275179862976,1.0,471.0,10.0,35.39167046546936,39.841126441955566,1.0,835.0
gaussian-7-Overlap,30000.0,100.0,0.024,2.0,50.0,97.7277855873108,41.547815799713135,1.0,2744.0,32.0,34.69292902946472,42.84187150001526,1.0,1727.0,20.0,33.977118730545044,42.38070034980774,1.0,1109.0,10.0,33.82527160644531,41.95022821426392,1.0,2032.0
gaussian-7-Overlap,30000.0,100.0,0.024,3.0,50.0,97.58016920089722,42.04082727432251,1.0,220.0,32.0,33.392839431762695,41.80991363525391,1.0,202.0,20.0,35.0800576210022,41.91667413711548,1.0,222.0,10.0,35.41154432296753,41.663848876953125,1.0,275.0
gaussian-7-Overlap,30000.0,100.0,0.024,4.0,50.0,104.9483392238617,42.06977868080139,1.0,551.0,32.0,34.13561010360718,42.729538679122925,1.0,535.0,20.0,34.81801223754883,43.33051323890686,1.0,508.0,10.0,34.083048582077026,41.63405132293701,1.0,872.0
gaussian-7-Overlap,30000.0,100.0,0.024,5.0,50.0,100.57865476608276,44.25121593475342,1.0,1080.0,32.0,36.04575657844544,43.990955114364624,1.0,578.0,20.0,35.182576417922974,43.82915210723877,1.0,684.0,10.0,37.51870656013489,43.771315813064575,1.0,490.0
gaussian-7-Overlap,30000.0,100.0,0.024,6.0,50.0,96.4097330570221,44.37142491340637,1.0,633.0,32.0,33.228994846343994,42.37644982337952,1.0,543.0,20.0,34.55182719230652,41.9550507068634,1.0,450.0,10.0,35.534196853637695,42.635844230651855,1.0,486.0
gaussian-7-Overlap,30000.0,100.0,0.024,7.0,50.0,94.97728562355042,41.89832067489624,1.0,2312.0,32.0,34.86280703544617,41.96564245223999,1.0,2210.0,20.0,33.8119683265686,41.96668386459351,1.0,2230.0,10.0,34.98051309585571,41.21082639694214,1.0,1493.0
gaussian-7-Overlap,30000.0,100.0,0.024,8.0,50.0,95.270254611969,42.213003158569336,1.0,3391.0,32.0,33.55602788925171,41.9265558719635,1.0,2755.0,20.0,33.89459466934204,42.000943183898926,1.0,3122.0,10.0,35.17287611961365,41.68388366699219,1.0,1106.0
gaussian-7-Overlap,30000.0,100.0,0.024,9.0,50.0,96.4017617702484,42.984534740448,1.0,793.0,32.0,33.331966161727905,43.319082498550415,1.0,1010.0,20.0,34.39205551147461,42.0934145450592,1.0,1102.0,10.0,34.21558737754822,44.76199150085449,1.0,849.0
gaussian-7-Overlap,30000.0,100.0,0.024,10.0,50.0,96.4101734161377,42.63164186477661,1.0,3076.0,32.0,34.644954681396484,41.959965467453,1.0,2602.0,20.0,33.836875438690186,42.19168138504028,1.0,2016.0,10.0,35.3652606010437,41.97735953330994,1.0,1506.0
gaussian-7-Overlap,30000.0,200.0,0.048,1.0,50.0,111.04782724380492,42.74862504005432,1.0,2100.0,32.0,35.187392234802246,41.66992807388306,1.0,2500.0,20.0,35.868677616119385,41.967792987823486,1.0,1009.0,10.0,35.7411367893219,40.7813241481781,1.0,1040.0
gaussian-7-Overlap,30000.0,200.0,0.048,2.0,50.0,107.37822127342224,40.83377003669739,1.0,2420.0,32.0,33.966859340667725,41.46964550018311,1.0,1932.0,20.0,35.50517249107361,41.08056163787842,1.0,2069.0,10.0,34.20937633514404,40.67768716812134,1.0,1433.0
gaussian-7-Overlap,30000.0,200.0,0.048,3.0,50.0,111.03100609779358,41.75633144378662,1.0,1528.0,32.0,33.95828604698181,43.8174033164978,1.0,1560.0,20.0,35.388795375823975,42.65554976463318,1.0,1486.0,10.0,36.21592330932617,42.94515681266785,1.0,620.0
gaussian-7-Overlap,30000.0,200.0,0.048,4.0,50.0,110.09226298332214,42.189444065094,0.6621339860795797,2161.0,32.0,34.21999478340149,42.03239679336548,0.6621339860795797,1950.0,20.0,34.8872709274292,42.28490710258484,0.6621339860795797,1925.0,10.0,36.32043194770813,42.06681680679321,0.6621339860795797,1530.0
gaussian-7-Overlap,30000.0,200.0,0.048,5.0,50.0,108.75429892539978,40.73020648956299,1.0,4699.0,32.0,35.020713090896606,41.06352853775024,1.0,1953.0,20.0,35.68550157546997,40.89531874656677,1.0,4117.0,10.0,35.94642663002014,40.86759567260742,1.0,1479.0
gaussian-7-Overlap,30000.0,200.0,0.048,6.0,50.0,108.5433943271637,42.27684473991394,1.0,5240.0,32.0,34.78475546836853,41.72776246070862,1.0,2726.0,20.0,35.05413460731506,41.84409141540527,1.0,2153.0,10.0,34.19964027404785,41.71570706367493,1.0,2318.0
gaussian-7-Overlap,30000.0,200.0,0.048,8.0,50.0,108.159996509552,40.52641558647156,1.0,1261.0,32.0,33.67064690589905,40.54305529594421,1.0,1868.0,20.0,33.825974225997925,40.28257036209106,1.0,537.0,10.0,35.558672189712524,40.16251182556152,1.0,828.0
gaussian-7-Overlap,30000.0,200.0,0.048,9.0,50.0,107.27288341522215,41.134477853775024,1.0,1851.0,32.0,35.09641098976135,41.11008882522583,1.0,1756.0,20.0,34.33455014228821,40.93544816970825,1.0,1560.0,10.0,35.44066500663757,40.821104764938354,1.0,1588.0
gaussian-7-Overlap,30000.0,200.0,0.048,10.0,50.0,108.517804145813,42.754520654678345,1.0,2275.0,32.0,35.465426206588745,42.968794107437134,1.0,2337.0,20.0,34.64229965209961,42.94607925415039,1.0,2928.0,10.0,35.82147741317749,43.33643293380737,1.0,1837.0
gaussian-7-Overlap,40000.0,10.0,0.0032,1.0,50.0,110.91153216362,90.29740810394289,0.997419033362652,58.0,32.0,40.97863507270813,90.60471320152284,0.99866684665171,190.0,20.0,43.59043884277344,91.97234082221983,0.9993593814203174,42.0,10.0,47.38893461227417,90.04565119743347,0.9998095706491644,251.0
gaussian-7-Overlap,40000.0,10.0,0.0032,2.0,50.0,109.61824560165404,87.80016756057739,0.9897252429950856,246.0,32.0,42.13810324668884,87.46140146255493,0.997549771101126,178.0,20.0,43.52276682853699,86.78180456161499,0.9975462177876327,336.0,10.0,45.48804998397827,88.31226134300232,0.9958592189009312,136.0
gaussian-7-Overlap,40000.0,10.0,0.0032,3.0,50.0,114.55258440971376,88.76708960533142,0.7846537739712816,140.0,32.0,42.17673587799072,89.50805425643921,0.7903126958849245,146.0,20.0,46.92471361160278,88.73972272872925,0.9994668421320316,144.0,10.0,47.40246295928955,88.43906140327454,0.999733372154543,120.0
gaussian-7-Overlap,40000.0,10.0,0.0032,4.0,50.0,112.56234121322632,90.45825219154358,0.993159183941572,80.0,32.0,43.165846824646,90.74500060081482,0.9960962710612856,76.0,20.0,45.5487642288208,90.20783495903017,0.997768951639717,14.0,10.0,45.91352844238281,89.95769381523132,0.9986072799115112,186.0
gaussian-7-Overlap,40000.0,10.0,0.0032,5.0,50.0,110.6028881072998,89.37243580818176,0.854386010498973,372.0,32.0,43.10072159767151,89.79821038246155,0.8584412624750741,291.0,20.0,45.8394935131073,101.56954383850098,0.8641883399221975,342.0,10.0,45.97633481025696,90.2193088531494,0.9298573245274367,295.0
gaussian-7-Overlap,40000.0,10.0,0.0032,6.0,50.0,108.73696279525755,88.19481801986694,0.997524783503192,276.0,32.0,42.1281042098999,90.06995463371277,0.9981790001669908,430.0,20.0,44.410000801086426,89.42187261581421,0.99741942113153,180.0,10.0,45.02810573577881,88.43040657043457,0.997381435834914,140.0
gaussian-7-Overlap,40000.0,10.0,0.0032,7.0,50.0,109.53357791900636,88.0753870010376,0.9802488515774396,66.0,32.0,42.45697474479675,88.14592099189758,0.9857563621900254,17.0,20.0,43.47727227210999,90.60279631614684,0.9906105352719246,17.0,10.0,45.18323469161987,89.17086410522461,0.9944675951698836,55.0
gaussian-7-Overlap,40000.0,10.0,0.0032,8.0,50.0,110.78291273117064,88.57939648628235,0.9881627477415844,70.0,32.0,42.8181746006012,89.55401706695557,0.9879470804195144,158.0,20.0,43.79064345359802,87.73717308044434,0.9878460141435093,142.0,10.0,45.22781133651733,88.74325180053711,0.994443777920956,58.0
gaussian-7-Overlap,40000.0,10.0,0.0032,9.0,50.0,110.7154130935669,91.82397842407228,0.9793242406211252,66.0,32.0,42.9188187122345,91.31877779960632,0.9959589287178484,72.0,20.0,43.54596900939941,90.52512383461,0.9932640105300636,50.0,10.0,45.32655048370361,87.50746083259583,0.9858932164704178,70.0
gaussian-7-Overlap,40000.0,10.0,0.0032,10.0,50.0,108.03088569641112,91.31297373771667,0.9958352433633862,350.0,32.0,42.48510241508484,90.5050938129425,0.9994041919882324,365.0,20.0,42.7472870349884,90.61933493614195,0.999295318070664,479.0,10.0,45.28304052352905,90.16460418701172,0.998620360509195,395.0
gaussian-7-Overlap,40000.0,20.0,0.0064,1.0,50.0,119.017897605896,86.47097539901733,0.9999826870900936,497.0,32.0,46.866947650909424,87.40806794166565,0.9999826870900936,743.0,20.0,47.19306135177612,86.08118653297424,0.9999826870900936,514.0,10.0,47.33888745307922,89.4639401435852,1.0,618.0
gaussian-7-Overlap,40000.0,20.0,0.0064,2.0,50.0,122.10579466819765,88.38425827026367,0.9994985688828546,438.0,32.0,47.39133262634277,88.86910772323608,0.9997577808803906,250.0,20.0,47.889872789382935,88.01563596725464,0.9998788241752063,384.0,10.0,46.92953038215637,88.33450651168823,0.9999653685297272,308.0
gaussian-7-Overlap,40000.0,20.0,0.0064,3.0,50.0,119.81683802604675,100.16327667236328,0.9999134627643786,478.0,32.0,46.741430044174194,87.84753751754761,0.9999134627643786,318.0,20.0,49.50351071357727,91.1785717010498,0.9999307562685722,396.0,10.0,46.03535842895508,91.20761466026306,0.9999826864040664,148.0
gaussian-7-Overlap,40000.0,20.0,0.0064,4.0,50.0,121.60142278671265,86.99792242050171,0.999361415867984,1427.0,32.0,45.50667691230774,87.37308883666992,0.9996025650377268,496.0,20.0,46.238417625427246,86.87616848945618,0.9998096463252036,472.0,10.0,48.78293299674988,86.18742203712463,0.9999480853013136,372.0
gaussian-7-Overlap,40000.0,20.0,0.0064,5.0,50.0,119.21361517906188,90.88094520568848,0.9992614225306627,316.0,32.0,45.52579569816589,90.19479060173036,0.9996552963672696,324.0,20.0,46.184794664382935,89.46796727180481,0.9998100033923988,308.0,10.0,48.197808027267456,89.3982002735138,0.9999480834828128,342.0
gaussian-7-Overlap,40000.0,20.0,0.0064,6.0,50.0,122.24396634101868,88.06140470504761,0.998483860082158,502.0,32.0,44.98141145706177,91.04842281341551,0.9991713126184788,634.0,20.0,47.11605000495911,87.5061264038086,0.9997232110121362,1077.0,10.0,46.1076934337616,87.74588799476624,0.9999134415904588,675.0
gaussian-7-Overlap,40000.0,20.0,0.0064,7.0,50.0,120.07227420806883,88.96110796928406,0.9990330087300612,724.0,32.0,45.35094451904297,90.46489715576172,0.9996367217698416,528.0,20.0,48.30681753158569,88.10356092453003,0.999861514624748,128.0,10.0,48.64696550369263,87.41503095626831,0.9998961253117972,220.0
gaussian-7-Overlap,40000.0,20.0,0.0064,8.0,50.0,120.08764576911926,88.49547624588013,0.994715609869632,681.0,32.0,44.77216076850891,88.50698757171631,0.996603535170745,837.0,20.0,47.399762868881226,87.58636999130249,0.998094589470264,548.0,10.0,47.36623740196228,86.96673035621643,0.9992121509151516,444.0
gaussian-7-Overlap,40000.0,20.0,0.0064,9.0,50.0,118.03570652008057,89.00010800361633,0.9268555283117073,156.0,32.0,44.75301694869995,89.44150495529175,0.9294354255955902,158.0,20.0,45.784337520599365,87.84790825843811,0.9961923506239896,178.0,10.0,48.11650371551514,87.61711072921753,0.9984994841304712,38.0
gaussian-7-Overlap,40000.0,20.0,0.0064,10.0,50.0,120.73877382278442,90.03302097320557,0.8817696586107826,639.0,32.0,45.43085432052612,88.1670253276825,0.8817696586107826,705.0,20.0,46.03749775886536,87.48112368583679,0.8817696586107826,589.0,10.0,48.662944316864014,87.57895708084106,0.8817696586107826,377.0
gaussian-7-Overlap,40000.0,50.0,0.016,1.0,50.0,130.4903645515442,88.74986720085144,1.0,193.0,32.0,49.04511308670044,88.87792706489563,1.0,152.0,20.0,49.11388397216797,88.46019721031189,1.0,221.0,10.0,51.09671759605408,87.8218584060669,1.0,140.0
gaussian-7-Overlap,40000.0,50.0,0.016,2.0,50.0,131.91028332710266,88.5362503528595,1.0,1531.0,32.0,47.1334114074707,90.61389350891112,1.0,543.0,20.0,50.954726219177246,90.4813141822815,1.0,448.0,10.0,51.708836793899536,88.63408255577087,1.0,923.0
gaussian-7-Overlap,40000.0,50.0,0.016,3.0,50.0,130.07438135147095,87.66061401367188,1.0,1034.0,32.0,48.60683703422546,89.98874163627625,1.0,1188.0,20.0,49.8161609172821,92.15840482711792,1.0,370.0,10.0,51.38121557235718,87.75311493873596,1.0,270.0
gaussian-7-Overlap,40000.0,50.0,0.016,4.0,50.0,130.01504468917847,88.24269700050354,1.0,728.0,32.0,48.49460983276367,88.51346325874329,1.0,650.0,20.0,49.26843523979187,87.80807113647461,1.0,637.0,10.0,49.17318344116211,87.66843843460083,1.0,1089.0
gaussian-7-Overlap,40000.0,50.0,0.016,5.0,50.0,136.09360599517822,88.72242140769958,1.0,2276.0,32.0,48.67087030410767,89.41598129272461,1.0,2314.0,20.0,49.40999221801758,89.30057048797607,1.0,722.0,10.0,50.938393115997314,87.53779125213623,1.0,430.0
gaussian-7-Overlap,40000.0,50.0,0.016,6.0,50.0,134.25081133842468,86.65433931350708,1.0,892.0,32.0,49.0056688785553,87.26665019989014,1.0,966.0,20.0,49.60239815711975,87.13879299163818,1.0,1042.0,10.0,52.49154472351074,86.96402883529663,1.0,864.0
gaussian-7-Overlap,40000.0,50.0,0.016,7.0,50.0,130.5806586742401,91.37042593955994,1.0,2407.0,32.0,48.684717416763306,90.75326490402222,1.0,1303.0,20.0,50.11540341377258,88.79304599761963,1.0,1083.0,10.0,50.0637674331665,88.45364046096802,1.0,594.0
gaussian-7-Overlap,40000.0,50.0,0.016,8.0,50.0,133.19827437400818,89.50383591651917,1.0,1738.0,32.0,47.0856556892395,88.88727450370789,1.0,1556.0,20.0,49.5759654045105,88.92303109169006,1.0,1660.0,10.0,49.80325269699097,87.23467540740967,1.0,746.0
gaussian-7-Overlap,40000.0,50.0,0.016,9.0,50.0,131.9673912525177,88.305419921875,1.0,2146.0,32.0,47.104711055755615,89.541494846344,1.0,1163.0,20.0,49.90791440010071,90.11970043182372,1.0,1535.0,10.0,50.157695293426514,88.9186909198761,1.0,888.0
gaussian-7-Overlap,40000.0,50.0,0.016,10.0,50.0,135.43401789665222,88.7977385520935,1.0,1604.0,32.0,47.06321930885315,90.11450457572936,1.0,1098.0,20.0,50.911213874816895,88.97496461868286,1.0,1062.0,10.0,50.310036420822144,89.3860182762146,1.0,918.0
gaussian-7-Overlap,40000.0,100.0,0.032,1.0,50.0,138.7895622253418,90.7492003440857,1.0,1747.0,32.0,47.4978187084198,89.43647646903992,1.0,1226.0,20.0,51.41214561462402,93.36635565757751,1.0,2125.0,10.0,52.49678707122803,89.668785572052,1.0,1904.0
gaussian-7-Overlap,40000.0,100.0,0.032,2.0,50.0,141.08088183403015,90.8725917339325,1.0,1947.0,32.0,49.44493842124939,89.6992928981781,1.0,3563.0,20.0,50.144338607788086,89.89830350875854,1.0,1945.0,10.0,50.0466628074646,93.76513695716858,1.0,1929.0
gaussian-7-Overlap,40000.0,100.0,0.032,3.0,50.0,142.24223947525024,89.91054439544678,1.0,1028.0,32.0,51.174622535705566,90.47267603874208,1.0,1132.0,20.0,48.04547166824341,89.78791952133179,1.0,1568.0,10.0,52.73047399520874,89.07370114326477,1.0,538.0
gaussian-7-Overlap,40000.0,100.0,0.032,4.0,50.0,140.6181709766388,92.42015647888184,1.0,1863.0,32.0,49.54153895378113,90.54936146736144,1.0,1219.0,20.0,50.00220251083374,93.2571005821228,1.0,1531.0,10.0,49.98657536506653,88.69943642616272,1.0,615.0
gaussian-7-Overlap,40000.0,100.0,0.032,5.0,50.0,140.3612048625946,93.0481469631195,1.0,3769.0,32.0,49.47715473175049,89.42934894561768,1.0,2368.0,20.0,49.764365434646606,90.75056219100952,1.0,3091.0,10.0,51.83210301399231,89.77577662467957,1.0,2301.0
gaussian-7-Overlap,40000.0,100.0,0.032,6.0,50.0,140.8374047279358,89.04121398925781,1.0,1416.0,32.0,49.35696721076965,91.05618262290956,1.0,1260.0,20.0,49.96925520896912,88.9662094116211,1.0,1200.0,10.0,52.59856796264648,91.99033164978027,1.0,1389.0
gaussian-7-Overlap,40000.0,100.0,0.032,7.0,50.0,137.31550526618958,87.6045298576355,1.0,910.0,32.0,49.1177351474762,89.36162900924683,1.0,601.0,20.0,51.32281994819641,91.06723427772522,1.0,949.0,10.0,51.49703049659729,89.2785792350769,1.0,1381.0
gaussian-7-Overlap,40000.0,100.0,0.032,8.0,50.0,141.45238041877747,88.83252024650574,1.0,1996.0,32.0,49.411128282547,91.02547097206116,1.0,2202.0,20.0,50.095848083496094,89.2315149307251,1.0,1646.0,10.0,50.75811004638672,89.97824311256409,1.0,588.0
gaussian-7-Overlap,40000.0,100.0,0.032,9.0,50.0,140.02925968170166,91.83127951622008,1.0,678.0,32.0,49.43530488014221,93.30063271522522,1.0,892.0,20.0,49.68876123428345,89.92028331756592,1.0,865.0,10.0,49.94551396369934,89.0999071598053,1.0,1016.0
gaussian-7-Overlap,40000.0,100.0,0.032,10.0,50.0,139.2453064918518,91.75181746482848,1.0,1506.0,32.0,49.45210099220276,95.57462525367735,1.0,395.0,20.0,49.97569179534912,91.72341179847716,1.0,419.0,10.0,49.958101749420166,91.28680443763731,1.0,875.0
gaussian-7-Overlap,40000.0,200.0,0.064,1.0,50.0,163.58135747909546,90.73913288116456,1.0,3357.0,32.0,49.40330338478088,90.212340593338,1.0,2793.0,20.0,49.8497793674469,89.98926186561584,1.0,2810.0,10.0,50.03427529335022,88.34011745452881,1.0,1896.0
gaussian-7-Overlap,40000.0,200.0,0.064,2.0,50.0,163.53825521469116,90.29534983634947,1.0,2657.0,32.0,50.0805733203888,91.64738941192628,1.0,1554.0,20.0,50.26137471199036,92.85629177093506,1.0,1394.0,10.0,50.21023488044739,91.68781185150146,1.0,842.0
gaussian-7-Overlap,40000.0,200.0,0.064,3.0,50.0,168.5623836517334,94.66885375976562,1.0,2239.0,32.0,50.24845767021179,91.41600680351256,1.0,1033.0,20.0,50.45136451721192,91.52023267745972,1.0,1349.0,10.0,50.99115514755249,91.13856959342957,1.0,1366.0
gaussian-7-Overlap,40000.0,200.0,0.064,4.0,50.0,169.90422534942627,90.98452925682068,1.0,1675.0,32.0,51.90285277366638,93.26380968093872,1.0,1274.0,20.0,52.547380447387695,90.60260701179504,1.0,394.0,10.0,52.132049322128296,90.00563716888428,1.0,478.0
gaussian-7-Overlap,40000.0,200.0,0.064,5.0,50.0,165.96630883216858,89.84367156028748,1.0,1832.0,32.0,51.41921019554138,90.9328362941742,1.0,1040.0,20.0,51.659006118774414,89.11960649490356,1.0,1068.0,10.0,50.2563214302063,90.17317867279051,1.0,1126.0
gaussian-7-Overlap,40000.0,200.0,0.064,6.0,50.0,165.54724884033203,88.87898325920105,1.0,3377.0,32.0,49.86763834953308,90.3326518535614,1.0,3332.0,20.0,52.540151596069336,89.09956669807434,1.0,3478.0,10.0,52.56004881858826,89.94377493858337,1.0,2119.0
gaussian-7-Overlap,40000.0,200.0,0.064,7.0,50.0,168.08506679534912,92.12770247459412,1.0,2780.0,32.0,50.00244069099426,92.2895667552948,1.0,2735.0,20.0,50.26525068283081,91.96241092681883,1.0,1356.0,10.0,52.24645304679871,91.84840440750122,1.0,1532.0
gaussian-7-Overlap,40000.0,200.0,0.064,8.0,50.0,163.03445744514465,89.16365623474121,1.0,1604.0,32.0,49.15295433998108,90.08728742599487,1.0,1798.0,20.0,49.11644649505615,89.61480975151062,1.0,1838.0,10.0,51.101672410964966,90.48800706863403,1.0,2398.0
gaussian-7-Overlap,40000.0,200.0,0.064,9.0,50.0,167.3063621520996,92.0469241142273,1.0,689.0,32.0,51.24787259101868,92.36371421813963,1.0,626.0,20.0,51.7710657119751,92.4373779296875,1.0,725.0,10.0,52.86243200302124,89.38922691345215,1.0,689.0
gaussian-7-Overlap,40000.0,200.0,0.064,10,50.0,162.71007418632507,89.17458367347717,1.0,3431.0,32.0,49.569891929626465,90.1132459640503,1.0,3300.0,20.0,49.799360513687134,88.2757203578949,1.0,3422.0,10.0,49.780423164367676,93.32785701751709,1.0,2992.0
